age,annual_income,employment_years,debt,number_of_open_accounts,payment_history_score,late_payments,credit_utilization,loan_amount,previous_defaults,savings,creditworthy
25,46436.52,8.06,9865.77,7,77.32,1,0.5958,14506.31,0,2178.67,0
58,44754.7,13.24,20423.74,9,71.0,0,0.31,12821.87,0,6173.36,1
53,77739.84,12.67,21566.17,8,74.96,1,0.3224,11932.11,0,7126.33,1
42,79513.76,7.04,6507.88,11,,0,0.6236,13340.32,0,55641.3,1
42,43230.4,0.0,8954.59,1,78.83,0,0.1795,21810.5,1,14976.71,1
63,45874.53,1.47,9404.48,5,77.07,0,0.6062,19164.55,0,12593.78,0
25,70164.47,10.82,15576.67,9,100.0,0,0.0586,43337.82,1,15698.4,1
55,37898.83,0.0,88069.66,2,89.13,0,0.1025,20673.32,1,10635.01,0
30,45722.61,5.37,8531.99,6,80.25,1,0.276,31618.43,1,78901.73,0
25,57262.73,8.69,8238.39,5,81.21,1,0.053,7127.07,1,76122.78,0
46,86099.67,14.35,7270.75,10,100.0,3,0.1763,20018.18,0,36103.77,0
68,41899.08,4.12,29928.39,12,56.47,0,0.4533,13869.36,1,32618.17,0
57,24004.95,3.78,17414.42,2,69.08,0,0.2027,29877.21,0,8318.39,0
58,23216.53,6.74,8788.03,3,41.49,0,0.524,21504.14,0,20087.59,0
56,31205.59,8.75,13465.56,10,80.94,5,0.3313,54214.12,0,2171.18,0
59,30459.8,6.23,9555.95,3,85.57,2,0.3663,9375.28,0,8948.89,0
46,51303.47,12.25,22807.39,6,56.07,3,0.1987,10940.37,1,3255.77,1
27,32211.94,3.0,150000.0,12,94.96,2,0.4621,22856.32,0,20674.68,0
62,40088.66,7.6,27968.06,12,60.5,1,0.3555,16436.98,0,12028.02,0
43,38822.29,9.23,16709.56,12,66.52,2,0.4217,9298.8,0,26286.99,1
45,45110.03,5.0,10573.93,2,73.91,0,0.105,23374.77,0,23759.2,1
39,99729.36,11.2,6145.08,2,97.51,0,0.3702,12726.46,1,36266.0,1
29,74084.74,7.74,32372.96,3,58.27,0,0.1733,24673.99,1,6615.05,0
66,55400.66,10.94,30995.91,10,76.66,2,0.5093,5476.4,1,2614.58,0
59,44695.43,7.97,12397.45,3,84.4,0,0.4075,14658.12,1,75675.96,1
52,45257.96,8.88,47514.69,6,81.1,0,0.3917,20089.86,0,8081.32,1
40,63740.43,3.84,18306.52,10,81.69,2,0.2505,20264.87,1,12654.94,0
61,71536.6,3.85,33454.3,6,84.18,0,0.5259,29361.74,0,34592.06,1
47,36558.19,13.12,22812.97,12,63.12,0,0.371,15168.84,1,10130.47,0
42,55910.35,10.18,15621.73,6,99.0,0,0.6818,24623.99,0,4710.11,1
43,22045.41,1.89,8385.16,5,70.22,0,0.6439,17145.74,0,88589.95,0
32,60497.64,7.9,16021.67,12,68.1,1,0.4233,30074.48,2,8047.47,0
25,77501.74,0.0,35304.57,7,93.56,1,0.3717,6134.65,0,69616.2,0
48,48487.32,4.13,11987.49,3,61.91,1,0.5222,2907.67,0,18417.71,1
64,124557.86,11.81,25589.06,8,77.12,1,0.2596,43290.64,1,32766.35,0
24,36994.75,6.37,7569.92,10,60.43,1,0.1312,12090.17,0,32202.51,1
63,60653.74,7.59,33596.38,11,100.0,0,0.6187,5463.07,1,9155.85,0
61,54120.45,0.0,23120.62,1,100.0,0,0.4102,16084.16,0,22785.61,0
34,52572.82,5.04,6880.44,2,70.24,2,0.2372,12520.42,1,78476.93,1
51,52242.08,8.69,15046.72,8,80.32,0,0.3698,23306.29,0,43618.85,1
29,57715.77,9.33,37921.74,9,72.08,1,0.3743,25404.94,1,37660.6,1
58,80552.94,11.81,6574.15,8,66.42,0,0.3225,13438.97,1,24725.96,1
55,102239.13,5.95,7641.63,5,73.91,1,0.5816,34489.37,0,12172.05,1
38,54944.33,6.17,17026.56,10,71.35,1,0.2796,7711.58,0,6169.8,1
24,79378.33,0.34,99189.91,7,47.67,2,0.5021,3472.98,0,56006.65,0
68,40106.49,5.98,10509.81,12,76.21,0,0.0441,19959.42,0,7993.4,0
42,77634.59,0.69,26751.51,5,71.32,1,0.1431,15026.32,0,8600.92,1
64,39034.15,0.0,22164.24,10,77.0,1,0.6709,4778.85,1,13558.78,1
54,89848.97,1.57,11231.88,2,70.76,1,0.6151,27574.69,1,3572.38,1
59,148728.36,14.54,20476.51,9,66.23,0,0.1734,5482.28,0,9546.88,1
58,52059.92,5.65,12579.95,9,86.0,1,0.245,16637.26,0,6767.82,1
30,20505.41,8.1,13519.43,4,80.53,0,0.2019,30791.24,0,3665.1,0
38,42978.52,4.43,4765.27,1,94.34,1,0.4173,21544.76,0,4311.7,1
43,95743.91,0.0,17651.54,12,79.92,0,0.2366,20711.64,1,12933.9,1
45,70542.67,11.68,36952.99,1,68.84,2,0.162,12915.51,0,33281.92,0
23,61518.89,0.0,18846.22,6,81.87,5,0.3408,20253.33,0,12196.56,0
47,86594.3,4.23,43067.9,1,40.31,1,0.2146,25696.45,0,4943.45,1
28,68397.57,6.73,28635.11,6,100.0,2,0.2453,11463.38,0,7312.4,1
57,95136.2,8.15,17162.7,10,76.39,2,0.3701,8156.21,1,18001.64,0
54,83185.57,3.37,10892.03,7,100.0,2,0.1778,31255.06,0,37135.98,1
66,109081.84,0.0,12199.08,3,58.09,1,0.4362,65796.44,0,31365.93,1
57,64637.29,2.99,5550.92,5,54.12,0,0.5632,51247.92,0,16432.4,0
38,82657.03,3.26,14537.17,2,77.85,5,0.2571,2863.05,1,51777.57,0
68,47900.5,3.13,20230.08,8,77.8,2,0.1362,43221.8,0,8220.02,0
41,41958.28,11.85,71002.04,1,77.41,4,0.4753,11546.18,0,4595.59,0
36,118555.19,0.93,27468.17,5,74.97,3,0.3381,63486.95,0,10236.81,0
65,60620.03,8.5,9011.38,1,61.95,4,0.5201,8700.6,0,41203.65,1
39,79006.45,7.79,5690.95,3,48.23,0,0.8333,8170.9,0,24862.08,0
24,58149.44,11.8,15258.4,1,76.53,0,0.1909,17380.18,0,35344.69,0
44,42241.42,6.33,34459.45,12,51.48,1,0.6667,13587.95,0,12233.31,0
59,55272.5,10.96,15087.68,10,49.97,0,0.212,14068.55,1,15116.65,0
30,104954.87,6.14,27770.08,12,65.91,1,0.3636,34832.59,0,10972.76,1
43,70611.37,9.17,15571.95,9,78.89,2,0.2442,42776.43,0,6127.8,0
27,25461.57,0.0,31943.61,6,100.0,1,0.3494,9296.72,0,13748.87,0
54,49922.57,0.0,5015.66,3,87.67,3,0.6588,56746.56,0,10908.16,1
44,122653.76,8.89,64956.48,12,94.93,2,0.4215,7605.96,0,8634.91,1
37,49955.1,9.16,7391.9,12,82.46,0,0.2605,11790.4,0,23015.18,0
32,24461.92,9.38,33965.92,5,77.87,2,0.2344,100000.0,0,14982.63,0
48,128921.69,4.38,14477.92,3,100.0,0,0.3902,23316.34,0,45052.43,1
53,74769.48,14.45,16407.02,5,50.83,1,0.1491,11363.88,1,6122.18,1
67,53294.19,4.7,14842.43,5,65.39,2,0.0928,21652.54,0,9260.18,1
42,46534.56,9.1,22084.05,12,66.64,1,0.0671,29496.47,0,2713.63,0
28,89513.69,9.97,25955.7,1,86.3,2,0.5077,22794.53,1,5469.72,1
61,43096.45,15.59,41974.44,8,56.34,0,0.6782,44109.45,1,23517.79,1
51,92208.16,5.41,55519.31,10,84.21,2,0.0643,9822.95,0,27766.92,1
55,70198.09,3.73,23472.49,10,81.27,1,0.2533,11389.56,0,24911.75,1
25,61401.86,0.0,70902.89,3,85.01,1,0.2231,9652.71,0,42948.59,0
36,58722.02,14.76,19389.85,5,84.72,4,0.5554,10063.41,0,21797.77,1
58,50835.63,9.11,42620.02,5,96.61,3,0.3945,18542.65,0,14168.13,0
61,88047.04,9.27,25364.42,5,71.21,0,0.3897,8548.48,0,24455.09,0
42,37260.32,22.58,11600.03,2,80.48,1,0.5443,22061.3,0,6778.39,0
60,26508.54,8.63,20808.45,1,60.22,1,0.6932,28030.6,0,3063.22,0
62,72517.74,0.49,26921.07,1,56.56,3,0.1839,7648.74,1,9442.54,0
39,73067.99,6.02,17542.27,12,100.0,1,0.3161,11580.79,2,10509.6,0
65,68268.04,2.13,25044.57,6,59.01,0,0.2294,12591.87,0,14884.08,0
35,66076.35,5.02,35969.17,3,82.26,1,0.4972,15438.4,0,6567.64,0
32,47612.25,4.99,17666.55,10,80.5,0,0.3332,16040.75,1,7841.08,0
54,78390.32,4.06,1707.9,6,90.8,3,0.0875,33923.56,0,27408.97,0
52,53883.92,0.03,68922.86,5,45.47,2,0.3381,35736.52,0,4505.97,0
27,44173.81,14.96,14186.61,2,86.26,2,0.1599,10221.31,0,12374.65,1
61,47797.92,8.49,9316.13,5,71.07,0,0.6441,29211.18,0,7740.59,0
30,136540.47,5.87,7323.46,8,62.4,4,0.2004,47125.87,1,2959.89,0
60,25193.7,10.79,13752.42,8,67.99,0,0.485,41973.9,3,9382.16,0
21,68871.18,9.36,11475.03,5,88.59,1,0.3415,20775.64,0,6042.12,1
60,25835.09,8.38,9981.81,8,83.7,0,0.5562,17328.15,0,9286.83,0
59,52385.41,10.42,10429.84,10,69.95,1,0.404,6738.51,0,14569.01,0
59,45249.92,7.67,27499.45,12,53.77,0,0.3671,13479.94,0,1914.34,1
53,21521.89,10.35,91346.73,7,,1,0.5019,6325.53,0,34316.86,1
44,65522.93,10.77,34703.1,3,84.05,1,0.2497,39983.01,0,200000.0,0
55,46354.39,7.81,44187.87,2,51.56,2,0.1663,14965.49,0,5798.95,0
34,21385.01,5.9,13309.04,2,70.11,0,0.2067,16943.31,0,7979.21,0
59,80249.36,14.65,19572.08,1,100.0,1,0.1072,11683.24,0,6475.59,0
48,104908.23,4.61,25319.07,7,79.35,0,0.2978,6707.1,0,5116.14,1
43,107542.82,8.96,10619.86,3,83.88,1,0.4318,29640.62,1,81439.68,1
45,64641.95,9.07,12804.39,3,55.02,4,0.6035,25579.3,0,10241.93,0
48,56151.83,3.95,35659.42,9,52.36,0,0.6356,34601.06,1,25333.01,0
22,99983.35,2.96,43060.49,4,84.73,3,0.4209,5279.41,0,39081.82,0
27,117261.42,5.23,18997.36,10,67.48,1,0.2902,45309.43,1,34738.21,0
33,91600.72,4.54,6918.83,2,90.78,0,0.5696,16484.81,1,37175.57,1
26,36004.4,0.0,14209.32,5,74.29,0,0.1314,31016.42,0,4145.46,0
42,60216.02,3.74,5682.02,1,100.0,2,0.2414,2844.74,0,30821.68,1
53,67028.34,8.33,19116.15,7,64.44,1,0.1852,23987.14,1,9571.15,0
53,24361.54,13.33,22080.49,2,78.23,0,0.2602,17097.18,1,59475.46,0
44,67934.6,9.77,14495.0,3,59.29,0,0.4982,15423.7,1,6122.15,1
62,152960.47,0.0,21839.95,9,90.11,0,0.162,16803.29,0,4622.68,1
48,73354.54,10.21,25125.74,11,80.65,1,0.1808,11859.13,0,12914.82,0
24,106737.13,4.21,22106.27,7,58.22,3,0.0914,6697.77,0,23013.3,0
58,59718.68,9.27,6883.64,12,68.52,1,0.3385,7428.53,0,2567.79,1
49,53217.37,6.93,14698.72,10,95.55,0,0.247,18341.12,0,8918.9,1
52,65294.34,6.04,24984.26,10,93.63,1,0.4488,45076.33,0,4786.92,1
48,38099.88,6.49,63646.3,12,50.97,2,0.1869,39062.86,3,29490.93,1
48,35645.91,6.89,14480.91,2,66.14,1,0.7008,21149.19,0,7717.66,1
25,97238.84,13.72,27967.52,3,100.0,2,0.4517,12784.98,1,35382.42,0
48,101991.27,6.9,36339.06,6,70.93,1,0.7319,76287.94,0,6737.72,1
59,35210.18,12.43,15380.03,8,76.53,1,0.6286,28991.42,0,16876.57,0
35,85023.92,11.7,45109.73,12,90.03,1,0.1638,27292.77,0,3704.6,0
50,52889.31,10.34,47092.36,2,52.29,1,0.5591,7082.63,0,11635.79,0
22,64087.35,0.0,54308.43,3,58.56,2,0.13,21525.66,0,4788.73,1
38,67655.7,12.58,25974.56,4,68.42,0,0.2672,7567.66,0,50778.84,0
42,86038.16,4.71,118923.63,9,92.87,3,0.2105,77286.99,0,33733.05,0
69,57085.86,10.58,11002.75,12,89.92,3,0.4266,9990.96,0,15592.81,0
31,103741.9,2.14,98458.37,12,85.12,0,0.4762,11770.83,2,32250.86,0
34,63216.73,1.07,33281.82,9,71.37,4,0.1608,11425.88,0,8182.58,1
41,72836.42,16.88,52598.19,10,91.67,4,0.1665,13891.21,2,22252.08,1
69,37802.11,2.22,13934.13,5,71.16,0,0.5197,28779.3,2,11946.53,1
62,145289.71,12.73,35373.1,8,82.85,2,0.4678,18038.22,0,20407.38,1
22,67948.79,7.59,56370.79,3,88.19,2,0.715,18541.37,0,14338.38,1
32,75806.35,4.9,7541.98,7,100.0,5,0.2442,29777.36,1,12203.8,0
61,26672.94,6.78,15795.27,4,72.7,2,0.29,6222.76,0,2517.33,1
23,37982.19,0.49,3245.83,12,67.8,1,0.2621,30388.75,0,7179.2,0
62,96003.13,6.93,15606.78,5,94.32,0,0.1573,19779.15,0,65731.45,1
34,62579.28,1.59,9370.49,5,95.55,2,0.298,11005.83,0,11573.96,1
65,23245.98,5.02,15122.11,5,64.91,0,0.2427,19739.26,0,6758.12,1
35,87756.3,11.63,150000.0,11,55.92,2,0.183,19485.81,1,13430.32,1
42,43061.57,8.27,71137.5,12,93.1,2,0.3942,2868.11,1,3265.23,0
53,103795.83,0.0,5690.59,6,47.33,2,0.1173,47121.76,0,8405.69,1
27,52868.47,11.26,28077.33,12,46.52,0,0.2685,41950.56,0,15232.68,1
48,60307.18,6.96,34107.48,10,69.31,0,0.4046,7214.69,1,20084.75,1
45,93490.77,4.29,13736.47,11,73.64,5,0.8095,10604.79,1,17594.25,0
59,36725.13,10.73,20759.79,11,55.04,0,0.2492,46427.96,0,50305.84,1
69,35182.62,6.16,22447.01,4,75.55,2,0.0908,28659.95,0,7029.2,1
53,50345.48,1.17,6129.31,7,76.26,1,0.4959,23630.78,0,3332.27,1
41,79802.99,16.24,7887.73,4,64.31,1,0.2285,24421.97,0,9322.22,0
40,30218.02,6.91,20660.2,4,100.0,2,0.5147,23386.48,1,7745.24,1
41,25964.17,6.59,19489.85,6,78.88,1,0.6278,8542.0,0,15220.44,1
60,79679.12,4.97,10211.57,1,90.06,1,0.1407,12123.24,0,9926.46,1
36,41929.64,12.9,9534.06,3,48.7,2,0.277,36181.29,1,14638.78,0
29,46100.85,4.38,16752.51,10,48.56,1,0.6571,28495.63,0,14113.38,1
37,23849.63,0.0,36572.35,2,79.36,2,0.2469,21958.89,1,28529.43,0
22,40519.87,3.61,16931.62,8,100.0,1,0.4037,11436.52,2,12701.08,0
26,54813.03,13.63,65927.55,10,55.84,1,0.3714,35975.2,1,15455.53,1
25,83596.63,11.16,10316.2,4,74.29,0,0.0025,9149.83,2,63864.39,1
58,38872.21,5.72,21007.08,6,52.24,2,0.4413,50752.55,0,2943.84,0
56,115949.23,13.87,13557.44,11,60.5,2,0.3818,10833.25,0,15143.95,0
55,40418.31,10.74,28810.52,11,75.09,2,0.4685,9779.53,0,11574.82,0
43,40444.95,5.67,9632.1,12,64.12,1,0.2815,18384.4,0,13407.59,0
56,109853.11,6.17,84123.84,8,51.11,0,0.3419,20888.64,1,21644.04,1
28,60490.74,8.65,4654.72,11,50.75,2,0.7132,19265.37,0,6061.95,0
65,42902.15,2.84,71005.4,5,41.82,1,0.044,7130.71,0,7682.43,0
45,51291.41,7.02,19343.62,8,79.63,3,0.6304,24178.28,1,24856.12,0
66,101110.73,8.54,28002.99,9,81.56,0,0.2073,35727.4,1,11157.96,1
28,106391.37,0.0,52352.08,12,81.48,2,0.2367,17006.79,0,5411.48,0
45,38083.31,6.05,35748.24,5,57.45,1,0.3482,6098.62,2,26050.55,1
55,53959.73,5.48,10037.72,11,88.1,0,0.5663,15525.08,0,22681.76,1
45,57277.26,12.14,29091.42,7,83.31,2,0.2857,8144.66,0,14771.8,1
42,35287.37,0.0,80186.16,2,72.12,4,0.085,4656.13,0,18515.69,0
29,53638.92,5.09,8851.07,8,69.49,1,0.659,12263.45,1,21243.47,1
39,55131.9,4.59,,12,61.61,1,0.4657,56107.2,1,11761.89,0
32,91874.86,11.8,24506.39,6,75.07,0,0.4174,16989.44,0,16848.63,0
35,94696.25,6.78,12727.81,7,97.88,2,0.1974,14868.38,0,4360.69,1
54,47426.87,15.98,8808.7,12,90.21,1,0.1004,29588.4,0,10579.46,0
51,49951.59,10.31,15055.48,12,67.9,0,0.5676,27609.1,0,30357.76,1
50,74162.95,4.95,3766.51,5,80.62,0,0.1367,6451.42,0,92099.61,1
38,42266.65,8.2,12912.25,10,54.38,3,0.4728,66601.26,0,14236.13,1
68,71680.68,5.23,14585.53,8,83.68,1,0.341,20672.73,1,5648.27,1
25,52866.79,11.3,7620.49,8,58.71,0,0.33,33955.34,0,9260.14,1
37,35555.82,0.34,32741.65,9,83.04,1,0.2311,11868.07,0,3450.42,1
26,35757.38,2.88,15110.03,4,100.0,1,0.4171,4580.16,2,23311.55,1
37,105478.76,9.28,10823.68,4,62.88,1,0.2446,16585.95,1,13278.75,1
68,51261.68,13.13,13875.22,1,100.0,3,0.3198,8320.8,2,5391.44,0
38,115064.46,0.0,23913.85,11,79.85,1,0.3434,40860.65,0,10728.32,1
65,43649.72,13.87,19085.88,4,60.01,0,0.5799,6675.7,1,24045.5,1
45,62700.88,6.3,10273.75,9,59.27,1,0.4597,18337.82,0,13337.35,1
55,161424.53,0.0,19903.48,9,100.0,0,0.1012,27383.71,0,6858.76,1
43,34175.5,0.0,17284.86,9,79.89,1,0.6132,24239.47,0,31997.14,1
34,23413.59,0.0,7234.06,11,62.94,1,0.4857,12675.87,0,17359.06,1
58,98130.55,6.9,14290.11,11,68.74,2,0.7114,5177.45,0,6400.97,1
68,37912.05,6.67,28612.46,1,78.89,1,0.1766,6268.08,0,13038.67,1
33,54489.9,10.17,28448.13,11,71.86,1,0.0986,10594.19,0,1900.32,1
59,42252.77,4.25,14975.27,3,77.53,0,0.2332,6707.84,1,16103.89,1
33,62054.09,1.46,30931.96,8,100.0,1,0.4144,17073.92,1,157690.01,1
56,35858.9,4.93,8218.66,9,53.95,1,0.103,10555.06,1,34027.02,1
59,50722.02,7.17,8424.81,1,82.31,0,0.1988,7282.08,0,10919.98,0
43,67339.71,8.15,14722.37,4,70.83,0,0.4107,6649.22,0,15892.53,1
57,34938.67,3.05,59645.86,11,64.02,3,0.0288,5906.25,1,20727.73,0
34,40136.87,11.51,20511.24,2,89.15,2,0.2884,17302.92,0,21973.73,0
24,47040.59,3.89,14441.11,3,48.62,1,0.431,10768.75,0,11426.59,1
25,28915.17,2.65,61910.03,1,34.14,0,0.3574,18327.23,0,1783.75,0
42,45475.82,4.29,14308.03,3,75.59,1,0.2013,17050.98,0,9256.65,0
65,58020.22,12.37,107571.78,8,69.79,1,0.4338,15612.22,0,7400.23,0
27,45949.19,6.34,11957.34,11,50.35,3,0.0538,28317.38,0,11580.64,0
43,48677.35,3.53,8012.39,8,44.63,0,0.7226,6417.64,0,6449.48,0
55,54509.63,11.63,15756.96,4,100.0,1,0.1952,28424.56,0,21860.35,1
30,40945.77,17.71,14747.95,11,79.41,0,0.0844,23692.59,2,78528.39,0
56,75061.77,8.05,9432.83,5,72.31,0,0.4127,15672.82,0,30455.13,0
35,,13.17,144308.16,4,,1,0.6297,10224.51,1,11891.65,0
60,44628.02,12.18,23226.02,7,88.35,2,0.5099,18504.96,0,49449.02,1
49,68420.49,3.97,26095.72,2,100.0,5,0.2587,24640.58,0,29569.49,0
47,49378.02,7.13,,5,53.12,0,0.7175,6755.2,2,24378.31,0
29,64832.21,0.59,11338.87,10,52.52,3,0.2979,27584.58,0,7551.35,0
43,111267.14,5.98,40887.26,8,81.87,1,0.7031,60797.35,0,11092.67,1
62,69146.68,3.87,4710.05,12,78.63,2,0.224,17199.61,0,21392.79,1
21,24761.66,4.99,7214.41,10,91.99,1,0.7365,44819.24,1,88027.95,1
58,67466.5,3.25,14768.92,5,45.91,1,0.4324,25099.28,0,46084.62,1
45,95786.51,5.56,53048.66,10,83.26,1,0.8206,21645.86,2,21535.91,1
56,49780.08,9.66,13339.88,11,87.83,0,0.3081,11021.73,0,14604.78,0
53,86087.9,6.4,25110.67,8,86.98,1,0.3726,14177.31,0,25106.84,1
42,40317.32,0.0,18403.75,10,65.49,2,0.2405,9059.36,1,20446.09,0
36,28186.43,3.27,50773.7,7,80.3,1,0.301,34835.76,0,50189.31,1
51,58607.3,0.0,5066.21,11,59.59,3,0.0454,10688.75,2,4720.54,1
27,24951.12,8.22,32431.89,3,67.31,3,0.1315,61792.83,1,13037.75,0
49,49374.61,9.52,15352.11,6,55.31,1,0.2297,24464.26,0,25031.27,1
25,98141.69,8.28,37723.34,4,59.86,1,0.2519,23717.31,1,45616.18,1
52,23288.04,3.06,9345.98,2,68.14,1,0.4104,7127.06,1,73352.72,1
51,30924.84,8.23,18354.71,8,64.15,0,0.3262,28680.33,0,3409.08,1
25,34567.66,4.65,16582.81,2,59.86,1,0.0576,15427.38,2,6637.57,0
58,53454.95,1.31,8072.18,3,51.21,2,0.1984,12127.91,0,11902.74,0
41,46654.09,10.71,6462.66,10,100.0,0,0.1071,11372.84,1,4153.67,1
59,103228.46,11.09,11314.02,3,63.99,0,0.3067,7549.85,0,56779.99,1
23,84503.24,11.74,19971.71,11,77.28,1,0.1172,18125.08,0,14177.31,0
29,68731.39,3.96,9824.13,1,43.86,2,0.0968,16014.43,1,36467.21,0
45,58725.08,12.9,13822.71,6,93.72,0,0.1522,7176.77,0,10817.23,1
30,65646.65,4.53,3981.8,1,74.67,1,0.4628,25808.51,1,18320.13,0
37,37316.71,10.27,13381.21,1,64.9,2,0.5556,79862.78,1,3717.65,0
53,80889.0,4.45,40822.81,10,65.04,0,0.3319,6642.97,1,4891.38,0
28,33345.18,5.88,31642.97,1,85.91,3,0.6861,16628.29,0,4975.12,0
54,80098.16,0.0,16790.85,11,24.75,0,0.1372,57465.98,0,2716.24,1
26,93793.66,5.49,21873.9,8,58.81,2,0.692,10445.9,0,31948.54,1
29,60474.53,7.46,9279.09,6,70.09,1,0.1652,24487.08,0,12519.4,1
49,50807.16,4.95,66017.69,12,69.91,1,0.181,23691.71,0,32853.21,0
59,65856.14,15.78,94121.05,5,100.0,1,0.3153,28535.51,0,11425.43,1
29,15175.01,1.19,20537.05,5,66.6,1,0.3445,64924.08,0,34952.87,0
35,63013.52,4.18,143010.84,5,87.84,2,0.1167,5142.18,0,29909.98,1
66,52264.84,2.48,10446.07,8,100.0,1,0.2726,20573.15,0,11361.7,1
69,53761.12,4.18,6616.12,11,82.73,1,0.4241,12675.63,0,15159.1,0
49,75586.13,12.16,10202.91,7,61.22,0,0.7089,17505.78,0,17412.22,0
42,53180.25,14.39,15101.28,4,51.45,2,0.5727,18576.51,0,34605.05,1
37,32925.26,3.5,114437.06,11,83.93,3,0.2648,14650.5,0,12313.08,0
51,51609.3,3.38,14374.34,8,98.32,2,0.3405,8408.73,0,17482.92,0
49,56697.67,1.21,9048.94,10,80.74,1,0.5832,8819.36,0,3358.41,1
35,57919.46,13.53,8772.35,6,91.74,1,0.4194,79702.43,1,5734.36,0
22,59157.12,12.61,44808.12,3,100.0,0,0.2309,6843.31,0,6546.95,0
28,87798.92,6.47,39973.36,12,85.4,2,0.3149,42479.52,0,20175.76,1
67,33737.76,0.02,12206.75,9,54.39,2,0.6484,8721.98,0,6724.46,0
41,59525.12,0.47,4013.82,4,72.82,0,0.2055,19242.86,1,14035.39,0
44,98278.13,7.85,7297.25,11,93.92,1,0.6155,71385.66,1,10928.01,0
43,25197.83,9.75,71333.55,1,68.02,0,0.4517,31398.37,0,12701.18,0
59,59630.92,0.0,31231.21,12,96.09,2,0.1505,6577.74,0,27658.0,0
24,42263.04,5.39,18967.76,7,70.93,3,0.2818,14217.21,0,14678.77,0
25,46549.37,15.09,80273.4,8,77.35,1,0.5734,17676.99,0,10108.65,0
34,36604.45,5.91,86231.26,1,66.39,0,0.5069,37031.57,0,18198.03,1
44,50959.71,14.45,17489.84,3,74.55,1,0.3727,18605.43,0,54185.78,0
53,125951.66,10.25,17748.74,9,75.4,1,0.2881,16105.54,0,13270.7,1
45,31135.22,1.58,11299.23,7,46.26,2,0.4516,60000.37,0,3988.83,1
42,32492.48,5.54,14334.79,2,64.93,1,0.0697,54413.2,1,3673.52,1
66,30614.16,6.36,5481.13,8,52.27,0,0.6049,29354.23,0,9323.87,0
28,119662.04,2.24,5463.35,9,65.49,3,0.6479,11612.61,1,4299.64,1
49,44669.03,2.15,4536.9,4,59.28,1,0.3039,2813.66,0,1393.64,1
47,54369.08,14.53,42855.82,9,88.19,1,0.4504,7352.4,1,9221.45,1
44,45882.37,2.11,5161.62,12,88.37,2,0.1657,6108.66,0,16902.85,0
60,35957.69,12.39,85656.2,6,80.96,3,0.5287,17245.33,0,41695.62,0
34,49477.37,4.82,10034.9,3,51.72,1,0.1531,34706.04,0,11811.32,1
67,166258.33,6.87,72258.62,12,70.43,0,0.4079,71768.51,0,15858.83,0
37,102900.77,9.81,13441.25,11,50.44,1,0.1766,43899.31,0,19086.41,1
47,37468.9,4.01,5141.9,6,69.64,3,0.5269,10952.61,0,12928.62,0
46,73607.1,9.84,50269.32,6,82.36,0,0.5913,21501.99,0,6580.92,1
62,37831.72,0.0,55249.77,11,87.87,1,0.2284,23855.03,0,84681.6,0
42,24728.78,9.2,8719.23,1,79.57,2,0.5062,6042.04,1,4930.59,0
34,87017.84,0.0,13805.26,4,92.14,0,0.2182,9765.23,0,17455.85,1
22,92700.6,5.87,8721.01,7,76.16,0,0.1615,13314.48,0,5947.5,1
38,88063.37,11.27,16345.46,8,68.26,1,0.4881,79944.46,0,13283.36,0
61,44518.01,10.11,19621.68,8,85.98,1,0.4337,23591.58,2,17347.41,1
21,51023.39,0.51,13589.06,5,86.5,0,0.2651,7171.8,0,10004.6,1
64,77071.05,1.15,4200.73,11,63.61,2,0.2236,13369.63,0,4025.88,0
47,65595.45,3.56,11309.79,8,78.06,0,0.1704,24643.98,0,8778.15,1
27,46071.58,7.93,31600.94,7,67.29,1,0.4929,15098.28,0,33002.42,1
35,26542.6,0.0,15229.77,12,39.86,2,0.5445,14028.08,1,3104.92,0
48,57891.87,6.93,13851.86,2,79.04,1,0.3716,30047.15,0,52076.32,1
36,89379.16,8.56,8548.45,9,51.29,0,0.2442,48009.83,1,13069.57,0
26,32085.96,5.58,11048.9,12,77.25,1,0.2594,42168.89,0,22832.6,0
53,73315.71,9.63,55563.71,8,47.44,0,0.2226,14588.04,0,4647.4,1
53,63849.38,8.12,7232.25,7,60.49,4,0.3031,16035.86,0,10493.65,0
26,77084.32,4.29,32041.45,5,65.06,2,0.471,14497.58,0,6589.66,0
34,81428.24,0.0,18690.51,4,,4,0.2705,37696.46,1,15653.64,0
32,40238.48,7.67,21894.17,7,63.46,2,0.3089,13710.12,1,4491.67,1
53,26567.84,2.23,10019.03,11,54.8,2,0.2271,4683.11,1,6864.96,0
56,43260.91,4.11,13584.78,6,77.83,1,0.0534,25232.13,0,77140.45,0
56,82059.16,9.4,17917.82,2,68.53,0,0.2405,26072.7,0,21479.87,0
66,43096.05,14.09,11867.91,6,84.65,0,0.6853,13553.56,0,16890.08,0
58,40246.12,6.81,23465.18,2,55.81,1,0.1539,65863.9,0,16646.61,1
36,24233.25,9.77,25953.93,12,75.37,2,0.3668,12314.8,0,44597.79,1
26,121028.32,0.0,102364.2,7,100.0,2,0.2148,48557.87,0,10708.28,1
51,79750.6,8.23,22486.69,3,68.17,1,0.3411,7050.21,1,27874.81,0
65,,6.7,3898.44,8,74.99,1,0.1086,21841.97,0,1434.54,0
68,85013.46,13.15,45640.11,7,45.42,3,0.3533,10219.64,0,10772.43,1
32,71296.84,4.3,15291.17,7,58.35,1,0.5931,17102.43,0,9086.46,0
32,49273.44,5.79,90009.21,8,79.36,1,0.184,30675.08,0,7485.82,0
22,51092.58,12.29,58388.05,12,66.72,2,0.3075,12080.2,0,23344.02,0
27,45373.54,6.54,12015.02,11,81.83,2,0.3663,11043.48,0,10631.61,1
48,180001.74,1.46,,4,78.8,2,0.1591,15403.0,0,10383.32,0
47,70632.73,19.76,11192.09,3,50.91,0,0.1513,100000.0,0,5925.01,1
39,44639.67,1.61,18038.79,12,88.24,4,0.1701,20737.77,0,8420.42,0
36,67816.58,6.68,30912.47,8,52.12,0,0.3301,19896.47,0,1971.31,0
61,34898.44,8.73,43849.88,1,59.76,1,0.1096,24404.79,2,9033.6,0
43,108241.11,8.34,36838.24,7,75.67,1,0.6613,5414.74,0,3357.83,1
60,40847.76,6.05,19112.9,2,97.07,1,0.4449,34294.43,1,48187.36,0
68,68911.4,6.08,131250.92,1,55.94,0,0.5884,29616.06,0,23224.67,0
36,88856.54,5.83,13441.61,3,74.36,1,0.5341,5163.74,1,27292.03,0
30,65397.17,1.42,4975.92,4,74.5,0,0.193,96878.75,0,3655.21,1
67,57388.54,17.75,5804.38,1,82.52,2,0.4559,18038.32,1,25512.86,1
52,55268.0,5.9,58532.25,11,90.94,1,0.3435,8236.94,0,6582.51,1
35,53620.67,9.98,,6,65.53,1,0.3802,22418.92,0,15394.72,1
51,42428.44,5.33,20442.53,7,88.19,2,0.3629,9527.45,1,10144.08,1
46,44928.2,5.23,11662.2,11,93.29,2,0.4687,5830.51,0,3469.93,0
65,107034.25,4.72,12531.05,11,100.0,1,0.7093,14873.58,0,4716.72,0
33,52378.26,0.0,9589.75,10,80.03,1,0.6325,15349.59,0,21720.94,0
69,38618.25,6.2,26240.2,3,74.52,0,0.1146,5978.56,0,21107.57,1
66,43597.48,4.96,16650.96,9,64.41,1,0.3307,10424.61,1,3489.49,0
29,90242.45,12.86,25492.29,12,48.66,0,0.514,8734.06,1,33378.97,0
29,74541.51,1.02,23615.95,1,67.55,2,0.3535,14016.37,2,8511.67,0
47,70773.26,4.11,12802.86,11,73.8,1,0.1949,28325.23,0,3784.94,1
23,48981.79,2.51,5603.48,11,70.25,2,0.5114,19872.25,0,7320.33,1
35,71189.57,14.21,5226.45,11,81.56,2,0.526,17592.9,0,3543.13,0
42,41170.86,2.65,150000.0,5,48.73,3,0.5943,5016.75,0,6246.65,0
68,48935.68,9.81,58727.64,3,69.09,1,0.3019,17649.59,1,7802.72,0
69,85093.04,11.85,52589.57,9,100.0,1,0.613,8405.08,2,19090.56,1
28,81512.64,6.27,10492.77,8,87.93,2,0.304,5407.93,0,24936.25,0
64,35356.2,0.12,18137.46,9,81.86,2,0.2114,33271.14,1,31238.3,1
25,37425.28,0.18,9375.33,4,78.25,1,0.8222,7090.05,0,24348.5,1
57,57757.27,11.3,6300.99,3,66.15,1,0.3595,19225.7,0,2163.92,0
62,119592.81,0.7,11238.58,11,43.93,2,0.0454,12798.68,1,3269.05,1
64,23227.31,8.96,52003.95,7,79.31,0,0.197,9234.07,1,32233.32,0
31,62338.74,7.57,35267.72,11,32.83,1,0.2809,42278.66,0,7888.43,1
64,29610.05,8.89,8284.06,12,66.79,1,0.388,11823.06,0,10592.81,0
26,41342.22,9.36,13992.46,6,71.94,1,0.2569,12398.8,0,21204.77,1
46,46681.15,2.33,32775.14,4,64.84,0,0.5031,10760.32,0,38332.63,0
44,45517.84,2.12,11399.79,11,100.0,0,0.5834,20358.42,0,18319.16,0
36,43255.53,10.57,19183.31,9,100.0,3,0.6478,16098.28,0,5534.57,1
22,55178.66,3.85,24824.96,8,88.52,0,0.4851,11013.38,0,4001.22,0
58,43227.12,0.0,24609.1,12,57.19,0,0.2488,9436.02,0,4579.04,1
37,28480.72,10.24,22058.28,3,100.0,1,0.3488,17486.6,0,36125.68,1
53,78122.22,1.82,10669.76,5,81.9,0,0.3135,11416.83,0,26033.17,1
41,77178.87,9.34,11583.62,1,56.93,1,0.6456,60191.44,0,12507.4,0
39,80379.7,13.96,7267.79,5,72.52,2,0.3794,12461.0,0,3327.44,1
64,27494.96,7.08,5161.89,6,87.34,1,0.1692,22743.9,1,26779.6,0
25,62918.88,11.98,16421.19,6,62.42,1,0.2695,16889.58,0,14228.91,0
57,74554.0,7.77,34583.6,2,74.25,1,0.4086,14702.32,0,6019.14,0
57,34580.58,14.94,5966.41,10,77.06,2,0.2327,33780.8,1,11428.54,1
39,55227.51,1.69,22393.04,6,54.39,0,0.1955,27018.03,0,18938.54,0
33,52196.38,6.96,33719.51,6,67.68,0,0.2322,26656.83,0,8035.83,0
21,126002.4,10.37,4141.2,11,55.59,0,0.2485,26451.2,0,4722.43,0
66,130759.06,6.05,14496.49,6,85.9,2,0.2685,5814.24,1,14223.22,0
67,26007.18,12.76,67177.6,11,57.47,0,0.4885,24504.28,0,15055.09,0
32,168949.58,4.84,27992.16,3,76.67,2,0.178,15137.64,0,2182.78,0
22,36433.24,17.35,4030.97,11,49.76,2,0.4461,12570.34,0,11246.92,0
27,85510.24,17.61,30479.16,12,53.87,5,0.3155,100000.0,1,5621.81,0
24,85119.6,8.41,9896.51,10,53.09,2,0.4502,6416.19,0,18428.7,1
61,,9.76,31293.72,11,67.37,3,0.6722,16894.35,0,2590.26,0
64,68669.4,12.96,10363.67,9,74.89,3,0.4641,15966.26,1,3813.42,0
28,52401.91,1.06,17252.31,8,77.84,0,0.2167,16997.37,0,1456.38,0
57,70582.46,0.44,11708.76,10,43.64,0,0.4171,8851.33,0,17432.68,1
29,,13.28,18045.53,12,69.3,0,0.3196,21070.76,1,3114.16,1
38,94225.04,8.37,11433.5,8,59.99,0,0.4212,8196.83,1,3637.5,1
50,56898.16,5.87,15052.46,9,80.55,1,0.1444,21951.64,0,11054.79,0
56,50998.18,7.06,7027.9,1,67.72,2,0.1933,20085.73,1,10396.69,0
63,90067.74,0.0,26652.94,12,70.71,1,0.6286,15172.0,1,21287.61,1
23,71415.25,6.05,20709.65,10,60.08,2,0.2835,17107.35,0,23307.69,1
30,76450.94,3.23,4938.92,2,99.59,1,0.1604,54558.04,0,33185.1,1
34,40783.16,11.59,39833.37,4,51.46,1,0.5862,26979.32,0,51319.95,0
36,34362.47,11.98,15632.33,3,65.6,1,0.2573,20317.3,0,30670.54,0
69,42600.17,9.88,20486.82,4,73.72,1,0.2539,24229.19,0,16187.19,0
59,41594.32,8.98,33182.45,11,67.98,0,0.2586,18513.93,0,14592.9,0
36,78345.06,0.0,23405.37,6,59.78,1,0.5254,26493.12,1,20902.78,0
68,85329.99,9.95,45719.93,6,43.01,3,0.208,11778.2,0,1946.68,0
45,51291.47,10.15,14235.45,10,60.94,2,0.2058,84593.06,0,10440.58,1
45,104715.46,13.23,41178.46,5,56.65,2,0.0991,20530.02,1,2317.0,1
42,101813.67,17.59,19860.08,11,98.87,2,0.4456,100000.0,0,6193.42,1
28,61366.41,0.0,27017.33,10,100.0,5,0.2813,84954.55,1,3179.13,0
66,37996.04,5.06,24860.37,4,71.19,4,0.3272,12650.68,1,17028.7,0
21,111748.71,3.29,48567.57,8,49.52,3,0.2142,21285.72,0,20612.63,0
29,53510.37,7.86,32056.55,6,83.81,3,0.2604,23249.26,0,35851.86,0
32,58212.93,7.07,12629.25,5,56.3,3,0.2036,34605.11,0,5024.15,0
34,47205.52,5.83,10776.4,11,,2,0.3759,19732.2,1,6638.71,0
27,36852.65,12.14,17297.61,5,61.94,1,0.3297,41896.5,0,31798.14,0
21,28401.6,1.49,9799.1,2,63.99,3,0.1482,5253.97,0,7569.18,0
54,73121.61,1.79,7757.17,5,66.32,0,0.6888,11744.51,0,6284.62,1
68,38659.89,1.88,3280.28,7,50.98,1,0.4452,15748.49,0,22787.85,1
26,217918.74,5.2,5211.99,2,60.77,0,0.4776,11287.81,0,19137.63,0
35,33737.17,0.86,88119.76,9,88.32,2,0.4073,5354.85,1,28397.98,0
45,31234.12,6.76,10645.87,3,71.46,2,0.1425,33417.34,0,18522.81,1
66,69192.72,6.17,82528.2,2,74.01,1,0.1874,8293.64,0,8416.33,1
55,109456.18,3.07,24850.94,7,36.28,3,0.0461,11227.33,1,41336.22,1
58,56622.05,11.37,17297.56,2,87.16,3,0.2585,30531.81,0,26571.22,1
49,71153.7,6.7,5418.87,10,61.03,2,0.511,42412.2,1,11816.26,0
41,23992.39,12.31,18067.36,1,89.98,0,0.6949,12115.69,0,26642.95,0
30,40546.64,6.02,81787.04,6,74.47,2,0.1527,8711.62,0,11856.63,1
63,33926.83,6.88,62582.22,1,63.01,1,0.1909,10186.66,0,5208.59,1
60,23442.78,4.19,22415.72,5,45.16,3,0.2856,39277.59,0,13256.95,0
22,57972.82,6.96,7180.99,12,100.0,2,0.5369,40865.38,1,67937.52,1
56,20046.62,10.56,8369.88,8,84.85,0,0.389,22780.96,0,30637.46,0
25,30336.3,4.94,9100.22,7,85.81,1,0.1833,21397.81,0,17448.37,0
57,43189.44,9.59,50043.65,2,100.0,2,0.1209,7151.19,1,5354.52,1
61,37835.76,2.94,66403.39,4,75.59,2,0.1136,24926.49,1,4138.77,0
27,65740.62,10.8,21053.9,5,93.64,0,0.1555,31198.68,0,9630.6,1
42,63107.79,4.1,14124.45,7,64.34,4,0.0672,20210.14,0,6946.06,1
27,82231.84,11.26,62136.91,3,83.8,0,0.3316,20732.12,0,12193.08,0
48,77161.9,7.3,8227.75,12,61.92,1,0.4195,8742.12,0,13745.42,1
66,91899.81,14.6,18761.94,8,63.94,1,0.3374,40783.85,0,3335.44,0
24,54952.54,1.23,26068.94,4,73.55,1,0.6055,6951.27,0,5644.82,1
40,63047.81,0.0,9026.2,2,51.72,2,0.4832,17792.15,1,8721.61,0
68,69235.54,3.92,10822.64,8,77.27,3,0.6745,24795.05,1,17770.67,1
35,58620.16,0.08,10169.38,6,67.01,1,0.1198,40007.74,1,18378.75,1
27,45997.9,0.09,55910.56,9,40.2,0,0.0145,37634.89,0,4734.36,0
44,47357.92,10.11,83251.45,8,64.68,0,0.2861,39957.19,0,3985.38,0
45,38070.2,6.98,19731.29,8,66.48,2,0.2602,14568.83,1,5119.28,0
53,66490.61,4.6,14523.92,11,85.65,0,0.0526,91571.55,0,24575.91,1
36,52721.66,5.07,11139.52,7,,0,0.1918,38545.68,1,7834.16,0
67,40809.1,4.01,18025.16,9,95.16,1,0.7885,14060.79,2,13205.99,1
46,40826.16,15.25,11590.6,5,80.32,6,0.5799,14709.67,1,17466.22,1
35,31901.52,3.32,16655.62,12,63.14,2,0.2254,30651.03,1,36224.27,1
68,85439.78,0.39,25052.11,5,71.07,0,0.6827,12976.95,1,4000.54,0
66,56980.62,10.98,13015.25,9,66.43,3,0.2911,7360.78,0,35747.63,0
45,37302.98,5.92,15466.89,12,79.81,3,0.4609,19070.93,1,20187.2,0
22,79136.93,17.19,15518.12,5,72.96,1,0.5846,3668.27,0,53827.19,1
50,42739.83,4.37,13961.74,2,61.94,1,0.1035,23131.9,2,42503.3,1
48,29206.99,11.23,12644.39,3,72.14,1,0.6478,28133.09,0,13244.81,1
28,87084.87,12.41,33119.73,3,79.38,3,0.2952,14941.77,0,6119.12,1
52,43191.32,4.39,4365.72,1,55.9,2,0.2473,40259.65,0,21753.23,0
62,45756.26,3.29,63421.04,7,77.07,1,0.5887,32681.18,1,4381.62,0
26,56028.71,10.71,20061.36,4,46.74,2,0.4728,8820.89,0,14578.1,0
56,91973.3,9.87,29323.4,2,89.69,1,0.3321,18566.17,0,6144.02,0
27,55498.17,0.0,32150.69,2,80.43,1,0.5326,12513.5,0,9658.15,0
57,32063.89,1.36,10215.69,4,98.07,1,0.2118,14356.53,0,1684.29,1
41,70251.23,0.0,8661.47,5,54.13,3,0.4085,40156.42,0,11125.47,0
21,44216.05,9.98,7881.8,12,90.14,3,0.1751,27887.07,0,13369.57,1
68,128624.71,5.69,14771.76,9,86.97,1,0.4169,10892.65,0,7429.9,1
29,54972.29,6.19,31492.06,9,69.08,1,0.3466,21058.43,1,11123.07,0
50,20117.04,0.0,11283.73,9,65.97,2,0.4719,10605.59,0,4523.83,1
29,64595.67,1.51,29274.51,10,54.64,2,0.222,12820.53,1,24203.55,0
66,131947.25,4.61,2707.52,4,50.47,0,0.1343,52868.04,1,12272.0,1
57,111776.05,3.64,13222.47,2,59.98,2,0.2958,100000.0,0,89975.75,1
60,125369.15,7.59,45790.73,7,51.91,3,0.2336,62532.4,0,15610.4,1
42,34759.09,9.92,15698.96,1,97.53,0,0.3481,21857.53,1,16930.6,1
43,82913.82,18.35,9272.54,3,47.97,1,0.1589,20473.73,0,7865.63,0
52,39743.08,6.9,10642.94,10,74.38,0,0.2347,36742.95,0,35088.19,0
59,60840.97,12.58,1596.72,7,78.97,0,0.4245,19325.66,1,8160.98,0
62,31016.04,2.85,8011.92,9,77.72,2,0.3763,6634.42,0,56869.08,1
21,41154.29,0.0,41936.85,7,79.12,1,0.1065,64304.81,0,55406.29,0
53,40569.73,5.24,11294.2,7,87.14,0,0.3178,7837.68,0,7567.53,1
26,82408.04,0.0,12412.9,4,64.87,1,0.317,41923.9,1,9352.59,0
35,78858.63,7.07,2786.88,3,73.4,2,0.0643,30637.8,0,6245.74,0
61,62296.3,3.1,4882.72,4,67.3,3,0.4388,66170.58,1,3603.11,0
33,29953.42,0.0,46637.79,10,92.84,0,0.0619,32921.88,1,15631.34,1
60,47803.34,15.68,29494.59,12,100.0,0,0.2529,11927.91,0,12049.04,1
43,39314.0,4.31,6375.23,1,52.9,0,0.2371,38478.76,1,21759.63,0
32,81344.02,0.0,10868.99,7,39.5,2,0.2619,13957.62,0,11470.44,0
37,93458.4,11.49,17584.78,6,81.11,0,0.8026,9080.57,1,26309.77,1
47,88473.82,3.36,6913.46,7,89.13,2,0.2901,4994.42,1,11494.42,1
58,39153.29,12.45,3622.11,3,100.0,3,0.3695,16507.43,0,10068.63,1
50,16031.3,3.33,15847.37,1,83.81,1,0.2216,5519.76,1,12980.92,1
66,24833.67,4.3,,3,94.33,5,0.4714,49203.58,1,23778.63,1
63,104278.51,8.72,28900.46,3,98.56,0,0.2408,5993.84,0,8604.26,0
57,45913.93,9.97,36254.43,1,95.44,1,0.8541,13795.26,0,27176.85,1
50,39232.56,10.84,5194.11,5,86.1,2,0.3405,14214.48,1,6181.17,1
35,115183.94,6.55,18853.4,9,51.48,0,0.3112,20298.93,0,9044.98,0
41,97188.77,9.64,14521.21,12,71.87,1,0.7954,9808.61,0,2239.32,0
26,55608.45,10.73,,8,76.8,0,0.1212,39833.46,0,8826.5,0
39,48197.24,8.0,15194.7,3,70.4,1,0.3669,20176.86,2,4372.04,1
66,51825.78,6.29,10612.29,5,71.39,4,0.0977,17778.59,0,19760.61,0
41,60919.69,0.0,1609.85,4,97.08,3,0.5612,11417.82,1,18972.96,0
26,112996.23,10.0,45596.68,3,59.89,0,0.3316,26446.85,0,35871.91,1
52,66516.07,7.21,23438.12,12,84.78,0,0.3898,47869.28,0,53534.78,0
68,76252.2,4.93,5490.06,8,77.06,0,0.3965,100000.0,0,10364.19,1
63,93084.23,13.39,26281.81,6,58.28,0,0.4482,9314.64,0,6176.97,1
34,32491.52,0.0,12585.28,6,54.77,1,0.2612,16359.79,0,18304.24,1
43,77248.0,15.22,12873.8,4,44.78,0,0.0941,4737.07,0,8462.68,1
47,48171.97,6.89,9734.15,6,79.77,2,0.1234,28969.87,0,6962.71,1
33,17727.03,8.59,27658.03,8,70.99,1,0.4267,6921.92,0,11816.65,0
34,21108.1,5.02,9492.6,12,58.79,3,0.2556,21827.79,0,7065.17,0
32,34784.79,0.0,7485.02,6,41.98,1,0.5702,42725.17,0,76589.39,0
69,69852.34,6.3,44512.39,3,78.92,2,0.355,13490.66,1,9464.36,1
57,57889.9,8.67,15599.93,12,69.22,0,0.3066,9373.4,2,11673.22,0
62,59757.71,10.38,15996.7,4,60.58,2,0.5473,45288.32,1,24863.74,0
61,132324.57,6.01,31322.7,1,56.58,1,0.4918,29602.42,0,86132.56,1
67,31070.0,0.0,10551.86,7,68.18,1,0.3598,8162.26,0,9795.88,1
26,54325.2,0.0,12377.12,10,79.52,6,0.3744,19849.58,1,2225.74,0
64,63075.29,17.26,22987.35,4,66.72,0,0.1033,9902.38,2,11200.99,0
24,39488.53,1.54,5244.97,4,52.98,1,0.5053,37817.37,0,2584.58,0
44,55705.57,14.14,21482.77,4,71.07,1,0.5073,19617.82,0,7540.42,0
50,26771.98,2.33,9833.58,10,88.73,0,0.3542,52444.52,0,46185.67,0
38,103729.96,6.09,35685.69,12,72.64,1,0.5486,9377.21,0,5833.59,1
28,40471.85,10.13,27874.22,11,73.09,1,0.5708,21101.35,0,4680.89,1
30,137203.23,2.9,,3,66.79,3,0.5107,17846.32,0,25978.18,0
61,54202.1,14.96,4976.89,11,57.77,1,0.3181,21513.05,2,9861.45,0
36,87352.99,7.38,16571.02,4,57.23,1,0.4266,12108.93,0,35652.66,1
36,53696.45,9.3,7018.56,11,45.41,2,0.3207,3723.53,0,9333.4,0
66,54244.33,5.66,17476.91,12,90.9,2,0.239,28954.42,0,21447.15,1
28,42288.7,10.29,2823.98,9,79.4,3,0.3755,18688.44,1,2994.17,0
65,58028.77,14.89,5247.26,12,73.32,1,0.8133,10059.06,0,5173.43,1
66,63461.45,6.34,46599.91,2,76.73,0,0.0778,12668.34,0,10161.48,1
50,38644.98,15.65,24182.14,8,77.43,4,0.4808,7939.73,0,8343.01,1
29,51990.61,3.94,13562.64,1,60.25,1,0.6505,4901.48,2,113661.61,0
28,41795.5,10.82,8700.47,8,66.8,1,0.267,37243.45,0,29940.93,0
34,154807.44,9.45,7560.74,5,64.41,0,0.1558,26855.7,0,29234.55,1
49,52823.4,1.66,21125.83,12,100.0,2,0.1664,6989.81,0,10290.49,1
28,110243.07,8.07,13673.59,6,88.32,2,0.7913,100000.0,0,3425.32,0
43,50365.33,7.04,62034.43,10,74.69,2,0.6884,8179.26,0,54100.25,1
26,61806.75,2.73,15526.69,4,93.86,3,0.4477,29683.1,4,2790.41,0
47,30347.66,8.79,18865.75,1,91.84,0,0.4844,18047.17,0,7313.45,1
22,44976.97,7.73,5927.3,9,49.91,1,0.5134,7435.76,1,20104.96,1
55,60465.55,6.64,13488.16,3,68.43,3,0.1938,22992.0,1,125523.42,0
23,112284.4,6.66,20737.94,9,71.74,1,0.667,15819.79,0,57473.13,0
30,60777.85,6.55,13358.37,6,81.78,1,0.308,11524.7,0,21021.5,1
29,102514.82,5.16,12205.28,12,68.42,1,0.2809,45321.32,0,83020.84,0
61,73380.72,7.7,23380.43,5,70.42,1,0.2737,27857.31,0,7694.53,1
23,114395.73,3.78,60475.02,5,64.62,2,0.3277,29779.3,0,18004.99,1
42,53557.95,20.28,20213.43,9,88.78,3,0.626,15482.07,1,44615.22,1
49,161246.36,0.0,44957.64,10,48.91,2,0.31,23031.83,0,3396.2,0
46,44207.96,4.08,29596.43,2,65.16,2,0.1395,17664.49,1,16835.18,0
54,38955.71,4.47,42856.38,9,42.5,2,0.1818,25529.08,0,17868.01,1
60,31906.49,17.2,11051.83,6,55.53,2,0.5748,9118.45,0,17367.95,0
40,,0.4,15253.82,12,77.07,0,0.4523,3415.93,0,4691.93,1
61,79526.05,9.13,15304.59,8,77.38,3,0.6221,46509.9,0,17768.16,0
36,47322.17,8.24,27865.62,10,66.99,0,0.4034,17815.1,1,15641.83,0
69,,8.67,33930.08,5,89.98,1,0.1248,26858.51,2,7317.43,0
45,74948.01,13.18,19893.97,4,93.66,2,0.605,11147.95,0,24215.68,0
57,133231.81,13.08,36297.07,10,70.89,4,0.549,15390.38,1,40466.29,0
63,27407.27,4.75,11469.67,1,76.01,2,0.1769,52174.27,0,6372.82,1
59,48809.31,7.97,36549.73,7,64.76,0,0.6796,23221.46,0,18738.28,1
62,44665.37,0.0,40569.61,12,82.03,2,0.1682,84239.78,0,41580.77,1
47,22627.73,7.5,30949.87,12,52.9,0,0.247,33598.56,0,42278.46,1
23,88630.89,3.03,20039.55,9,100.0,1,0.0107,11275.89,0,10438.62,1
45,48698.82,6.07,31849.78,6,90.24,0,0.2377,24520.6,0,31494.96,1
29,76720.37,0.0,8803.67,10,52.82,1,0.541,58439.15,0,9643.75,0
64,159051.9,9.02,21095.54,1,59.38,0,0.223,21000.83,0,25047.11,0
32,46916.69,0.0,22891.83,10,78.74,0,0.4621,28280.26,0,6170.37,0
32,45504.64,7.74,6213.72,3,66.59,1,0.372,48391.09,0,3050.72,0
33,58016.77,0.87,26312.37,9,80.71,2,0.2364,3485.33,1,19383.13,0
52,85763.58,2.75,6628.09,5,66.25,1,0.2542,29408.33,0,26485.98,1
48,42619.52,12.77,12781.99,10,96.4,1,0.3382,46207.44,0,22658.39,0
67,41404.95,9.94,18581.76,8,72.13,2,0.2474,10518.03,0,5750.75,0
41,88505.82,12.75,10032.03,12,100.0,1,0.0283,37415.15,1,1295.85,1
34,65217.05,14.8,19228.91,10,81.64,0,0.3589,17934.66,0,26340.2,1
23,21915.75,3.14,,11,50.41,1,0.7054,5506.35,0,44600.2,1
21,31687.01,14.49,9339.25,2,100.0,0,0.547,31305.82,0,2180.73,1
39,108081.91,0.0,28353.52,5,89.58,0,0.3979,17880.05,0,9115.73,0
66,65904.12,10.73,9767.36,6,78.08,3,0.4518,17087.07,1,5166.16,0
46,39030.56,4.53,112252.55,1,82.35,1,0.4228,28294.01,0,14975.52,0
64,50940.02,2.35,16490.57,1,52.98,0,0.437,9262.18,1,39963.23,1
25,55328.59,10.07,7052.18,1,43.13,1,0.43,30896.29,0,9730.22,1
25,76585.92,11.72,8189.87,10,71.33,1,0.1765,9504.74,0,7608.84,0
61,29847.91,11.58,45079.88,6,94.06,2,0.6683,51903.75,0,17060.98,1
26,37671.58,8.07,12975.34,10,78.33,0,0.4345,39952.98,0,1774.08,0
23,62188.08,7.66,6045.78,11,99.35,1,0.2859,52816.54,1,25505.72,1
40,52583.78,9.63,35635.49,1,93.14,1,0.4118,24911.83,0,31089.76,0
66,71141.43,8.52,12908.84,11,72.33,0,0.1843,13380.17,0,12050.68,1
54,31628.38,9.71,30359.44,3,90.94,1,0.306,10867.36,0,8077.69,1
25,64588.8,8.02,38047.09,5,96.36,1,0.2371,10422.5,1,9313.74,1
62,89886.32,11.21,22419.76,12,70.72,2,0.3237,15951.56,0,9348.92,1
62,68470.4,0.0,122375.93,4,68.58,2,0.5284,11133.4,0,11394.86,0
60,58553.07,6.34,4529.35,12,74.25,3,0.4208,22596.01,1,2946.14,0
65,52677.35,0.08,9355.94,7,33.41,0,0.4235,10243.11,0,17416.63,0
32,37775.1,8.38,14667.17,1,76.49,1,0.0246,11644.61,0,8622.56,0
68,53246.59,15.21,109871.4,10,83.53,2,0.4164,13787.35,0,12224.75,0
36,96950.53,4.63,75851.22,1,74.31,1,0.202,10454.75,0,7132.73,0
60,52131.55,7.64,50467.24,8,77.51,3,0.0852,14165.83,0,16905.77,1
49,36852.42,10.78,9535.99,6,71.3,1,0.4849,27087.03,0,39699.5,0
59,44071.88,0.0,10468.39,2,40.05,2,0.3378,9695.29,0,14479.08,1
51,60202.62,4.39,9276.87,7,98.6,1,0.1826,7750.36,0,2750.5,0
52,46490.68,8.82,9617.94,5,66.11,2,0.1716,15888.79,0,12046.71,0
51,68423.73,0.0,59414.33,2,62.12,0,0.3113,8108.7,0,14493.75,0
59,69589.44,2.12,14810.82,7,93.73,0,0.0219,45878.56,1,11423.62,1
57,82053.84,12.5,16463.95,1,87.66,0,0.3291,11037.61,0,6022.63,1
27,104369.23,12.01,33444.29,7,76.37,5,0.4818,18616.3,1,11516.11,0
61,86096.57,8.87,4756.68,3,84.31,2,0.1872,24733.63,1,25593.28,0
47,36122.85,11.41,18774.29,10,53.52,1,0.437,7440.19,1,9194.37,0
36,36625.43,8.08,7484.8,12,,1,0.6346,9964.92,0,41546.09,1
46,53156.27,9.78,14222.71,12,92.72,2,0.3349,11580.97,0,6683.44,1
68,44894.01,5.42,11259.76,12,61.17,3,0.5874,31128.15,0,4744.12,1
63,32953.13,7.58,10804.76,2,56.03,1,0.2501,64874.37,0,9740.73,0
61,45086.0,3.84,21559.95,7,73.26,0,0.1893,65991.41,0,1925.66,1
43,44425.0,13.32,21484.73,3,73.63,0,0.3383,43890.01,0,11907.61,1
59,40650.12,14.61,15097.29,2,82.36,2,0.2843,7556.21,0,8900.89,0
39,47714.15,13.9,24213.72,5,49.95,2,0.3321,9746.08,0,22270.54,1
54,93469.58,4.96,8984.31,6,31.21,2,0.27,47541.16,0,2576.81,1
52,60158.95,2.23,31051.29,4,86.74,0,0.5415,52366.09,1,23894.73,0
33,167276.36,13.38,15262.71,2,54.67,0,0.545,31417.73,1,13788.82,0
34,59386.2,9.72,12224.49,5,62.24,4,0.3155,31640.27,0,49981.69,1
23,48269.68,8.64,9531.14,2,37.07,2,0.2636,13330.15,0,10298.1,0
27,55102.38,3.83,14838.92,1,88.37,1,0.1488,59839.62,0,16313.49,1
42,61729.05,9.13,80389.47,6,77.61,0,0.6517,10790.24,0,21241.46,1
44,66899.9,1.57,17110.99,1,76.96,0,0.1419,5829.89,0,1924.19,0
29,140029.52,10.17,7205.53,12,76.86,2,0.6545,31540.7,0,32612.21,1
41,37597.55,13.89,37540.75,11,39.04,5,0.3879,11970.26,1,10684.31,0
50,80955.85,15.16,12339.79,12,56.24,2,0.1391,7252.71,1,3822.78,1
32,60389.84,10.54,22587.1,2,64.77,0,0.4164,33280.6,0,11213.17,1
37,27121.84,0.09,11087.78,6,60.02,3,0.2391,5005.69,0,34429.54,1
39,77800.48,7.99,50148.59,10,67.66,1,0.6125,24739.49,1,8817.53,1
45,97296.57,17.7,11220.74,7,75.94,0,0.1037,13167.33,0,13178.54,1
38,37397.5,2.66,55072.92,4,88.1,2,0.5918,55220.01,0,1981.42,0
57,54779.33,6.7,7775.39,10,48.32,4,0.4235,24790.92,0,5556.11,1
37,25303.02,14.07,14239.88,4,71.86,0,0.1562,38170.32,0,22690.0,1
42,31214.11,10.09,55167.19,12,83.38,0,0.0777,8425.88,1,31113.62,1
39,88141.77,19.4,20592.17,2,57.21,2,0.2825,5498.78,0,14509.06,0
29,44587.15,3.34,110779.81,9,68.91,2,0.2776,13968.0,0,20294.07,0
54,33393.85,2.05,14513.21,1,79.46,0,0.5442,27621.05,0,8369.0,0
32,60982.71,13.12,22109.47,11,72.18,0,0.0688,18920.94,0,12222.55,0
35,43477.68,1.02,82639.78,5,82.79,2,0.0402,40282.16,1,4619.72,0
59,44498.85,6.02,5361.44,1,73.52,1,0.7928,26386.94,0,7715.63,0
67,76709.83,6.67,4855.79,11,67.01,1,0.4412,8634.56,1,11697.94,1
53,32607.85,12.18,9525.43,12,53.24,1,0.6446,24918.8,1,2938.29,0
65,36595.26,10.07,34503.82,12,75.95,1,0.5017,20302.22,2,103523.29,1
62,58948.79,9.29,4965.38,6,73.6,1,0.1591,43813.79,0,6365.33,1
44,85077.92,4.99,29020.75,1,56.11,4,0.3808,9413.55,0,14499.82,0
58,,13.08,27432.74,3,81.31,1,0.6183,11314.67,0,3894.25,1
37,40774.44,27.13,90186.88,1,92.29,2,0.6033,23764.81,0,789.62,0
43,83860.34,10.46,41544.27,1,61.44,1,0.105,48425.29,0,56041.2,1
47,38647.0,7.5,24085.55,2,60.36,0,0.4364,15655.67,0,12624.06,1
68,125101.75,0.51,53392.92,7,59.77,4,0.2549,27328.87,0,1696.01,1
62,33020.75,3.81,27701.73,10,45.14,0,0.0402,18449.32,0,4765.16,0
44,99997.85,5.93,12457.41,8,100.0,3,0.4199,17473.1,0,77213.06,0
52,40932.09,4.33,7204.37,3,64.82,1,0.1904,40313.74,0,18522.22,1
30,136086.96,6.92,11414.44,8,58.26,0,0.7497,19438.87,1,1176.5,1
60,71767.2,15.89,17432.09,3,53.97,0,0.3081,13204.8,2,7569.08,1
48,34817.7,13.24,20705.23,6,65.79,2,0.4262,12669.42,0,10178.51,0
47,43481.08,6.21,3261.59,11,60.88,0,0.4127,14518.32,0,19251.96,1
58,78168.34,0.96,15100.43,2,95.01,3,0.1227,11088.87,0,11902.35,0
52,88325.0,13.69,18416.32,11,52.02,2,0.4693,15238.55,0,2519.18,0
24,53277.34,6.75,27893.72,4,47.38,0,0.5813,18756.92,1,6783.43,1
35,56116.47,0.0,66142.56,9,80.83,3,0.4774,22001.12,0,5303.85,0
29,77369.45,10.56,20882.15,4,70.28,2,0.1304,9031.55,0,23537.17,1
57,58360.69,12.13,8694.77,2,68.43,1,0.4671,13409.67,0,7361.11,1
22,30730.51,0.0,4203.46,6,80.95,0,0.4489,13876.74,0,7282.46,0
30,38148.82,2.88,31186.35,5,74.19,0,0.3016,10549.01,0,9489.59,1
50,61138.22,6.45,8980.92,7,71.25,0,0.2171,11998.54,0,5523.73,1
55,95040.23,10.67,36011.61,3,49.51,2,0.6289,33814.31,2,46648.28,0
45,113809.42,4.42,55053.63,12,45.31,1,0.1968,46766.27,0,32956.51,0
63,78110.26,2.84,5233.67,9,60.79,2,0.766,14458.15,0,34373.34,0
66,62590.53,10.64,28035.9,11,54.65,2,0.452,10942.65,2,3954.25,1
27,77038.05,4.66,50626.22,10,76.31,2,0.0736,17004.62,0,16474.37,1
67,40743.46,9.71,40674.58,9,43.22,6,0.4816,19094.07,0,24393.29,1
51,51335.33,1.44,3364.46,2,64.85,2,0.3501,29219.13,0,4765.26,1
52,37957.78,0.24,9092.5,8,69.23,1,0.3253,13638.65,0,4173.95,0
25,31355.79,10.78,6463.86,11,71.37,2,0.2899,12316.65,0,4913.89,1
51,63907.09,8.26,27361.86,2,78.38,1,0.6484,100000.0,1,3219.72,1
56,59788.55,11.61,25053.99,6,66.78,0,0.2642,7278.07,0,30802.96,0
49,74946.67,4.34,2079.36,3,61.32,2,0.3112,33823.56,0,28325.96,1
25,70321.92,3.02,14149.88,10,91.91,1,0.5671,51068.69,0,8966.79,1
46,61345.58,13.8,34156.32,12,66.88,1,0.4149,15069.88,0,11330.13,1
66,70655.13,0.0,20262.11,1,94.71,3,0.3216,24491.32,0,6499.86,0
56,53953.67,13.26,20234.42,10,66.8,2,0.3844,5565.55,1,96326.43,0
27,66230.05,13.6,13441.9,5,71.74,2,0.1786,18316.17,0,8107.87,0
68,39668.93,11.3,7715.41,12,69.78,0,0.2011,40529.25,1,7454.28,1
67,64955.4,3.56,17756.06,1,75.7,0,0.4075,19584.06,1,10693.77,0
29,74300.76,2.92,18766.0,3,65.28,4,0.1108,18488.09,0,3675.03,0
60,40689.76,5.95,29446.51,9,73.54,3,0.6436,60603.01,0,15267.36,0
40,56297.92,0.52,31423.99,10,96.49,2,0.1012,31935.91,0,43307.45,0
50,41542.29,2.19,19279.86,1,88.78,2,0.2014,29551.85,1,10259.07,0
42,43397.64,10.22,43219.79,2,88.89,2,0.3293,10205.96,1,24678.91,0
59,33152.4,10.25,13335.53,5,50.53,3,0.343,3250.99,2,2055.57,0
69,97215.67,1.75,5669.79,1,53.12,1,0.23,23371.32,1,5090.86,0
59,88844.84,10.38,26364.4,10,75.48,1,0.6333,18069.91,0,13092.44,0
66,70047.84,9.27,19915.04,9,84.33,1,0.4956,30696.42,0,2274.3,1
67,133596.14,14.55,26787.01,9,63.69,1,0.054,19641.52,0,16123.95,0
25,50510.06,9.85,6545.72,6,60.84,0,0.581,18567.97,0,9094.26,1
33,215212.58,12.29,75415.18,8,94.3,2,0.3671,18390.59,2,15666.82,0
56,49647.35,9.39,31777.98,7,82.97,1,0.3863,8277.82,1,9733.79,1
49,61692.98,11.9,14295.92,9,88.93,2,0.7143,4947.34,0,10351.5,0
23,45985.82,0.56,8516.53,6,64.94,2,0.2598,9683.6,1,1150.54,1
25,65032.02,6.39,42610.24,8,63.68,0,0.7599,8318.89,1,4491.59,0
46,80106.73,6.81,7455.53,8,87.18,0,0.5073,17432.08,0,18947.34,0
51,52251.62,5.78,109888.21,8,67.8,2,0.4526,5738.83,0,3354.85,0
29,122346.49,9.22,11021.06,11,62.23,1,0.4974,12900.23,0,4961.37,0
29,61249.17,10.17,71291.42,5,57.39,0,0.0788,69476.7,1,8098.5,0
27,62118.98,8.96,15530.3,11,63.82,3,0.4416,17084.48,1,8798.5,0
48,36535.49,6.12,63750.0,1,86.0,1,0.3161,18616.05,0,22860.5,0
21,66397.39,3.32,9998.92,6,47.85,1,0.581,18196.39,1,14753.57,0
49,51780.88,12.49,18273.3,6,82.06,0,0.4696,20878.76,0,6617.85,0
44,41830.48,8.75,34266.6,11,60.67,3,0.37,12451.75,0,2565.43,1
43,38780.58,1.91,30570.44,1,68.64,2,0.5271,16034.94,1,187968.97,0
54,183025.72,6.03,43422.65,3,69.66,0,0.074,12317.07,0,12415.22,1
46,48850.69,0.0,12187.3,6,68.47,2,0.4451,6330.13,0,27309.57,0
56,28550.94,7.18,19263.62,10,67.41,1,0.4692,40913.59,1,1404.36,1
58,40170.53,6.01,48866.04,6,64.89,1,0.274,9707.09,0,8589.23,1
66,53738.39,4.13,10238.63,8,62.86,3,0.0178,55190.53,0,8300.62,0
60,70339.49,14.92,28457.3,3,93.12,0,0.695,10538.47,0,7900.28,1
46,70597.28,1.22,15105.27,12,72.4,0,0.0268,6954.42,0,24175.42,1
45,74575.33,10.53,21222.69,10,69.98,0,0.2915,69790.61,0,9454.72,0
32,41146.8,17.93,19259.64,1,61.69,2,0.2455,6389.26,1,8152.98,1
50,64105.58,12.39,9580.65,9,65.47,3,0.4907,3688.19,2,11856.14,0
27,37081.06,6.84,14611.62,2,61.74,4,0.1012,6539.78,0,12276.31,0
66,41616.38,1.33,20212.83,7,84.25,2,0.6484,16344.0,0,4036.26,0
62,36392.55,0.19,16579.92,9,59.94,3,0.3195,7056.38,0,29251.22,1
26,32219.06,4.94,63342.75,12,36.06,2,0.2145,12140.49,0,7131.22,0
59,88785.86,3.56,40380.06,1,72.93,0,0.5508,4336.06,0,10935.64,1
26,74979.03,3.4,22699.8,4,67.53,0,0.4783,38536.29,0,46157.08,1
56,85356.16,5.37,9775.26,9,62.63,1,0.2572,24149.94,0,164077.95,1
25,55981.66,6.49,9310.6,4,86.58,0,0.1594,7420.7,0,18287.29,1
44,78014.65,9.43,87306.12,9,28.26,2,0.3993,3559.1,0,2502.95,1
53,24897.14,0.81,8024.21,3,97.22,2,0.3553,9561.39,0,9270.66,1
56,81103.21,3.59,19716.57,2,88.87,1,0.3283,28374.67,0,56201.23,0
41,59563.15,6.2,24025.86,7,61.95,0,0.4426,38247.37,0,9751.91,0
66,72932.37,6.02,14031.61,9,64.79,1,0.7328,15263.29,1,25394.75,1
58,65257.68,16.18,8073.67,3,80.07,0,0.3468,12671.53,0,25067.56,1
31,35274.43,8.16,9606.64,11,80.5,2,0.1091,12005.54,0,6369.01,1
53,28028.32,0.0,11625.11,11,61.86,3,0.2679,22273.94,0,65913.94,1
56,39921.25,9.09,10203.98,1,46.13,3,0.3844,33362.58,0,17654.46,0
37,70919.54,9.73,52067.87,4,100.0,1,0.1126,16283.8,0,11716.83,1
57,75028.97,6.37,17869.06,7,87.3,2,0.1442,13855.21,0,10356.54,0
65,29718.19,0.93,11838.19,6,74.51,0,0.4546,31090.18,0,4178.88,1
61,35369.1,15.79,19608.01,4,74.81,2,0.4654,51235.4,0,5896.68,1
58,39720.89,1.65,30714.55,7,81.94,1,0.7235,14727.83,1,4779.14,0
52,46831.02,10.3,13662.79,12,83.86,2,0.1933,19102.46,0,92897.05,1
34,29797.08,8.0,37038.46,4,38.62,2,0.4466,10637.23,1,30514.93,0
59,29003.31,10.0,6510.75,3,66.39,0,0.2645,19040.81,0,4837.27,1
38,37997.0,15.53,45943.6,9,64.72,2,0.6211,9410.19,0,63046.56,1
47,57176.75,9.81,17871.55,7,69.42,0,0.638,48699.86,2,40992.59,1
36,32332.27,4.21,17321.73,9,84.33,1,0.2593,33470.57,1,6729.46,1
36,,12.53,10339.38,8,43.36,2,0.0472,60720.99,0,19354.25,0
28,88560.15,3.84,6740.21,10,50.41,3,0.2286,12162.62,0,6497.56,0
68,30616.29,7.82,4744.73,9,61.09,0,0.5556,76678.96,1,30189.99,0
28,50120.62,0.53,9778.15,8,74.47,2,0.3261,21360.96,0,18688.21,1
25,87223.49,1.83,28803.89,6,85.31,1,0.3382,16390.74,0,8196.72,1
66,45563.75,7.26,8342.38,6,98.1,0,0.4311,43425.16,0,3939.52,0
48,42486.31,8.84,5215.39,4,67.42,0,0.4234,8811.06,0,11320.41,1
42,92842.67,0.0,8698.23,6,85.29,0,0.6022,18427.1,1,18676.4,1
57,47920.45,9.49,13230.24,8,83.36,0,0.381,16133.55,0,38675.94,1
39,90410.1,2.9,13653.16,9,80.67,0,0.3352,24110.9,0,21137.65,1
27,66710.85,13.4,16236.43,10,71.61,0,0.3333,13194.43,0,27622.71,1
56,47136.76,5.24,41118.45,5,65.61,2,0.067,12339.25,0,6100.43,1
29,68251.13,1.38,48899.9,9,54.95,2,0.2314,13788.94,1,2023.01,0
48,63531.48,7.38,89545.04,6,53.89,1,0.3391,14688.05,0,2616.66,0
67,87071.57,2.42,4905.94,5,77.55,1,0.2898,19018.86,0,9230.07,1
66,42973.24,13.34,9076.28,2,71.13,1,0.032,44343.86,2,5984.56,1
38,56029.36,7.0,31473.94,4,65.35,1,0.6019,3978.19,0,10741.61,1
59,53498.37,6.24,12517.74,9,82.64,0,0.2862,30779.74,0,23228.28,1
51,75505.07,9.96,35837.72,3,68.79,1,0.2315,12933.54,0,21109.38,0
44,34674.43,1.98,21243.75,1,57.39,3,0.1988,15881.3,0,1453.76,1
27,86918.67,0.55,63671.38,4,67.74,1,0.1838,8412.08,0,122336.55,1
39,67841.98,9.04,41452.35,12,85.13,2,0.4733,18591.05,1,17066.33,0
52,30408.34,1.5,42063.7,2,55.62,3,0.1885,13686.47,0,15570.81,1
69,94731.96,1.5,12947.13,2,75.35,1,0.4299,15377.58,0,10499.58,0
21,150306.28,11.18,16649.88,5,71.11,1,0.6746,27073.61,0,9328.33,0
56,86328.39,9.63,14099.92,5,59.83,0,0.2058,28081.91,0,32302.73,1
62,104530.23,0.73,5396.0,12,67.31,0,0.4455,48635.54,0,4996.31,0
67,57154.05,3.9,58427.53,3,46.85,1,0.7095,11890.92,0,15814.8,0
41,26040.58,2.48,32677.33,6,73.75,1,0.4018,29020.96,0,46960.67,0
26,23986.21,15.88,13658.34,4,50.16,1,0.6651,28045.36,0,14236.52,1
34,61689.89,11.53,51113.35,3,89.16,1,0.3004,19140.56,0,19045.42,1
62,42137.7,4.9,10870.77,4,70.53,0,0.4273,58567.38,1,3389.56,0
64,36443.89,9.88,4136.56,4,62.85,0,0.4538,11514.16,1,25249.7,1
52,53468.74,0.22,40296.62,9,90.57,1,0.2853,20005.87,0,16732.09,0
27,72555.12,3.64,6472.25,10,55.49,0,0.5149,22283.22,0,10964.62,0
26,28605.31,7.52,15390.51,3,60.04,2,0.5547,7782.38,1,22978.71,0
44,44940.45,9.26,21226.92,6,42.73,0,0.075,43633.81,0,4287.87,1
49,108502.69,6.51,24501.74,4,92.95,1,0.5273,16705.73,0,60704.12,1
22,33901.3,8.24,35484.38,11,100.0,2,0.1972,24445.82,1,162065.77,0
54,81347.14,7.39,28647.12,2,45.22,1,0.6954,54390.3,0,6986.13,0
47,44221.2,6.18,27946.33,5,58.95,0,0.6749,20923.65,1,34574.31,0
21,70311.85,5.52,9561.75,4,73.12,1,0.1221,18515.76,1,10543.1,0
25,90118.96,4.87,22777.35,5,63.75,2,0.0788,18856.52,1,3964.77,0
43,76777.37,8.16,5397.48,12,71.5,2,0.1238,8907.75,0,38566.45,0
56,82802.23,9.05,62807.97,7,70.12,2,0.2931,13790.35,0,9294.32,0
61,32756.98,7.99,5861.0,5,78.52,0,0.1708,16189.56,0,20812.17,0
42,90783.73,1.11,13642.91,10,56.62,2,0.2317,19280.8,1,66972.94,0
35,37473.02,2.01,6266.84,10,75.08,0,0.4507,47248.47,0,19296.39,1
68,61813.82,8.99,10036.6,2,54.14,0,0.2349,34493.31,0,14480.93,0
43,61777.79,14.36,18194.41,6,65.41,1,0.1547,11929.7,1,5057.75,0
36,68418.16,7.76,11791.34,5,44.21,3,0.5428,17706.63,0,5072.92,0
42,64005.16,4.94,44959.8,6,65.53,3,0.2681,47986.26,1,10615.07,0
21,37623.12,8.12,21582.71,5,62.84,5,0.447,5384.83,0,8531.74,0
35,29960.89,1.32,12429.14,10,87.1,0,0.3143,15350.25,0,22132.44,1
46,81441.92,13.54,16175.64,12,71.05,2,0.4181,7214.29,0,4503.57,0
66,59797.19,7.93,47757.31,1,73.96,1,0.0655,99562.57,0,5972.56,1
57,92254.66,3.65,37243.17,11,71.64,3,0.6572,30906.85,1,10469.24,1
59,53903.93,6.17,7238.07,11,37.93,2,0.187,12717.73,0,13086.8,1
47,29224.55,4.36,10442.15,5,40.05,0,0.3165,17554.78,0,12647.45,0
26,84952.44,13.56,26316.7,6,66.9,2,0.3074,10126.31,0,10064.54,0
40,46556.49,5.99,23880.57,2,76.46,7,0.0927,72553.46,0,5923.36,0
69,64150.68,7.78,7768.42,5,68.24,0,0.4516,3615.08,0,20214.75,0
23,41098.7,9.87,32775.23,3,58.18,0,0.3753,22637.01,0,34788.28,0
64,115269.05,3.3,8825.74,11,68.15,2,0.4587,17125.17,0,15865.47,1
54,37072.63,7.97,51082.05,2,66.77,2,0.6178,8760.38,0,7119.46,0
34,47251.75,8.37,,5,84.46,0,0.0352,15096.61,0,2140.08,0
59,57724.7,0.0,7277.83,6,83.57,1,0.289,5788.44,0,53463.57,0
62,33644.55,8.26,11788.33,12,63.15,3,0.4494,54014.21,0,10253.37,1
23,63820.02,6.77,11625.53,10,71.2,4,0.0952,18325.72,0,39437.31,1
26,113601.07,7.65,20455.94,12,76.42,0,0.0073,34155.04,0,52594.3,1
53,44107.3,7.18,15289.87,4,78.79,3,0.6767,12821.92,0,24734.95,1
69,65703.19,8.3,7199.28,4,98.44,1,0.7673,46135.5,1,28336.75,0
22,15960.03,13.69,5900.07,7,71.55,2,0.1269,18443.48,1,26378.69,0
53,,1.1,27926.9,5,90.7,4,0.38,38145.95,1,9834.31,0
27,47773.17,5.29,22631.92,1,53.44,3,0.5422,26777.8,0,4269.04,0
52,38054.12,10.33,19585.74,10,61.8,1,0.3791,17581.2,0,24609.13,0
51,89477.38,9.4,22352.93,2,37.83,0,0.1925,36239.52,2,3028.99,0
25,47490.21,9.3,10970.79,3,74.42,2,0.6355,100000.0,0,8426.86,1
54,50778.26,20.77,20854.41,12,82.36,2,0.3475,8154.34,0,6748.18,0
64,46413.78,10.07,137163.85,9,31.11,2,0.1214,16539.6,2,20098.56,0
63,23214.24,12.65,46063.71,8,75.01,2,0.2031,7277.6,0,14797.06,0
22,33047.28,5.46,14291.21,2,81.67,1,0.5972,24062.9,1,6735.75,0
33,84760.13,2.04,11842.26,4,80.76,0,0.5463,21081.9,0,8211.71,1
32,21281.87,5.43,1825.8,3,52.87,2,0.4744,70121.34,1,69920.32,0
43,38958.28,10.56,42322.85,8,84.37,0,0.3255,15040.35,2,5922.62,0
28,45945.65,9.03,33772.81,7,72.15,4,0.0821,35046.27,0,10174.88,1
62,120537.76,9.02,11650.04,5,81.46,1,0.1771,4197.98,0,20206.59,0
59,77727.17,5.93,5725.93,9,69.99,0,0.436,20017.69,0,12785.06,1
60,42802.93,5.13,7143.18,10,78.1,0,0.6947,9791.41,1,20760.5,1
30,98925.23,6.1,25684.56,9,89.75,1,0.1384,27247.54,1,32255.76,1
21,39413.21,10.62,16758.39,2,68.74,1,0.5403,40297.84,0,43827.52,1
65,86611.11,11.2,31300.85,8,76.55,1,0.114,11827.31,0,12497.28,1
35,29839.66,1.97,19288.83,3,92.0,0,0.5309,26279.06,0,17281.89,0
53,89148.12,10.81,39008.47,4,69.87,2,0.592,14020.65,0,14498.3,0
65,45813.24,3.75,24192.24,12,53.99,1,0.4533,18606.08,1,5361.19,0
22,34622.59,9.34,34932.17,5,82.82,2,0.4914,24006.03,0,14302.37,1
21,49879.92,6.04,3382.53,10,94.96,0,0.3353,8913.63,0,2724.47,1
21,62311.01,14.83,6705.28,3,92.62,1,0.2328,8944.31,1,16816.33,1
28,44022.3,4.91,13448.81,12,83.44,0,0.0485,33031.3,0,1761.28,1
23,70570.5,7.89,42692.65,4,34.49,2,0.4878,11203.38,0,4925.54,0
61,42308.41,10.03,81028.06,3,61.83,1,0.339,44086.51,0,25913.13,1
50,72711.59,2.63,15783.78,4,62.65,2,0.5377,5195.62,0,18239.09,0
69,67110.0,6.64,11035.39,3,72.72,0,0.6818,34643.62,0,11815.95,1
60,53512.64,5.67,3767.44,8,99.01,3,0.8066,18104.16,0,8000.17,1
68,45092.28,4.43,35917.43,2,54.71,0,0.1994,16858.8,1,5511.77,0
32,58881.48,4.8,11590.89,3,100.0,2,0.6687,19956.02,1,7176.47,0
35,70453.11,12.56,150000.0,9,65.88,3,0.3717,6542.04,0,22233.25,1
62,139093.0,4.01,9962.71,1,59.73,0,0.1986,39481.13,0,9547.8,0
32,83937.49,9.83,96988.44,6,85.52,0,0.5603,13318.68,0,1837.84,1
23,85330.22,8.57,32755.33,9,86.79,3,0.2392,10038.11,0,3961.27,0
53,220779.32,0.02,7907.09,6,82.4,0,0.4173,81904.58,0,5778.58,1
60,69374.16,9.6,21673.42,1,59.69,2,0.1319,14099.75,0,9459.52,1
68,68403.42,0.0,33363.96,2,80.03,0,0.3938,9833.79,1,9214.21,0
66,75500.55,10.14,15031.83,12,55.46,1,0.3704,31798.25,0,4639.49,1
26,34928.34,4.46,35189.86,10,59.24,2,0.243,21645.68,0,20870.02,0
58,45041.19,7.04,34575.23,5,70.48,1,0.2968,36500.19,0,2019.9,0
62,43796.64,0.53,29004.26,11,58.88,2,0.3435,19082.32,0,6131.13,0
55,73608.42,7.61,17764.34,1,88.84,0,0.2515,35126.86,0,24314.7,1
61,50853.79,11.63,7031.64,1,62.75,0,0.1118,75723.8,1,19508.89,0
62,58529.67,2.97,16927.57,11,68.47,1,0.0791,10589.59,1,9411.28,0
42,89719.47,3.96,20722.57,9,57.92,2,0.2176,13054.82,0,27932.12,0
22,81105.52,9.27,4012.97,8,88.6,2,0.2373,5862.28,0,15170.56,1
43,51139.58,9.4,20609.66,5,61.34,1,0.3152,23485.0,0,12786.8,1
30,40684.02,0.0,16658.67,10,90.27,1,0.3892,19647.72,0,20606.34,1
26,91671.07,17.08,6379.38,8,89.1,0,0.1093,43567.06,0,17297.49,1
27,77912.33,9.64,13790.32,6,64.86,2,0.5084,17643.08,1,39782.3,0
55,26696.1,10.48,14025.75,5,72.47,1,0.1434,16969.6,1,9362.83,1
45,47770.77,6.28,84305.52,5,64.42,2,0.166,20643.19,0,9643.95,1
47,59252.92,0.0,21465.92,7,80.73,3,0.5807,15278.64,0,14325.84,0
57,78085.67,10.37,41231.72,8,68.89,0,0.2381,23289.38,0,12232.55,1
47,82837.33,4.17,16380.96,10,65.32,4,0.1494,21091.88,0,63821.99,1
51,62495.27,9.72,4019.83,5,72.74,0,0.1018,26249.16,0,19237.72,0
25,71571.33,5.91,30822.51,4,46.68,1,0.4395,15346.11,0,6259.17,1
62,56610.52,8.19,10631.51,7,70.79,3,0.8457,26454.49,1,3136.01,0
42,40613.48,3.13,13761.73,8,82.39,0,0.4193,27725.43,0,49345.58,1
28,48899.36,11.32,7752.34,4,74.21,2,0.2218,14323.86,1,8562.16,1
60,55472.05,1.06,19078.96,1,87.23,2,0.3463,16999.81,0,16158.93,0
56,54148.35,18.23,42203.98,4,65.96,2,0.5151,15914.52,0,11801.1,0
23,23542.93,18.19,37961.11,1,64.65,1,0.1201,7625.22,0,24797.73,0
30,45991.92,15.16,64028.18,1,54.12,1,0.4272,12811.08,1,7295.04,0
21,56408.83,13.38,71717.83,12,65.51,0,0.4346,30655.57,0,13354.89,0
34,48458.93,6.58,3503.18,10,100.0,2,0.1469,32547.18,0,7344.06,0
25,49218.15,12.83,6927.34,1,76.41,1,0.0723,22813.63,1,146690.13,0
55,68506.55,6.52,4236.84,5,62.63,2,0.5018,8856.12,0,6095.08,1
46,33845.38,0.0,29841.98,4,55.9,2,0.3847,35712.29,0,19866.79,0
69,26435.67,14.52,10338.83,12,46.42,1,0.3694,65810.19,0,155363.57,1
57,47023.94,12.64,12170.65,6,58.71,0,0.3757,27268.7,0,32254.55,0
50,77570.3,6.84,15136.27,4,84.15,1,0.3698,17965.07,0,11772.51,1
45,117534.52,0.87,24445.06,8,65.17,1,0.2615,9831.8,0,13945.66,0
23,78201.66,4.07,5485.54,6,56.67,1,0.2229,17825.07,0,5774.44,0
24,28406.4,0.0,6575.04,3,58.43,1,0.3675,12730.18,0,54423.67,1
51,49539.38,11.73,18018.68,4,82.39,1,0.442,15658.46,0,9793.17,1
21,61733.0,0.0,46963.4,2,70.7,1,0.0551,44380.96,0,11231.91,1
23,59575.78,8.43,17637.97,9,61.96,1,0.1268,33400.28,0,5443.85,0
31,70106.83,2.78,9554.8,12,67.07,2,0.5086,14158.51,1,9059.4,0
64,36403.36,0.0,3227.81,10,100.0,1,0.3408,19141.63,0,12726.79,1
43,56631.06,8.19,38571.44,5,91.51,1,0.1572,17938.99,0,31990.52,0
55,66451.91,5.33,9990.42,6,95.5,1,0.6579,13290.47,0,15249.41,0
41,79749.07,11.19,7188.07,1,43.97,2,0.0737,7028.19,0,32147.91,1
29,38273.59,0.66,4563.6,5,69.58,1,0.7949,32136.44,0,1535.2,0
39,47087.74,3.21,5692.17,1,61.68,3,0.0349,41169.77,0,42331.17,1
25,16291.04,0.0,8342.81,9,80.7,0,0.219,11765.56,0,3588.13,1
58,41582.33,0.0,14869.21,11,88.96,2,0.234,11395.17,0,23978.73,0
29,43438.51,15.99,6844.04,3,77.22,1,0.4269,33981.57,0,731.59,1
39,34761.84,17.42,20883.06,9,58.04,0,0.2491,11293.37,0,12730.89,0
69,59255.5,7.46,14779.09,8,61.42,2,0.0537,6818.91,0,28156.32,0
50,53632.63,2.88,106480.9,6,81.93,2,0.4897,13191.28,0,5627.75,0
43,19899.35,5.51,4603.5,9,83.52,2,0.4326,46505.53,0,12393.9,0
47,60601.02,11.37,20482.18,9,74.26,1,0.419,12478.4,0,27622.41,0
59,36219.13,4.43,20688.45,4,74.08,2,0.2184,11433.59,1,23237.88,0
33,68435.6,8.19,7892.6,10,72.8,1,0.2329,12944.72,0,2948.37,1
52,30892.09,6.94,19425.25,8,76.31,0,0.4695,8042.95,0,29486.34,0
63,55747.7,4.16,33316.32,4,83.46,0,0.3789,7156.95,1,55852.01,1
49,48419.84,4.37,19444.51,9,82.08,0,0.4321,14980.28,0,35818.45,1
42,63037.45,8.47,54485.91,8,72.38,0,0.1011,6742.54,0,3965.21,1
28,58174.49,2.12,3152.58,2,71.22,1,0.274,13619.11,0,4517.37,1
33,49033.77,9.26,9175.94,2,70.6,0,0.4495,21645.71,0,12850.68,1
67,27550.22,4.64,58581.36,4,59.51,0,0.3981,23432.56,0,20325.16,0
47,28292.3,7.64,37337.3,1,59.31,1,0.6378,16312.14,1,26278.05,0
35,42291.41,13.92,27737.38,5,80.7,1,0.1268,7779.92,0,5883.81,0
41,54795.45,6.16,48276.46,6,60.59,0,0.5627,13496.62,0,11222.94,1
49,41830.33,11.6,3885.01,10,85.02,1,0.6479,22920.76,1,5746.04,0
47,72870.11,0.0,34017.0,3,71.18,2,0.474,27794.75,0,4849.36,0
55,48505.82,4.65,42176.7,7,85.11,0,0.3466,14869.1,0,17298.84,0
33,35626.06,7.14,10627.15,8,82.19,1,0.4293,10997.24,0,11232.67,1
52,48530.37,16.62,147490.16,6,85.49,2,0.4047,19077.99,0,18079.9,0
42,60883.98,0.0,21061.59,11,64.38,1,0.3772,14051.97,0,7173.39,1
67,63658.4,6.52,3114.77,4,78.54,2,0.5448,8823.92,2,21924.67,0
28,128073.43,14.28,24419.68,5,83.81,1,0.5602,22314.81,0,4349.79,1
28,40703.9,3.07,10119.7,1,47.18,0,0.4587,18233.87,0,7964.74,1
43,53211.14,5.94,45712.33,5,99.23,2,0.078,8290.25,0,4432.04,1
45,66625.6,8.66,27902.8,1,100.0,3,0.2358,11571.02,0,15502.06,0
54,54423.33,7.92,11156.63,12,87.16,2,0.3053,15761.76,0,61322.95,1
40,43906.18,14.83,59879.45,3,84.89,2,0.1765,6193.84,0,16721.62,0
65,27389.71,9.24,38165.53,10,81.42,3,0.5594,10821.41,2,10950.39,1
44,43704.79,13.64,9281.62,2,66.83,1,0.4078,28011.99,0,10046.15,1
27,33925.51,5.2,15938.47,4,70.24,0,0.2704,12774.49,2,7119.84,1
26,25288.76,3.3,27218.73,2,87.43,3,0.6659,10292.87,0,32445.5,1
68,38446.89,5.87,13449.76,5,56.43,2,0.2645,38408.22,0,17385.6,1
27,34334.2,1.2,13774.96,8,55.03,4,0.4475,22989.45,0,2661.08,0
67,71524.29,9.42,18536.69,6,65.64,2,0.4495,29286.73,0,31956.41,1
34,72083.45,5.07,7673.19,8,82.5,1,0.2514,10388.22,1,5481.64,0
25,36619.74,3.64,3016.69,10,58.15,3,0.1697,14750.64,1,6649.65,0
35,48922.15,9.49,21794.98,1,68.39,0,0.041,17864.49,1,17235.43,1
51,23834.26,1.28,3666.55,6,70.29,0,0.471,21097.21,0,7004.05,1
41,44030.4,10.85,8133.09,8,55.81,0,0.383,89158.06,1,90328.18,1
59,65816.79,4.61,4362.76,7,32.96,2,0.4954,19091.86,0,9681.73,1
50,79722.77,12.8,4814.42,2,55.58,2,0.2861,38437.9,2,21215.83,0
40,39903.42,5.04,25316.49,3,76.17,2,0.0966,89316.33,0,2988.78,0
52,88293.62,10.16,15067.28,5,79.78,1,0.0302,59838.6,0,6891.25,0
68,27806.56,7.9,14638.45,8,79.91,3,0.356,20096.72,0,10666.27,0
41,31371.53,10.72,6281.76,12,81.75,3,0.5282,40193.3,0,29430.86,1
28,75692.65,7.55,10651.41,5,61.98,1,0.6246,19681.05,0,4555.4,0
41,116668.64,0.0,24325.76,7,58.55,1,0.2389,17515.72,1,35317.96,1
62,68674.47,12.04,17265.36,4,78.0,2,0.157,32430.74,1,13457.0,1
31,54010.53,6.56,34761.52,1,68.61,0,0.1367,33411.35,0,16112.71,1
67,20481.06,10.95,38956.49,5,86.51,3,0.5786,25670.93,0,6135.56,1
49,22136.59,10.45,14711.01,5,78.1,1,0.4346,16008.17,1,5034.18,1
50,58297.98,3.13,4090.11,2,92.54,3,0.1706,12836.87,0,1690.91,1
36,46815.06,2.43,9826.23,9,64.55,3,0.2586,7733.93,0,15715.12,0
66,33438.48,10.28,16646.84,4,89.08,0,0.131,20165.77,0,21103.45,1
22,56646.08,5.48,9671.49,3,100.0,3,0.5138,21241.2,0,8664.26,1
35,57924.61,11.68,7742.1,5,72.86,1,0.2427,32190.34,0,2885.66,1
41,84126.39,6.11,19032.99,12,79.99,2,0.6163,6481.45,0,7274.68,1
44,58486.98,12.12,125790.05,8,57.11,2,0.5717,19361.03,0,16788.58,1
44,95594.06,9.12,12180.32,6,86.3,1,0.2627,15621.1,0,14161.61,0
28,55198.21,8.44,17959.64,10,90.06,3,0.3083,17289.84,0,21969.94,1
32,52218.27,5.13,6301.22,1,64.09,0,0.4377,43036.2,1,2798.94,1
25,88789.97,8.16,48671.45,5,81.38,2,0.3945,44146.45,0,8334.5,0
49,35411.43,12.96,36240.1,7,76.49,1,0.3788,36646.9,2,10965.55,1
38,195162.89,6.73,34293.61,6,78.25,0,0.4125,19220.95,1,21215.68,1
48,65117.87,9.66,53421.24,9,84.99,3,0.1665,15764.93,2,6971.76,1
49,65281.35,7.23,12787.89,9,80.3,0,0.3215,41811.54,0,19420.26,1
55,69660.01,7.62,14131.94,6,69.78,1,0.6336,59593.22,0,5106.24,1
47,128001.83,15.62,70687.91,12,85.33,2,0.183,55121.46,0,14588.05,0
52,78567.77,13.01,29861.03,12,89.79,1,0.4371,25350.45,0,9216.61,1
49,26710.53,7.4,3049.55,6,63.13,2,0.0651,18510.57,0,8745.65,1
52,103429.98,8.07,25899.63,11,71.97,2,0.2877,29211.23,0,105291.52,0
51,47178.1,3.49,11302.38,8,43.7,1,0.2008,30538.49,2,8893.38,0
36,57717.07,6.14,36925.75,2,81.34,0,0.0241,13603.12,1,8202.02,1
33,30928.22,8.55,24951.26,2,91.57,1,0.4355,15732.82,1,3329.2,0
59,69694.69,11.25,4472.46,1,67.88,0,0.4961,100000.0,1,29253.36,1
37,41026.36,10.75,22318.95,3,74.13,0,0.5311,13600.12,1,7357.1,0
47,57535.92,1.45,21303.55,4,68.48,3,0.3084,32678.57,0,11658.96,1
30,48399.46,11.88,24074.22,1,65.86,0,0.4994,12557.22,1,5612.79,1
42,130789.47,6.56,28525.4,8,75.71,1,0.3592,16499.42,2,17445.28,0
46,134202.56,2.07,59569.55,5,59.45,1,0.1732,9440.81,0,27771.2,1
51,56163.33,13.68,25065.26,8,68.24,1,0.6501,9456.95,0,38965.78,0
46,56606.46,14.32,18332.78,7,57.53,2,0.5781,27731.53,1,10804.49,0
38,46492.17,8.32,45093.85,4,81.43,1,0.0955,25512.71,0,7034.36,0
68,90471.6,10.54,108263.1,8,75.83,2,0.0302,65277.59,0,6633.94,0
46,47433.05,10.84,37428.35,12,65.1,1,0.31,18330.92,0,12192.16,0
60,45500.87,13.98,21228.33,4,72.59,2,0.6268,20070.12,0,15077.17,0
57,85430.23,10.64,25441.87,4,68.47,2,0.6168,17467.75,0,19585.01,0
48,43167.96,0.36,22091.81,7,90.3,2,0.415,9110.92,0,5599.93,0
64,54073.46,17.05,18268.65,10,64.94,2,0.29,27191.38,1,13543.02,0
27,26997.47,12.33,101748.94,7,82.16,2,0.5025,15989.7,0,4794.98,1
66,75506.51,4.45,9886.09,10,60.72,1,0.6049,6589.38,0,10679.86,0
62,131725.91,1.85,45344.84,1,85.03,1,0.5952,39075.41,0,42138.58,1
45,76087.55,9.52,16275.91,2,88.6,1,0.4685,12039.95,1,9773.63,1
56,106180.75,5.61,5507.09,5,89.35,1,0.1456,22686.89,0,5413.23,0
46,37584.33,8.65,15482.61,3,95.54,1,0.316,23258.07,0,16450.64,1
34,61171.36,10.72,11622.6,1,76.68,5,0.4492,20853.21,1,26840.78,1
60,35978.13,4.17,28572.18,3,91.81,1,0.3588,8911.46,1,6007.38,0
33,49642.07,1.42,19363.93,4,97.99,0,0.3944,47832.14,0,3544.5,1
36,77853.46,8.93,7946.65,12,,5,0.4192,10808.17,0,5778.37,0
46,57578.69,4.33,58391.95,10,62.35,0,0.544,3225.35,1,8078.34,1
62,29126.39,7.73,43055.03,5,48.07,2,0.3894,32601.1,2,47051.01,0
39,30434.29,0.28,64021.32,12,88.98,0,0.4702,31862.39,0,3391.5,0
45,29541.89,5.74,21757.17,11,47.86,4,0.2661,7798.94,0,2612.09,0
23,68613.33,10.57,17492.73,4,43.52,5,0.4527,17929.34,0,15327.18,0
26,139224.22,10.03,31601.99,6,54.44,2,0.1897,38336.22,0,6323.64,0
23,101538.64,3.06,11340.63,12,44.19,2,0.1042,48362.58,0,4916.64,0
24,23432.87,1.16,19973.76,6,76.35,1,0.4032,27635.74,0,21534.38,1
63,104252.66,7.08,15639.96,5,54.65,0,0.2074,32110.99,0,13026.36,0
62,83823.5,9.81,5593.16,11,44.96,1,0.5256,29730.61,1,29657.28,0
61,27438.53,9.03,19932.19,8,71.33,2,0.5147,16352.06,0,23242.48,1
23,47985.19,4.44,12649.25,6,72.27,1,0.2613,8398.79,1,4045.18,1
24,90045.79,8.49,14825.22,11,42.08,3,0.6278,14992.21,2,2647.4,1
34,70458.81,14.51,24080.44,9,60.58,1,0.0745,39541.24,2,32855.16,1
48,30515.67,8.03,49819.09,5,70.81,1,0.1877,39280.77,1,10729.98,0
37,72397.17,0.0,9128.08,6,66.29,1,0.6654,20754.72,1,180945.3,1
44,21019.65,8.02,13751.19,1,66.73,2,0.6937,14253.05,1,28651.61,0
29,49752.62,17.22,9760.13,2,90.87,2,0.4056,60622.28,0,41223.92,1
56,91781.77,0.56,9264.85,12,100.0,0,0.482,19632.35,0,5129.59,0
36,55457.15,7.15,11186.6,1,66.99,2,0.2654,28121.53,2,11128.32,0
24,43939.39,5.87,15382.21,11,50.85,0,0.5566,7735.32,0,24846.61,0
57,82067.25,7.48,28762.4,3,68.25,0,0.6166,17307.54,0,11124.49,0
65,85282.69,7.97,23259.84,7,75.11,1,0.4891,38502.23,1,12620.44,1
21,99171.54,12.7,7728.28,9,71.15,1,0.3543,6901.64,0,14939.51,1
42,81515.02,7.42,50688.55,12,81.77,3,0.5673,17519.09,1,6254.83,0
61,89474.34,13.39,38317.3,5,100.0,0,0.4543,23965.66,0,5418.3,1
55,76488.62,6.41,8753.23,12,44.59,1,0.0836,48926.52,0,10175.25,0
62,61980.58,5.25,47926.11,6,63.89,2,0.368,35643.93,0,8263.29,1
41,57260.57,3.65,23380.97,11,96.66,2,0.4976,58884.51,2,5447.36,1
39,49430.43,0.0,15882.34,2,63.65,2,0.2557,32222.04,0,10706.15,1
55,31873.26,8.38,23970.78,4,84.63,1,0.5055,33552.37,0,3704.61,1
28,,17.27,17632.7,8,82.09,3,0.6018,9222.44,0,23833.05,1
32,48444.88,9.29,27838.91,9,91.79,2,0.3916,9038.4,1,20400.79,1
50,61312.68,10.43,20909.93,10,100.0,1,0.6097,58369.88,0,22202.92,1
53,105182.7,4.93,13741.64,5,77.33,1,0.6613,13104.27,0,5641.38,1
26,53975.19,5.78,3559.82,8,44.07,3,0.4722,12318.22,0,5033.41,1
45,86392.21,11.92,27443.18,8,60.79,0,0.0607,3578.93,0,39411.44,1
38,89391.47,17.04,13349.08,12,100.0,0,0.2437,37808.46,0,10062.24,1
45,49559.9,14.44,33539.67,2,49.37,1,0.5517,8223.98,2,20045.67,0
67,71876.1,11.03,26462.05,1,79.95,1,0.2524,10136.75,0,4253.15,1
24,49291.2,7.18,13629.55,7,31.77,0,0.0968,38721.37,0,9278.03,0
69,99712.83,8.05,40803.27,1,50.38,0,0.1087,3835.23,0,35076.48,0
43,73219.57,3.23,21205.17,3,86.19,1,0.4238,46594.61,0,13533.88,0
58,32188.7,0.0,20517.66,7,72.58,0,0.5185,10073.44,1,9583.98,1
41,59146.61,1.37,16117.14,4,65.98,1,0.0846,16240.96,0,19978.18,1
36,115466.87,7.25,69214.91,4,58.97,2,0.2395,10457.08,0,15948.08,0
58,50692.56,5.54,10173.22,5,40.06,0,0.3036,7095.25,0,78332.63,0
54,67276.09,0.0,13904.77,9,83.09,0,0.374,10582.03,0,12449.69,0
28,70314.54,6.81,6689.26,5,67.47,0,0.1448,10087.22,0,21492.22,1
55,34496.33,5.41,32193.24,10,47.65,3,0.5461,7604.12,0,10628.71,0
57,69210.44,1.14,11298.3,2,72.48,0,0.2644,52990.65,0,4928.65,1
40,29373.92,5.15,12358.49,2,81.3,1,0.3939,9131.22,0,17540.77,1
66,41504.52,5.4,11903.38,2,68.79,2,0.4861,4803.95,2,3206.63,0
52,89247.06,3.92,18926.24,12,73.86,1,0.3581,4242.97,1,29160.84,0
37,64577.98,11.63,6617.81,4,72.61,0,0.3437,24418.15,1,3668.87,0
21,47957.64,0.0,2991.5,1,60.69,0,0.4563,5346.97,0,5408.67,1
54,67238.14,0.0,25959.43,4,72.87,0,0.0817,15889.28,0,5017.29,1
31,53532.65,7.02,3318.54,9,83.76,0,0.0694,71454.99,0,20983.09,1
58,55312.2,7.48,35647.61,5,88.55,2,0.4224,20444.45,0,4380.88,1
46,73913.95,9.02,62626.84,5,84.65,0,0.4983,22583.81,1,18979.81,1
43,39647.1,4.31,15783.94,2,61.2,0,0.6004,12423.77,2,6544.19,1
29,56007.44,2.41,50905.25,9,82.18,0,0.3916,17832.12,1,10800.26,1
55,47789.81,6.96,17654.07,3,79.45,0,0.4621,15476.42,0,7402.9,0
29,26945.37,4.79,64700.23,2,60.64,1,0.7587,22342.19,0,97440.53,1
41,36347.6,14.76,12495.86,9,64.57,0,0.3853,57418.89,0,2684.24,1
61,111388.72,5.38,2714.12,12,82.88,2,0.4463,13349.05,0,18644.2,1
66,65395.84,6.73,16885.28,8,94.03,2,0.6437,10369.19,0,11896.92,0
69,30317.3,19.38,70579.68,12,43.01,3,0.5356,17073.02,2,5948.6,0
67,27499.66,6.03,27614.65,5,98.24,3,0.2195,35250.27,0,17119.57,0
48,52292.84,9.78,11918.75,7,90.63,4,0.5012,14203.41,1,5055.69,0
30,111037.4,10.23,23417.71,5,75.19,2,0.4212,21692.19,1,4565.71,1
62,50566.64,10.66,39144.96,7,68.15,3,0.1136,25747.08,0,4275.92,0
60,99035.96,8.45,16808.4,11,78.25,1,0.388,81222.86,0,12923.63,1
69,64437.9,7.97,147154.61,8,61.75,0,0.4317,34334.02,0,6995.78,0
52,67992.4,7.5,11898.8,1,69.16,3,0.3039,9771.47,1,5500.01,0
27,30152.23,4.12,40140.28,7,48.4,3,0.2996,3882.67,1,16339.81,1
45,83865.85,8.63,33112.85,5,44.14,2,0.3001,19998.1,1,31670.07,1
42,47304.89,17.14,10283.18,7,100.0,2,0.1816,10987.61,0,3346.68,0
62,81103.39,13.05,12817.6,7,73.01,3,0.2769,12811.22,2,16163.13,0
40,38128.3,8.52,40643.98,8,75.26,0,0.2047,8963.64,0,19226.6,1
37,59561.26,11.28,20210.5,11,71.51,2,0.4471,12637.74,1,37760.13,1
24,64440.0,2.65,23590.15,11,58.76,0,0.2475,12462.38,0,9247.99,0
61,51316.8,5.7,4862.72,12,67.09,0,0.3191,16599.68,1,48192.13,0
58,65981.77,11.74,30422.14,8,73.46,0,0.1204,11239.55,1,20293.03,1
23,48786.54,14.44,22651.12,4,68.85,2,0.3169,10895.91,0,2211.65,0
42,41069.11,3.15,17102.83,3,59.96,2,0.4176,26085.62,0,15723.81,1
44,113272.99,4.58,24024.77,11,79.67,0,0.2158,17967.88,0,11812.61,0
43,88178.39,17.91,12974.65,11,75.01,2,0.5131,18056.43,0,29094.72,0
66,39053.95,7.48,11210.49,1,78.29,0,0.1915,17388.34,0,34699.45,1
28,71032.19,16.12,14833.13,3,83.28,1,0.5377,9619.96,0,5005.09,1
36,39374.87,8.03,12416.29,9,69.27,2,0.8943,49211.96,0,27127.51,0
29,32272.81,8.23,103006.84,2,69.3,3,0.322,74663.6,0,10682.88,0
32,87579.54,5.47,,1,95.72,2,0.586,42833.78,0,6338.65,1
65,25546.19,11.71,8294.53,12,56.9,2,0.307,5235.27,0,44208.7,0
67,83464.25,13.79,91781.3,2,42.02,0,0.3537,11327.48,0,7818.42,0
23,49087.68,1.82,12731.59,3,80.89,0,0.3874,29546.62,0,12352.54,1
51,50005.71,5.24,18429.19,12,61.93,2,0.3554,10647.18,0,11219.81,1
32,66136.53,11.58,36903.47,2,54.76,0,0.5325,11019.1,0,19070.9,1
30,71441.05,6.35,3722.45,10,86.16,2,0.5115,6892.55,0,39352.65,1
35,37920.0,4.53,14890.91,7,69.68,1,0.5601,13967.77,0,51081.16,0
30,75967.81,12.05,11378.26,7,51.78,0,0.3278,10127.79,0,27092.44,1
45,57878.73,12.52,21209.22,10,100.0,0,0.2317,3375.95,1,2622.65,1
69,31252.79,4.75,24201.42,1,46.23,2,0.4717,40301.3,0,44546.93,1
49,50952.29,8.06,16921.15,1,70.61,5,0.4676,24096.28,2,20606.03,0
56,102402.26,0.96,16304.71,3,41.77,0,0.2092,7066.99,0,32217.6,0
45,116956.36,2.52,42202.39,6,76.33,1,0.339,33046.67,1,9149.7,0
21,75954.92,7.62,22909.7,12,61.74,1,0.3732,19671.98,0,11866.47,0
25,32190.73,7.16,18606.51,1,85.11,2,0.2947,40522.08,0,28212.5,0
34,68587.22,2.17,20260.4,6,71.72,3,0.5221,30094.97,0,73354.4,1
32,80658.21,3.42,78185.4,6,93.61,1,0.6132,10460.92,1,14284.22,0
62,76241.18,1.67,20666.44,3,65.12,1,0.6757,28748.86,1,3902.69,0
62,78301.18,9.28,11927.1,5,46.33,0,0.293,29613.39,0,20531.98,0
62,64767.35,0.0,3908.57,3,75.8,2,0.178,37684.55,1,10146.05,1
52,53236.68,1.94,,2,67.96,1,0.0558,36182.54,1,4639.96,0
48,41828.08,0.0,12388.28,7,42.89,1,0.0976,77105.84,0,10656.44,0
52,23412.32,9.1,16505.11,12,55.11,1,0.1685,35064.59,0,18435.75,0
40,64082.54,0.0,11540.64,5,60.21,4,0.2528,10393.78,0,30950.88,0
53,59803.07,7.16,23838.14,8,96.89,0,0.5155,20378.53,1,7769.54,0
59,70685.63,15.2,11422.27,9,83.32,0,0.1857,8636.82,0,8075.17,1
58,30127.5,15.37,8660.57,11,66.44,1,0.4236,41969.55,1,10950.85,0
51,73522.44,0.0,29385.07,10,79.53,1,0.6741,9884.57,0,58284.2,0
23,138639.7,8.49,53833.04,11,39.37,0,0.4169,85813.51,0,40160.13,0
56,56976.32,2.06,7423.4,10,62.96,1,0.258,14668.12,0,19945.5,1
38,53494.76,1.03,21875.0,12,78.42,1,0.2159,17454.89,0,19280.63,0
57,63205.05,6.43,3921.08,12,,0,0.172,13001.84,0,9038.41,1
47,137261.09,13.14,5533.06,9,63.37,0,0.4906,10897.49,1,24044.14,1
64,34698.33,10.0,11238.65,6,71.39,1,0.2532,12417.78,0,4906.44,1
37,60266.49,3.42,44625.26,4,77.41,2,0.5933,21169.13,0,18470.16,1
66,38378.11,10.53,9654.33,7,71.85,0,0.2976,18223.73,0,1927.4,0
62,42999.18,0.0,9369.8,10,85.78,1,0.4254,13349.56,0,2741.49,0
37,53786.23,3.24,18527.23,10,77.1,2,0.1893,22307.32,2,2104.59,0
44,100849.43,2.88,18542.0,7,80.18,0,0.5215,12309.69,0,65273.54,0
47,123690.06,7.39,9604.83,1,99.42,2,0.5607,17937.28,0,10407.02,1
58,67289.03,5.99,88177.25,4,85.24,1,0.1625,61956.99,0,3552.32,0
54,46426.27,6.29,14557.13,7,99.86,2,0.5121,12051.83,0,107613.69,0
62,168859.27,6.13,19712.24,5,61.25,0,0.3174,14556.01,1,5973.26,1
39,45373.75,7.11,13052.09,6,46.52,2,0.503,8020.42,0,19264.57,0
45,42534.78,9.7,25593.77,4,69.76,1,0.0706,14204.12,1,5929.39,1
42,24744.64,7.75,48343.79,1,68.39,0,0.2937,23396.3,2,24516.22,0
65,103087.11,5.58,68122.17,6,95.35,0,0.2646,12432.94,0,11839.87,0
35,85033.36,9.01,9782.15,6,53.92,2,0.226,8137.12,0,6127.39,0
49,163260.27,11.13,43423.81,10,70.74,0,0.2176,23182.92,0,3606.65,1
26,29430.97,4.22,27941.59,2,78.48,2,0.1018,24964.84,1,6337.64,0
62,106007.52,6.7,39251.95,6,73.6,1,0.7217,27664.74,1,4856.78,0
39,56763.54,12.81,16724.39,11,69.26,2,0.3601,7560.94,0,2458.5,1
37,79049.82,1.49,15498.44,4,77.74,2,0.5519,46981.28,0,23239.17,1
49,26201.94,16.02,38051.61,4,89.27,0,0.4311,12792.49,0,32769.8,1
45,106481.37,0.3,38633.73,2,96.57,3,0.4536,8890.49,0,6502.81,0
62,78356.25,5.27,62988.25,7,72.52,0,0.5178,36875.6,0,1841.47,1
47,54045.36,2.25,21098.67,11,58.95,1,0.5377,45835.71,0,16637.34,0
46,73525.62,17.94,16524.43,6,96.55,0,0.5177,14434.75,0,13799.4,1
26,38972.66,4.48,2515.54,6,54.76,0,0.5186,10048.95,0,4877.02,1
22,42376.13,4.5,4959.79,9,100.0,1,0.3018,24532.18,0,11377.07,0
40,44646.82,5.15,13130.93,6,93.51,2,0.3481,7082.67,0,1003.07,1
69,23893.48,7.48,7459.77,5,95.83,0,0.3977,100000.0,0,12089.62,0
65,81054.72,5.36,34524.74,10,82.97,2,0.1962,8739.78,0,10456.2,1
51,94024.02,6.34,6311.38,4,38.2,2,0.1329,23096.57,0,39701.12,1
51,40114.12,0.0,12053.18,11,55.37,2,0.057,16084.47,1,15080.51,0
40,64329.9,7.29,12437.93,4,76.91,0,0.2518,9455.02,0,13022.59,1
29,48805.35,7.09,47189.26,7,61.19,1,0.3922,9349.42,0,70289.8,1
21,63755.56,12.19,11064.93,4,66.96,4,0.3271,39637.78,1,5874.62,0
37,41468.06,13.55,25849.76,8,81.8,2,0.3922,23276.7,0,3122.28,1
36,36958.36,6.06,21050.76,6,69.28,0,0.3345,11057.33,1,27291.17,1
30,88302.36,11.08,37077.21,3,52.5,3,0.2817,12163.27,1,30744.31,0
33,53441.7,1.49,35535.91,9,86.17,0,0.3692,10183.99,1,31411.48,0
22,136630.77,10.84,17524.85,12,80.24,1,0.2643,33351.4,0,9730.68,0
50,56158.2,4.14,4633.61,1,68.02,1,0.1497,34329.13,1,6327.46,1
66,36255.75,1.08,14954.0,7,83.38,4,0.5271,26036.79,0,3920.07,0
54,95531.55,6.07,17714.92,9,73.52,0,0.2148,21498.82,0,5399.25,1
42,73053.59,14.0,22627.8,9,93.3,1,0.3048,27910.95,0,3096.94,1
41,76281.16,7.91,9977.45,3,74.42,1,0.6469,5675.15,0,8077.43,0
36,,14.48,44839.64,2,93.18,2,0.2932,21823.23,1,53421.44,0
27,41000.11,3.26,18197.19,7,42.02,2,0.4205,38026.58,1,7349.46,0
50,51938.96,12.24,8619.04,8,79.35,2,0.163,21159.05,1,13470.16,1
48,50916.18,3.74,12475.78,4,65.63,2,0.6051,18679.88,0,19635.69,0
21,30768.68,8.13,84200.92,5,58.26,1,0.3175,11532.57,0,8671.36,0
41,48848.2,8.08,30626.76,7,90.54,2,0.3523,12082.85,1,8611.07,1
34,100354.0,10.31,41643.15,6,86.23,2,0.184,12479.25,0,38176.33,1
29,61199.27,8.25,7823.27,6,39.9,4,0.1619,21041.2,0,14192.12,1
55,30012.25,3.3,10374.06,9,83.45,0,0.1251,12817.5,0,33155.89,1
46,27308.7,11.4,10435.71,12,81.51,0,0.2639,5022.82,1,102918.28,1
52,116335.98,15.66,20861.11,10,60.43,1,0.5898,31462.37,0,5484.88,1
55,52809.42,4.08,15660.95,1,58.64,2,0.666,25943.54,1,10431.91,1
69,41099.61,0.0,12167.59,5,46.55,1,0.6708,23082.09,0,10325.19,1
60,48620.09,9.5,13451.84,1,66.6,0,0.3274,9342.55,0,7682.11,1
51,28291.03,5.34,9536.66,11,69.16,1,0.1369,12753.21,2,8137.96,0
64,104347.43,6.34,15587.98,8,84.75,0,0.2806,25885.02,2,42415.65,0
44,46083.7,9.78,43857.43,3,76.31,3,0.1332,18336.16,1,13121.2,0
69,101764.76,4.72,5364.81,11,55.04,0,0.3564,11043.19,0,112778.07,1
58,56293.35,5.66,23749.35,7,75.82,0,0.3375,44706.55,0,8324.6,1
52,104650.12,6.5,54295.75,1,67.94,0,0.1757,9948.22,0,46543.09,0
65,61734.67,14.35,15546.29,2,57.04,1,0.1901,2227.4,0,58437.73,1
46,80744.34,7.15,11790.23,10,46.57,1,0.3719,19134.49,0,11136.64,0
56,76014.57,0.82,37703.65,4,82.0,1,0.2925,19713.5,0,17946.66,0
34,72807.15,1.02,8190.66,7,79.14,0,0.4363,18745.51,0,26561.44,1
68,64322.13,7.7,17676.19,11,80.91,0,0.5678,23846.47,0,7269.53,1
51,49528.6,1.35,7834.18,4,60.35,3,0.2427,12188.41,0,53637.52,0
59,130226.96,0.0,4032.11,1,74.74,2,0.064,36916.19,0,5781.67,1
43,36569.39,10.18,15939.25,2,49.99,5,0.6132,6917.44,0,7510.59,0
63,55106.72,10.42,6551.25,11,56.21,0,0.6714,17732.18,1,7585.32,1
24,55369.66,5.16,17832.73,8,72.54,0,0.494,11615.13,2,14696.88,0
26,65919.32,8.47,43921.13,4,76.2,1,0.2059,36419.23,0,16118.33,1
45,45334.6,7.94,79342.67,1,45.94,2,0.1729,10321.39,0,6767.55,0
56,63368.63,10.01,19398.49,9,55.08,1,0.3191,18916.43,0,10838.1,1
60,50975.95,10.02,40680.32,1,66.15,0,0.297,19105.33,0,4401.14,1
42,26989.68,0.0,24767.74,2,87.34,2,0.5807,20644.42,0,34226.19,1
52,55236.93,5.8,13248.45,8,58.99,1,0.4042,10798.94,0,22430.14,0
48,33517.87,9.59,3859.55,8,74.25,2,0.2596,23251.03,0,8778.99,1
68,25200.39,4.95,66126.24,7,75.93,1,0.5879,18364.14,0,10093.72,0
53,58494.12,7.18,7776.37,11,68.0,1,0.1674,22891.18,1,6606.73,0
41,68503.22,10.75,54412.21,4,76.29,3,0.6037,54188.06,0,5199.48,1
68,69710.25,7.4,27655.31,7,50.48,0,0.2693,19523.08,0,4536.54,1
26,70991.49,14.54,8244.63,4,61.51,2,0.6546,8969.38,0,5215.44,0
69,23050.05,12.63,23103.18,5,94.95,0,0.1765,71029.16,0,28433.31,1
28,29810.94,6.41,99156.62,2,96.08,2,0.2642,35721.16,0,30480.52,1
35,133675.85,6.01,61491.18,10,85.49,2,0.3909,28451.24,0,3498.73,1
61,,0.0,11943.67,9,89.61,1,0.9424,15839.69,1,22504.35,0
56,72400.39,5.37,10183.69,9,42.79,1,0.3338,30209.61,0,3998.93,1
68,40375.02,0.23,19502.41,2,56.82,2,0.7352,4263.98,0,23878.57,1
57,57007.68,8.11,15767.66,2,67.02,4,0.522,53130.12,1,12943.16,1
52,41362.26,7.76,47000.66,10,100.0,0,0.1356,33710.23,1,7509.64,0
37,70811.87,10.48,32526.11,8,66.99,4,0.7673,15901.7,2,17924.7,0
21,58491.51,13.98,4648.66,1,83.92,1,0.2007,33116.37,0,40393.25,0
27,44952.34,6.87,25979.61,8,78.05,2,0.0954,27758.89,1,2220.37,0
35,34286.64,18.4,15597.32,12,77.7,2,0.5677,8880.08,0,33417.04,0
23,62043.24,8.16,18542.37,10,71.62,0,0.384,20401.68,0,5865.57,1
45,31868.23,0.45,21966.67,4,52.8,0,0.2422,23403.56,2,43215.02,1
59,66666.31,4.19,46962.76,4,28.78,1,0.2385,16390.11,0,26175.33,0
68,179334.25,5.14,39354.33,10,92.51,1,0.2346,15439.12,0,4374.15,0
44,100978.71,9.96,9880.64,5,62.14,1,0.4374,33826.6,0,7106.84,0
63,75989.09,2.26,17175.47,9,42.13,1,0.1337,20359.93,0,18490.4,0
69,,5.51,12573.04,12,79.01,1,0.141,67010.52,0,28137.63,1
63,22986.21,6.19,4687.48,5,78.7,0,0.3295,11394.5,0,18419.29,1
43,30335.07,4.76,16492.0,7,84.29,2,0.4929,23974.51,0,17046.86,1
36,97963.01,11.06,78741.89,6,89.85,1,0.0409,9450.32,0,6752.96,0
68,38549.49,10.21,4575.6,7,57.3,0,0.3295,28922.31,0,12370.67,1
32,40151.9,12.83,17656.82,1,58.0,4,0.3852,8250.89,1,11233.24,0
41,51049.23,5.34,17209.49,12,66.9,0,0.2285,22023.61,0,3107.62,0
24,34103.92,13.01,22659.07,7,85.15,2,0.2839,41132.98,0,16230.11,1
59,31667.38,0.18,8332.74,3,38.36,2,0.3689,18666.96,0,8624.44,1
52,53764.85,0.06,5756.23,7,74.05,1,0.3865,8997.14,0,41397.98,1
25,36823.82,0.93,5974.46,5,86.91,1,0.4028,34880.49,0,34387.1,1
31,39404.3,7.05,52201.89,10,86.25,3,0.253,23161.96,0,14164.57,0
48,38698.36,13.01,8200.73,10,83.34,1,0.2643,16957.6,0,32417.4,0
47,69574.3,3.99,12069.99,5,89.01,0,0.3508,9142.5,0,20876.64,0
60,49544.77,4.62,96938.6,9,28.05,2,0.5064,5830.58,1,11760.77,0
34,50753.26,5.92,10003.82,1,97.82,2,0.2057,87050.68,0,3355.95,0
66,71949.09,9.86,23671.96,12,77.29,2,0.2767,12050.92,1,10394.83,0
42,51594.51,4.61,42157.86,7,93.35,0,0.4241,8982.8,0,8886.25,0
61,48526.93,4.33,40566.72,8,53.21,3,0.0972,22435.29,0,10862.98,1
32,67967.92,0.27,6203.48,8,43.94,0,0.3777,8826.01,0,9766.45,1
22,74293.41,4.14,10172.52,4,100.0,2,0.2771,25510.11,0,32393.64,1
23,51477.77,12.89,22925.8,9,57.18,1,0.739,46345.06,0,35782.91,1
39,57031.67,7.45,84232.91,5,67.03,4,0.2296,8583.67,0,7733.68,0
67,38687.93,3.3,9788.06,9,80.44,0,0.0664,14603.3,0,3643.11,0
23,37338.53,13.18,12127.57,2,84.37,2,0.1437,24336.15,1,5009.17,0
39,77746.19,4.07,25179.53,2,89.25,1,0.0815,7672.81,0,36686.96,1
26,67192.2,14.1,29550.43,12,75.57,2,0.2292,9513.91,0,28394.41,1
66,67506.07,14.02,31018.23,9,55.13,0,0.3289,16587.39,0,4302.83,1
54,62409.51,7.28,9145.73,2,83.31,0,0.412,71015.28,0,3205.16,1
58,56155.5,0.0,11760.34,3,83.56,1,0.1488,9908.72,0,7048.25,1
55,75242.67,18.45,21386.77,7,42.96,0,0.6413,14767.26,0,60408.95,0
53,83774.79,8.94,,1,94.7,3,0.3029,100000.0,0,17500.02,0
58,82879.34,5.38,14873.55,5,32.21,0,0.026,31405.31,1,9700.45,0
21,52561.46,11.78,17681.7,4,88.55,3,0.2573,5498.03,0,10716.69,1
63,102665.89,10.51,7921.88,2,61.85,2,0.1052,15285.37,1,2207.17,0
57,60955.28,13.55,79914.17,4,83.29,3,0.3202,27108.5,0,9227.56,0
57,73105.42,3.69,20364.27,4,80.16,2,0.5412,49553.2,0,36637.15,1
40,62444.16,8.59,42630.74,1,71.41,1,0.2368,47721.29,0,8414.69,0
60,61466.12,1.07,18435.71,8,79.22,1,0.1922,26640.26,0,9632.99,1
39,39497.79,10.33,19270.69,4,70.62,1,0.6429,29731.81,0,16136.88,1
23,75410.09,6.89,5420.16,1,83.42,0,0.3908,7250.33,0,4363.35,0
65,197890.86,8.41,3221.23,1,100.0,0,0.2387,11084.86,1,16192.65,1
32,46463.89,6.27,49003.71,12,50.54,0,0.4493,7259.22,0,5696.8,0
25,56785.49,5.75,19159.88,2,20.99,0,0.3034,37029.8,2,7656.41,0
51,44994.53,2.66,21232.1,11,65.35,0,0.3331,23429.76,0,8537.7,1
32,44155.8,10.95,6626.84,2,64.26,1,0.6307,19390.61,0,8542.97,1
63,110204.25,14.45,8740.09,2,65.96,1,0.3472,53029.49,0,13155.4,1
42,40629.57,4.22,42106.97,7,57.18,1,0.6302,26234.93,0,11230.69,1
21,44433.65,9.77,72420.31,11,85.96,0,0.3079,39926.91,1,10187.42,0
67,26922.47,9.16,10950.14,1,49.9,1,0.6925,30563.6,0,13391.36,1
46,39111.16,7.04,30801.35,4,79.21,1,0.0939,32722.75,0,5301.24,0
33,25496.81,0.0,20955.3,10,82.22,2,0.3048,8675.61,0,1721.07,0
54,73086.62,0.49,16345.43,1,77.06,1,0.1127,35599.67,0,11907.22,0
46,193871.76,3.1,79197.04,3,79.79,1,0.1241,25067.48,0,6463.13,0
22,46633.9,0.0,12526.05,4,87.19,1,0.1468,13519.63,0,18066.79,1
58,25979.09,14.04,48566.88,10,72.86,1,0.5956,29064.18,1,7302.04,1
40,82461.63,8.84,24422.64,10,66.46,2,0.3833,44276.87,0,2174.56,0
55,39655.0,6.85,17758.43,9,79.78,2,0.3623,16804.5,0,10772.9,0
64,98695.5,0.0,53946.11,8,81.61,1,0.2632,10651.23,1,30916.76,1
50,48444.56,0.0,22702.6,1,86.23,1,0.5719,11000.89,0,15902.3,1
53,41389.04,6.99,16663.65,3,44.6,3,0.0428,6778.15,0,3341.39,1
33,,16.85,54267.5,12,69.06,0,0.2691,15996.09,0,6834.87,1
32,77349.39,3.51,48900.2,9,54.95,1,0.1612,27208.29,0,7674.37,0
41,49649.78,11.32,47084.43,3,,1,0.3446,60580.43,0,10169.55,0
62,43983.17,4.6,802.62,9,83.63,1,0.304,10240.25,0,7075.32,1
46,50292.65,7.28,25597.97,9,67.61,1,0.5446,23146.45,1,2470.3,0
38,31031.36,13.07,21328.95,9,60.33,3,0.2017,18287.65,0,10603.17,0
59,65759.06,5.27,17504.91,12,81.55,1,0.4032,17891.94,0,43554.11,0
62,24613.77,3.55,29317.82,7,69.87,2,0.5366,6168.84,1,6664.41,0
65,45036.74,14.09,22171.71,1,94.82,1,0.4497,8870.93,0,3918.36,1
35,77405.4,7.23,30957.57,10,100.0,1,0.1036,64111.29,0,43252.19,0
55,63035.93,12.46,14526.9,1,88.01,3,0.2821,36483.44,0,67609.49,1
49,71734.9,3.57,59675.18,8,75.72,1,0.4889,21941.37,0,8313.96,0
42,53413.45,14.03,33566.45,10,100.0,2,0.4381,24870.27,1,14862.1,0
40,93104.17,8.37,27782.13,2,75.85,1,0.6272,30288.85,0,14637.28,1
26,83383.28,9.17,26717.96,10,64.33,1,0.1988,13152.44,1,26704.15,1
34,67228.46,7.66,45431.1,10,61.19,1,0.213,13536.6,2,4391.2,0
47,83490.16,4.47,40760.85,8,60.74,0,0.1992,11696.33,2,11681.72,1
64,77093.87,6.99,16447.18,4,71.9,2,0.1847,20258.92,0,4499.28,1
63,45131.24,4.79,39750.41,3,79.41,3,0.4463,8044.19,0,16373.93,0
30,30041.47,11.8,20689.24,9,49.36,2,0.41,11308.63,1,46835.17,0
54,66453.08,5.98,83422.09,2,64.82,0,0.1793,25651.75,0,16198.25,1
25,70321.2,0.0,43317.38,9,75.41,0,0.3214,14059.78,0,5584.28,0
54,89841.37,0.0,10912.23,3,82.3,4,0.085,5285.49,0,29401.08,1
37,36089.02,0.0,116156.72,5,71.59,3,0.0697,13803.45,0,6923.7,1
43,36577.72,10.09,3349.26,7,75.91,0,0.4503,26369.7,0,18375.44,1
56,67646.01,1.24,29971.76,2,52.18,2,0.8859,19522.67,1,5966.2,0
41,53266.52,8.5,10312.68,10,57.41,1,0.2149,5515.35,1,3629.99,0
60,23540.93,7.68,81135.13,9,71.03,3,0.224,37076.4,0,6056.47,0
47,65113.5,6.68,22034.66,1,80.17,2,0.6094,15147.49,1,1053.98,0
69,23896.76,9.19,9538.49,11,75.7,1,0.2996,22821.63,0,4524.39,0
52,35944.2,7.79,14543.96,9,58.42,2,0.1484,37400.17,0,82442.16,1
35,101047.41,0.0,10167.81,11,68.22,2,0.4373,16505.92,0,949.04,1
58,125026.88,5.38,14094.01,8,96.19,2,0.2848,4730.48,0,2919.08,1
40,31826.14,9.13,13838.49,8,80.71,2,0.31,61512.39,1,57534.33,1
47,47422.98,15.2,9869.48,5,69.4,1,0.5027,3838.19,1,5060.08,0
27,56065.09,15.43,22340.98,3,55.59,2,0.3783,14261.78,0,8347.36,0
26,122594.89,0.18,24614.88,3,60.59,2,0.3197,44582.56,1,11835.65,1
49,44059.55,5.25,8111.86,4,72.11,1,0.1751,11048.32,0,2722.44,1
30,44377.62,0.0,4776.73,4,76.42,2,0.1372,11515.33,0,30700.76,1
69,110416.51,14.6,23083.93,10,81.05,3,0.2085,15466.33,0,10766.22,1
62,46464.01,12.06,27547.4,7,78.21,1,0.4018,15861.8,1,6776.5,1
55,76120.98,8.75,32283.14,5,66.08,1,0.3607,9857.0,1,28064.82,1
57,28293.13,7.83,27975.0,9,63.82,1,0.5507,11533.63,0,3622.65,0
50,50921.15,13.9,63341.78,9,100.0,2,0.6438,38194.17,0,12421.92,1
23,26062.95,13.06,39965.88,12,63.1,0,0.2904,12410.39,1,4813.86,1
40,34205.55,12.79,150000.0,4,51.33,2,0.1227,25587.58,0,3876.19,1
45,80236.12,9.28,150000.0,3,45.78,2,0.1396,9500.94,0,72760.38,0
65,53778.61,5.25,4410.07,1,66.35,1,0.2386,47440.85,1,13441.22,1
31,47642.99,10.84,3103.9,2,87.04,2,0.4318,34699.21,2,28155.64,1
45,39267.45,11.08,17893.88,8,62.78,0,0.2745,16905.56,0,7515.94,0
37,49801.14,6.05,26943.92,10,95.64,0,0.1015,28199.64,0,4753.0,1
27,62981.06,5.24,16939.76,8,71.88,1,0.5346,52231.55,0,726.08,1
26,85596.59,12.67,31602.5,12,89.75,1,0.3035,8927.12,0,9021.51,1
38,16878.1,15.32,14500.43,8,59.88,1,0.7739,8595.51,0,2697.74,1
25,37827.66,3.25,10331.64,11,60.12,1,0.2035,23385.83,0,13064.9,0
24,59082.01,5.68,11658.77,4,73.46,2,0.4799,7282.09,0,3749.04,0
38,52606.77,8.75,15336.52,4,,1,0.4524,6072.8,2,18283.44,1
30,65947.07,9.43,35345.87,10,69.14,1,0.2594,5859.81,2,76522.42,1
48,62036.71,4.39,12194.43,8,76.68,4,0.1212,19971.11,0,152675.72,0
21,47949.23,16.42,14284.81,6,81.42,0,0.0957,4329.86,0,16013.3,1
35,43390.88,9.11,28404.43,12,49.27,0,0.4291,13571.99,1,11878.05,0
43,49247.45,9.66,15353.36,10,66.55,1,0.1993,1630.93,0,6385.28,0
68,92228.32,15.79,43980.23,4,63.7,2,0.2845,24456.06,0,5938.86,0
52,39564.4,4.75,8625.88,8,64.48,1,0.804,25630.68,0,5249.6,1
64,53467.3,6.56,7252.03,5,78.51,1,0.1051,15512.79,0,45567.7,1
37,59730.17,0.73,22967.38,5,63.92,0,0.2145,41162.24,0,8432.93,1
43,110995.66,6.14,24873.49,10,39.92,2,0.4249,31412.94,0,83863.07,0
41,48047.71,0.0,9010.62,9,68.22,0,0.4048,10343.92,0,5201.87,0
64,84672.95,10.74,52733.35,1,54.97,1,0.2904,9739.25,1,10571.22,0
68,95748.4,9.1,83958.38,7,79.94,5,0.0885,33412.06,1,3832.23,1
68,53444.5,5.61,10892.65,8,84.89,1,0.3222,29070.02,0,19374.48,1
57,50024.34,6.5,59158.03,7,37.2,2,0.5852,14910.03,0,9997.66,0
45,47430.19,10.81,2676.92,4,59.61,1,0.3536,5252.47,1,11644.02,1
47,49019.24,1.32,42574.76,8,77.65,1,0.126,34496.53,0,9079.48,0
69,80780.95,8.02,9062.65,12,49.46,1,0.2302,18861.05,0,19804.06,0
34,61025.25,10.5,39300.21,2,84.52,4,0.605,17284.48,0,21940.44,0
37,61142.89,0.0,8342.4,8,88.79,1,0.7063,2466.89,0,25352.0,0
64,33148.01,10.42,17040.31,11,69.41,2,0.4289,26136.66,0,5146.32,0
39,35586.37,0.0,9414.77,5,59.62,0,0.3304,17247.14,0,16019.05,1
32,144298.53,6.41,15169.2,5,35.03,1,0.5085,12332.76,1,7669.47,0
48,50770.3,1.18,77813.19,3,85.02,2,0.2374,10022.2,0,39672.07,1
36,38810.3,14.16,16510.91,3,100.0,2,0.4673,19452.3,1,14992.39,1
64,104723.95,1.21,97379.24,5,100.0,0,0.2174,24976.81,0,15722.85,1
65,62436.31,0.0,13219.88,10,68.88,0,0.1941,13775.31,0,9353.75,1
35,71343.26,7.67,59369.67,3,54.52,2,0.0914,26626.03,0,5770.58,0
46,51687.29,4.93,4902.85,3,85.4,1,0.5273,8034.65,0,12820.06,0
69,47652.27,0.0,14312.95,12,69.97,0,0.3091,11401.38,0,36136.79,1
57,50958.89,9.63,11722.19,12,79.65,0,0.3914,29100.76,0,6003.81,0
31,29520.97,0.0,61592.26,3,76.84,2,0.5703,13561.68,0,39358.64,0
49,52866.29,1.82,20875.39,6,73.49,0,0.17,59867.56,0,20032.12,1
51,62837.25,4.12,3386.87,5,88.46,2,0.1466,21850.66,1,1930.3,1
53,126474.62,11.01,6310.84,4,89.05,0,0.6835,7946.72,1,5263.79,0
22,57170.2,13.48,8006.41,2,63.64,1,0.3196,6001.79,1,94109.07,1
35,19239.27,12.51,38000.98,1,57.23,0,0.38,31169.84,0,10758.23,0
62,52722.36,6.23,34273.68,8,32.01,2,0.3974,11767.78,1,5319.05,0
32,188690.87,0.0,14154.78,1,66.46,1,0.0849,34195.9,0,5474.02,0
35,81222.96,8.95,11606.48,8,54.51,2,0.4894,12331.77,0,10617.1,0
36,38184.63,14.35,31927.97,2,78.71,1,0.5119,21322.38,0,27418.6,1
29,71760.28,13.17,7291.82,2,66.63,2,0.2329,14233.14,0,8855.06,1
28,39386.66,9.31,25958.7,1,68.36,1,0.3239,21524.8,1,5971.13,1
38,29907.81,1.05,24249.26,5,84.99,1,0.435,29991.6,1,1561.97,0
63,47019.71,4.37,14450.08,4,78.36,1,0.3562,18242.69,1,5291.09,0
21,57312.58,16.67,24742.3,4,70.13,1,0.4977,28590.48,0,6401.07,1
34,23685.5,0.0,19531.87,4,98.98,2,0.349,5481.28,1,16025.53,1
23,32792.88,1.26,26797.47,12,83.81,1,0.2537,24078.2,0,17285.43,1
48,55256.4,11.71,6190.96,6,65.35,1,0.2836,18292.31,0,43809.63,1
33,45771.21,4.84,29428.79,10,66.06,1,0.386,14982.64,1,4110.59,0
59,65693.39,1.09,40921.39,3,84.61,0,0.3512,3375.7,0,13531.83,0
49,31840.29,14.64,23269.25,6,75.25,0,0.293,5597.58,0,13865.37,1
59,75844.44,9.31,29117.65,1,54.06,1,0.5404,21105.18,1,4879.07,0
52,32286.25,5.09,16484.76,4,86.32,3,0.0675,23053.75,0,27289.02,1
42,115187.77,1.27,36724.27,1,92.12,1,0.2846,23972.76,1,55629.7,0
63,25412.52,17.24,18964.51,1,90.9,1,0.2796,17909.12,1,12260.34,0
44,33638.92,6.88,7185.17,3,96.68,3,0.3743,7778.58,0,7808.62,1
67,66363.69,13.99,34693.23,2,100.0,2,0.2175,8764.78,0,46034.74,1
69,116307.57,11.47,4869.81,4,99.68,3,0.2161,4112.26,1,17777.85,0
49,63377.1,4.4,22569.41,9,77.45,0,0.2585,19640.7,0,4020.2,0
54,70853.85,4.44,13236.7,2,68.67,0,0.2694,68329.89,1,10078.56,0
33,55435.76,14.23,12577.02,8,42.73,0,0.3827,16878.55,1,8663.42,1
60,34655.41,14.31,20655.11,5,72.17,2,0.2523,10572.01,1,5604.99,1
53,44113.72,0.0,10205.65,5,80.31,3,0.3434,18325.69,0,5845.18,1
65,31879.84,9.75,27116.34,12,72.7,0,0.2781,16369.16,0,6569.39,1
34,30935.79,6.39,18836.74,6,41.79,1,0.7168,5338.59,0,24891.91,0
59,65898.8,1.83,10985.06,4,67.41,0,0.2439,21505.01,0,9207.16,1
44,33178.53,8.31,52505.37,3,82.33,2,0.2887,16682.29,0,12966.08,1
30,63505.88,0.25,21204.17,3,55.59,2,0.2093,15974.11,0,28666.29,1
29,30615.7,4.67,29815.03,10,74.65,0,0.0784,72397.92,0,9170.23,1
48,62847.15,3.01,55904.38,8,78.91,0,0.0727,16768.13,0,4065.36,1
36,44142.63,4.5,55175.26,4,89.89,1,0.3232,64469.07,2,28069.3,0
25,103576.47,6.64,28622.7,6,99.4,0,0.2353,10088.33,1,8520.83,0
41,63625.01,1.92,14129.22,7,65.95,3,0.5854,6254.48,0,59644.38,0
52,95912.42,14.87,5735.12,1,74.94,1,0.1751,10211.2,1,29748.01,1
36,39145.76,9.47,21236.56,11,75.44,1,0.4008,40921.95,0,19322.2,1
67,56407.25,15.97,43208.59,10,82.39,2,0.2814,10584.29,1,14711.32,0
59,35369.29,6.2,23898.69,7,80.6,0,0.1939,6633.37,0,32959.94,0
46,45659.46,4.26,1144.2,9,94.8,0,0.2318,22841.17,0,15018.13,1
66,48880.88,15.79,36104.64,2,34.7,1,0.5349,13762.29,2,1699.78,0
42,39674.04,4.11,37923.5,12,78.69,1,0.2233,26909.87,0,10950.17,0
27,31828.33,6.11,14145.46,8,79.8,1,0.7657,11248.63,0,20072.74,0
22,29114.91,10.6,39688.49,12,68.24,0,0.5338,9431.46,0,4860.73,0
66,19191.1,0.81,29747.47,11,,0,0.4109,57508.96,1,123711.97,1
68,34191.51,10.56,10401.67,8,71.02,0,0.7069,10049.4,1,10518.03,0
57,72944.98,9.92,49770.01,4,60.63,0,0.6399,10029.6,0,19894.59,1
26,26789.47,13.35,6529.89,9,98.85,0,0.1759,24867.07,0,34464.65,0
35,29715.77,11.45,17194.27,7,78.0,2,0.4389,2559.32,1,20669.99,1
23,123129.61,13.5,15875.39,5,59.27,3,0.1186,30063.89,1,10901.82,0
23,41301.96,6.45,9300.06,9,39.16,4,0.1425,62947.5,1,17211.58,0
33,63548.53,2.69,22952.04,11,81.45,3,0.1769,32984.77,1,10084.73,1
49,73433.18,17.55,51350.1,3,83.14,2,0.144,8685.09,1,11023.41,1
24,74104.03,0.0,48840.76,7,68.55,0,0.1145,10848.95,0,4273.05,1
69,27723.81,0.0,32114.36,10,81.66,1,0.2187,18829.26,0,9494.85,1
43,49568.54,9.83,4634.99,4,66.43,1,0.3632,23242.51,0,4064.58,1
33,26552.69,15.12,6181.8,5,89.08,0,0.4816,55709.44,0,11948.11,0
46,165368.48,7.95,20559.17,1,87.88,3,0.1794,53979.4,1,8319.25,0
59,26833.18,12.0,17513.71,4,45.78,0,0.2108,15482.38,0,18848.17,1
36,34322.64,0.0,12084.31,8,49.68,0,0.4944,12409.52,0,3123.25,0
23,34434.63,4.5,82651.28,12,100.0,4,0.3736,10414.9,1,5204.05,0
23,28045.72,0.0,19590.8,7,86.92,0,0.2564,28261.6,0,5241.94,0
62,101088.91,10.9,27779.6,4,51.8,1,0.1123,38332.74,0,11842.21,1
26,163601.69,0.0,39673.64,10,46.87,2,0.184,18881.16,0,9625.15,0
52,44400.29,0.61,18809.06,3,75.32,1,0.2499,17984.66,0,32195.11,0
39,30360.51,9.57,143053.9,3,53.72,2,0.1176,79005.5,0,12460.29,0
59,20099.94,12.31,8483.08,7,66.93,1,0.3678,28973.06,1,12001.13,1
23,49278.32,6.21,11084.13,10,71.24,4,0.0558,4277.38,1,4642.56,0
64,47701.78,9.85,8466.45,3,70.55,0,0.0604,17573.28,0,9253.19,1
55,41027.8,9.69,62834.13,1,90.02,0,0.7539,20726.23,2,3610.7,0
43,60761.24,5.92,34193.67,9,100.0,3,0.3421,14906.01,0,18713.31,1
31,65704.08,1.53,11647.02,8,64.34,0,0.2994,43536.53,0,25346.0,1
68,63606.82,9.82,9018.43,9,53.91,2,0.6772,14289.53,0,3089.57,1
35,47706.95,10.07,54504.55,5,78.22,2,0.3682,9034.97,2,12489.99,0
45,33501.94,11.47,24040.07,2,98.1,1,0.2403,10949.0,0,10922.9,0
40,74214.39,8.56,55629.08,4,65.55,1,0.6489,28861.86,2,35471.84,0
32,55310.59,1.16,17154.36,6,85.61,2,0.6597,6972.31,1,4880.5,0
41,82030.74,10.45,27101.8,6,58.61,1,0.483,12747.02,0,6056.15,1
28,78481.83,6.99,22886.65,11,72.34,2,0.4708,32570.54,0,15218.47,0
21,29007.09,4.59,10925.32,3,53.41,0,0.3937,6945.72,0,7735.63,0
35,28844.9,5.53,16039.53,4,72.17,2,0.3192,8708.35,0,8110.0,1
26,39147.63,3.55,6979.16,3,70.14,0,0.398,5494.82,0,7976.41,0
41,34192.75,11.44,26726.54,7,81.73,1,0.4928,9616.54,0,19206.13,1
63,77261.56,0.0,33094.62,10,100.0,3,0.3703,12486.58,1,33361.87,1
28,64419.9,2.03,39745.66,11,65.78,2,0.3668,15245.57,0,11141.68,0
21,90194.28,5.36,30679.9,3,40.0,1,0.0264,9475.05,0,9405.61,0
26,65742.94,15.07,16245.3,6,68.77,0,0.2619,13774.63,4,21821.08,0
45,60414.28,12.27,62299.18,9,76.79,0,0.5749,35735.47,1,14453.08,1
34,94368.9,0.0,36752.95,1,75.23,0,0.09,22739.84,0,13843.87,0
44,67945.81,13.76,54664.19,9,69.48,1,0.3724,80194.95,0,33287.95,1
22,56711.59,13.75,57477.93,2,95.8,0,0.1805,11237.59,1,4594.59,0
37,107075.81,1.13,16279.26,1,74.18,0,0.2899,13143.61,0,9468.45,1
41,57925.9,0.0,24549.1,2,70.32,0,0.2732,20051.28,1,4963.56,0
42,47960.6,6.64,33449.07,11,59.56,2,0.3292,12556.53,1,7405.24,0
48,37724.61,12.61,7178.27,9,44.05,0,0.3675,17668.08,0,3809.51,1
59,75466.94,14.96,7306.71,10,77.27,1,0.2378,4702.03,0,8538.28,1
43,95967.15,2.65,6365.69,9,75.93,0,0.3289,13886.05,0,16743.71,1
62,53762.11,15.76,16508.77,10,55.05,1,0.4451,33274.09,1,1124.0,1
46,99076.79,0.0,13786.89,6,71.29,2,0.0999,68234.0,0,8945.18,0
33,22665.1,5.16,5707.81,10,69.7,0,0.5765,49626.46,0,11068.17,0
32,53644.51,4.91,20284.53,1,62.01,0,0.3472,19658.06,0,9363.92,0
36,54016.55,12.76,16674.43,7,59.31,4,0.5303,25209.05,0,2655.97,0
50,39653.76,13.49,46347.34,10,78.48,0,0.4256,22685.41,0,28358.4,0
32,160785.42,11.77,90085.12,12,68.39,1,0.4627,12211.32,1,28025.98,1
65,53385.89,0.25,25933.41,5,62.54,1,0.0685,9197.78,0,33584.59,0
44,45780.32,11.31,10309.52,3,58.21,0,0.4898,21416.63,0,7259.48,1
63,55646.33,9.55,30197.26,9,69.92,0,0.2246,16664.62,0,14014.86,1
54,22333.04,0.0,18134.46,1,86.79,1,0.4401,32390.79,0,6223.03,0
37,39071.47,0.0,14854.04,10,75.31,0,0.1315,3400.67,0,4571.09,0
32,85609.06,12.19,9034.86,9,68.21,0,0.2217,15941.05,0,4360.33,0
57,41442.54,6.1,12416.12,9,76.94,2,0.5137,41964.65,1,14374.92,0
37,37876.82,0.57,15613.55,4,93.83,2,0.2151,26946.34,1,25464.0,0
33,99148.6,5.96,34248.71,2,79.85,0,0.5264,9045.44,0,38192.03,1
66,100529.14,8.82,27090.75,8,76.16,0,0.4335,7199.75,0,11476.67,1
44,69406.39,6.59,77543.0,5,82.22,0,0.1621,17427.89,1,6494.41,1
23,44814.44,0.0,30871.77,5,69.47,2,0.2976,31186.98,0,11000.09,0
45,49381.27,16.43,25274.8,3,74.95,1,0.563,25836.18,0,28761.73,0
43,38300.61,12.02,14088.9,5,64.18,2,0.0939,19515.26,1,51681.04,1
63,35152.13,5.32,7849.12,10,47.19,2,0.522,28213.71,1,34617.39,0
55,34375.56,5.52,11409.62,11,77.49,2,0.415,21554.7,1,31685.03,1
30,41646.14,8.8,10283.09,5,77.55,3,0.7812,27382.81,0,40864.2,1
28,34525.86,1.35,2320.18,2,67.4,0,0.2786,34693.8,0,12821.76,0
50,27212.21,8.61,8032.26,1,88.57,2,0.2074,13183.44,0,15464.02,0
23,60707.33,0.35,64854.06,3,60.45,1,0.65,9682.32,1,31155.79,1
36,61123.79,6.65,24173.38,1,43.66,2,0.3144,29982.26,0,19075.14,0
27,118236.86,1.16,13318.48,9,60.85,2,0.4612,12589.23,0,26187.11,1
22,40714.36,1.41,24758.17,8,47.34,1,0.1509,4608.36,0,6944.18,0
66,62839.16,15.23,3772.16,10,77.41,0,0.7918,48888.57,1,42251.65,1
25,63310.67,7.3,22557.1,4,59.97,2,0.2058,21503.27,1,7658.47,1
21,49063.05,8.04,50017.13,10,87.76,2,0.497,20841.96,0,32652.44,0
66,76882.89,0.0,16337.76,3,87.42,1,0.3366,15814.74,1,11070.88,1
30,77959.26,4.01,4361.34,3,57.2,4,0.3029,32343.56,1,7424.55,1
61,63730.81,9.31,12925.72,11,59.07,1,0.4719,7331.05,0,1995.12,1
22,49023.28,7.97,50087.99,11,80.55,5,0.0914,18044.77,0,9863.67,0
28,46826.28,0.0,22137.55,8,87.68,1,0.6549,21932.42,0,3905.6,0
26,29720.7,8.04,5787.63,8,39.8,3,0.1284,26471.66,0,5230.01,1
55,38270.15,8.83,119638.55,9,76.51,2,0.6932,5443.47,1,18976.54,0
51,41572.12,13.42,6601.69,10,36.84,1,0.1486,27277.62,0,3060.62,0
44,33166.68,3.72,14820.81,3,63.22,3,0.4633,13427.49,0,36317.92,0
32,67040.64,0.0,7849.6,1,89.5,2,0.5561,11407.69,0,115963.09,1
25,94237.27,2.02,7858.3,3,100.0,1,0.4017,6033.31,0,7768.53,1
48,36550.87,1.51,12536.58,5,68.18,1,0.4568,85899.6,0,35480.17,1
32,62482.21,10.68,29942.89,3,52.05,2,0.2665,16455.62,0,3413.02,1
49,34535.34,0.0,50541.61,7,63.78,2,0.3075,21377.45,0,17201.33,0
54,47948.05,4.76,13216.12,2,73.06,0,0.4905,8620.08,0,16517.86,0
62,40313.44,14.13,8022.55,7,61.28,3,0.209,6170.64,0,191048.38,0
45,72109.53,7.04,26397.87,9,57.2,1,0.3237,31836.44,0,8584.31,1
21,40523.36,11.48,27024.47,2,65.17,3,0.1915,6996.35,1,18190.54,0
34,86710.97,0.0,21816.64,4,78.33,1,0.115,44830.12,0,10163.83,0
62,49242.59,0.0,22442.66,7,69.29,1,0.1568,63481.17,0,8589.81,0
47,41059.06,14.19,16449.89,1,57.89,4,0.12,10459.95,0,10596.93,0
51,31291.48,7.51,19470.34,8,61.28,0,0.4452,13033.47,0,10125.97,0
43,61637.79,7.52,15565.41,10,65.38,0,0.4325,3034.84,0,6786.61,1
28,82284.39,1.41,42375.35,5,56.01,1,0.213,5313.54,2,15271.48,0
64,62198.31,7.5,107033.23,1,60.69,0,0.3688,28013.72,0,5358.89,0
58,150627.13,1.27,20782.15,7,82.3,0,0.4631,43316.45,0,8376.55,1
69,104662.15,12.93,17905.61,11,68.31,1,0.3983,10413.77,0,67644.22,1
62,47891.87,20.64,22088.58,4,43.94,0,0.1398,11577.12,2,10811.42,0
35,47666.12,9.42,10633.77,11,88.4,2,0.6668,5950.9,0,26652.29,0
33,67944.87,3.83,33193.51,11,78.67,3,0.0172,8159.95,0,11205.0,1
33,37721.29,0.0,25618.45,4,49.87,2,0.3887,45623.43,0,23961.23,0
66,92959.41,0.0,12858.38,8,66.15,1,0.5296,22362.75,0,10253.48,1
48,64718.91,14.77,37040.99,1,59.33,2,0.2196,5123.2,0,1171.02,0
43,61728.13,1.85,18275.54,7,82.83,0,0.3521,26760.2,2,11670.62,0
68,74923.11,5.15,8284.0,11,66.05,1,0.1592,94651.42,1,4872.15,1
50,119415.22,10.28,23846.93,12,70.84,2,0.2085,13661.18,0,9159.66,1
65,59398.15,14.41,21757.66,3,68.97,3,0.6253,11290.19,0,22295.07,1
69,52272.22,6.0,38811.1,8,48.32,0,0.4813,27044.9,0,61538.62,1
24,108446.51,4.98,35009.15,1,94.49,0,0.3172,36411.02,1,3378.26,1
38,85006.77,7.36,16493.9,4,82.6,1,0.1523,31992.14,1,9677.96,0
56,47602.83,3.86,12338.23,11,60.04,0,0.2875,14416.9,1,12185.2,1
60,55128.51,4.13,18025.13,8,75.07,2,0.3608,13410.12,0,12539.8,0
28,60054.63,9.06,24071.27,5,87.59,1,0.2372,5383.7,0,12614.55,1
36,64725.1,7.93,26506.11,12,72.89,3,0.3236,7610.53,0,19923.18,1
47,29870.26,17.66,22908.35,10,96.91,0,0.0169,23170.24,3,8092.57,1
60,27473.31,9.19,16739.35,1,100.0,1,0.3075,12381.21,0,10036.66,0
26,36892.48,12.76,39957.86,1,69.98,0,0.3081,21388.76,0,17110.99,0
50,35630.46,1.64,10495.33,8,62.68,3,0.5464,15231.06,0,6397.93,0
35,41165.99,9.63,130829.44,11,56.17,3,0.2291,18795.41,0,7049.18,0
31,73182.26,3.39,33142.88,2,36.58,2,0.459,18245.98,0,11304.11,0
46,50973.97,8.98,7303.72,7,91.97,2,0.4936,30345.58,1,7049.38,1
41,60082.03,10.44,20875.06,10,66.34,1,0.4504,32604.77,0,4977.19,1
52,31702.54,7.25,33398.75,11,86.01,3,0.3916,17784.99,0,4479.64,0
36,44683.05,19.04,13610.98,8,89.22,2,0.358,15601.73,0,11538.31,1
61,71636.1,14.14,5442.6,12,54.7,2,0.4635,17553.52,0,41188.93,0
24,,12.89,7839.07,12,57.11,2,0.2823,10397.42,0,17083.37,0
63,39696.97,10.82,27772.49,11,99.91,3,0.3752,38503.72,0,5093.26,1
22,59150.28,15.82,4422.38,9,70.88,1,0.2562,12145.06,3,48347.03,1
57,147941.17,0.0,5645.71,12,61.44,1,0.5688,16094.41,1,7642.39,1
37,54566.17,13.85,27655.91,1,55.28,0,0.513,20363.03,0,50063.86,1
39,40261.64,2.04,15064.37,2,69.74,1,0.1719,22362.61,0,11225.27,0
21,50863.22,4.18,10316.53,7,96.13,2,0.3624,21728.17,0,15247.56,1
55,57329.36,9.81,12116.72,9,82.97,1,0.4529,16357.84,1,8635.08,1
29,51383.0,13.17,5549.57,11,74.91,1,0.5911,56925.66,1,9171.53,0
53,54229.42,1.23,26520.94,9,97.42,5,0.5195,18973.94,0,41634.87,0
56,28725.41,4.44,9441.71,3,94.33,1,0.3769,15096.72,0,10209.53,0
62,35664.27,7.49,11725.55,11,77.35,0,0.1508,63349.06,0,28036.4,1
55,51425.41,6.07,23755.16,1,100.0,0,0.3722,10443.33,1,12521.42,0
35,51058.02,11.27,14659.22,2,68.04,4,0.3488,63229.33,0,10812.65,0
57,42629.56,24.18,10243.56,9,89.57,1,0.329,4453.07,0,21040.75,1
61,50788.86,9.1,3664.97,12,65.71,1,0.5533,13587.76,2,10789.21,0
36,56531.04,3.32,24150.68,7,86.45,0,0.4827,5593.29,0,5905.46,1
27,82069.73,0.52,19174.21,2,68.03,2,0.5038,6937.11,0,6063.28,1
64,52598.52,5.37,11899.09,1,79.38,0,0.6001,24713.97,0,20207.15,1
28,65820.39,2.3,7849.52,12,100.0,1,0.3819,21982.29,0,1642.87,1
50,43103.88,9.34,18184.72,4,87.23,2,0.3649,11758.15,1,16835.05,1
32,71149.0,9.26,26436.59,8,79.63,1,0.4289,56484.34,0,3290.23,1
27,65131.73,4.68,19464.24,4,59.6,1,0.0788,39822.21,1,14046.0,0
59,81202.89,16.92,66741.31,3,75.01,1,0.366,17361.63,0,40030.31,0
28,75822.14,3.32,31632.7,9,55.87,4,0.2446,5075.18,0,5415.37,1
53,71683.76,6.4,16519.56,9,86.19,1,0.4679,35218.6,1,19230.81,0
54,52617.32,10.2,32492.03,6,85.79,3,0.5737,12839.05,0,33005.82,0
23,61408.97,11.46,18714.56,7,69.13,1,0.3799,22085.57,0,7146.96,1
29,88757.88,13.39,18662.68,6,98.62,0,0.066,31461.5,0,6702.86,0
59,41013.43,9.14,50777.98,8,96.37,2,0.8203,13592.22,0,16817.91,0
45,41452.56,12.25,8775.16,10,74.39,1,0.3426,44058.41,0,36961.76,0
26,59678.83,3.67,18338.81,9,81.05,1,0.5217,13800.68,0,93604.01,1
69,66301.27,11.59,46625.13,4,62.58,1,0.5735,26246.62,1,6162.66,1
33,37958.19,11.52,23047.66,3,67.65,2,0.7754,30538.49,0,21493.85,1
21,53180.41,14.56,13398.32,9,54.75,2,0.4097,34089.52,1,7788.32,0
66,52722.05,0.0,4597.18,8,64.35,1,0.7234,61027.2,0,4344.08,0
21,20296.68,2.46,2927.34,5,70.33,3,0.3441,10123.35,0,9722.51,0
48,49824.95,11.12,94757.09,11,45.43,2,0.0614,8144.87,0,9749.77,0
69,51241.01,0.0,23038.83,6,81.23,2,0.4898,14373.63,1,12970.63,1
49,51172.45,9.46,11280.93,5,88.35,0,0.787,100000.0,0,17492.12,0
49,104010.79,12.3,23805.99,7,71.87,0,0.0532,46329.28,1,14794.02,1
40,31824.1,4.12,8433.67,3,28.84,0,0.1958,12247.2,0,35818.28,0
27,37949.37,4.85,13810.25,9,67.95,0,0.7067,14111.33,0,65060.55,1
49,16976.76,1.63,8479.23,11,49.71,2,0.6797,17810.52,0,12168.1,0
64,44297.17,4.39,5811.0,12,62.25,0,0.1647,21790.37,2,7705.23,0
25,46030.01,4.54,3341.38,6,95.23,1,0.5649,28196.34,0,10028.5,0
64,43721.65,3.59,5014.06,4,33.05,0,0.458,29031.89,1,9752.29,1
41,90539.66,3.31,40747.8,6,58.94,1,0.2987,41598.12,1,7047.2,0
47,81013.12,5.64,8173.25,2,85.27,2,0.4075,73140.1,0,3114.36,1
29,56961.11,5.58,27612.97,9,60.77,0,0.3243,16393.63,0,3567.98,1
51,46551.41,16.37,38694.2,6,59.55,1,0.3685,15498.9,0,22204.3,0
29,87279.76,5.03,18240.34,2,100.0,2,0.226,13948.68,2,23565.44,1
34,54513.16,8.72,14175.54,7,78.05,1,0.3724,14829.02,0,16082.39,1
56,38058.01,4.12,20021.17,9,86.95,2,0.5669,23303.96,1,9651.1,0
23,25406.91,4.05,12898.04,3,79.91,0,0.1345,28086.37,0,7616.44,0
42,45093.66,0.0,47157.79,5,74.59,3,0.231,60261.82,0,3489.47,1
50,77240.41,0.0,80769.45,11,92.22,1,0.1278,10958.14,0,6676.51,1
27,153204.8,0.97,57410.16,9,100.0,5,0.3216,23136.36,0,6209.6,0
35,56546.19,7.92,3219.16,10,45.06,1,0.1638,9993.23,0,3360.24,0
37,38975.11,12.38,12689.19,6,71.43,1,0.0901,23897.71,1,14597.21,1
53,32268.74,0.0,18059.99,6,71.31,0,0.1633,100000.0,0,6171.35,1
68,70507.06,4.25,26070.86,6,65.13,1,0.533,16356.31,0,12445.29,1
61,24859.9,0.17,4520.04,6,87.7,0,0.6231,100000.0,0,3169.51,1
30,70456.01,5.68,4462.09,2,76.11,1,0.3104,10019.22,0,20363.1,0
21,79463.95,12.38,51203.28,1,100.0,3,0.4993,13041.95,0,17659.12,1
23,66930.78,4.77,11508.39,10,89.6,1,0.0769,14161.62,0,7559.85,1
50,49823.43,6.76,5476.39,7,93.84,1,0.2133,20343.71,0,41303.98,1
28,70920.28,14.28,7444.38,7,52.81,0,0.527,16159.14,0,11157.26,1
32,59397.7,9.29,24600.12,8,59.1,1,0.177,30727.21,0,13559.35,0
62,38751.81,3.2,9321.59,5,60.42,1,0.3559,2629.99,1,2942.1,0
63,126471.72,7.79,21838.45,11,93.17,1,0.2683,9065.49,2,5932.74,0
62,46949.73,2.86,8226.74,6,56.53,2,0.3984,67795.88,0,6679.92,0
33,77977.61,9.1,4459.39,7,56.99,0,0.1899,6719.7,0,24257.34,0
51,18521.95,9.58,56253.93,7,54.06,1,0.1696,14023.49,0,28565.96,1
50,97684.71,0.16,24752.43,2,100.0,0,0.3802,27636.05,0,7183.14,1
30,106514.05,7.88,13782.11,3,69.72,2,0.4555,17435.96,0,13988.07,1
48,55743.36,6.41,11861.32,3,80.48,1,0.6027,9929.06,0,25945.38,0
46,70723.66,9.72,58107.34,4,53.75,1,0.2141,24580.35,0,8836.9,1
40,70715.52,11.16,28892.9,2,87.35,1,0.2632,32312.68,0,3218.63,1
57,41185.27,9.39,45052.22,3,43.62,1,0.4055,11851.99,1,22753.18,0
54,70353.9,5.48,11284.36,12,56.34,3,0.6813,23940.0,0,17589.29,0
47,38223.46,11.67,18744.59,5,60.3,2,0.3288,32881.87,2,15593.79,0
56,41820.75,2.63,24831.94,10,75.5,0,0.4004,38347.74,1,28461.66,0
58,91328.02,0.4,11592.01,5,59.31,4,0.366,23322.51,0,30648.77,0
48,85279.08,0.0,16675.59,10,96.38,0,0.1617,59560.96,1,20987.89,1
34,40023.4,6.65,11285.1,10,80.05,1,0.2465,18606.27,0,4183.05,0
58,39536.48,2.89,24769.65,11,60.97,2,0.4966,9045.36,1,3075.34,0
56,41133.16,8.99,6254.22,4,87.96,1,0.4089,15447.29,0,16450.75,1
69,76479.37,0.0,28444.3,2,65.71,1,0.5082,42048.17,0,12726.51,1
28,35069.79,3.76,23079.44,4,62.55,0,0.6279,9630.8,0,13615.56,1
41,64576.71,9.35,15298.04,9,86.33,2,0.3755,3747.28,0,54966.49,1
66,76969.89,1.85,25789.97,8,32.75,1,0.2722,24833.42,0,27405.34,1
46,52858.72,9.05,13442.47,9,83.76,2,0.239,13192.53,0,10166.54,0
67,86648.69,4.21,10530.41,12,60.59,1,0.6665,86838.76,1,6186.46,0
21,47961.26,6.84,27808.8,3,60.57,1,0.2265,21691.24,0,21441.55,1
22,49953.78,9.98,28788.7,6,100.0,2,0.2389,42793.76,1,18194.16,0
60,35430.48,11.76,11995.79,6,63.5,0,0.6021,12768.94,2,9887.23,0
38,86926.51,7.46,11200.18,2,87.29,4,0.3489,27278.83,0,1022.89,1
46,38954.68,2.93,15548.95,8,76.47,2,0.4876,23346.25,0,5064.69,1
41,64375.33,4.71,11574.07,1,78.13,1,0.433,47275.08,2,25726.24,1
40,53262.95,10.18,60975.19,11,67.99,1,0.1262,20579.94,1,3750.5,1
67,34246.38,1.89,23186.09,2,67.16,1,0.2908,12476.19,0,20208.21,0
25,41814.23,6.11,18211.48,2,96.45,2,0.1713,37240.9,0,17889.54,0
58,102475.7,5.07,8535.14,3,86.89,1,0.2124,10918.16,0,4918.32,1
64,60224.49,6.48,32510.51,11,64.01,1,0.2135,10157.7,0,26972.38,1
53,34925.44,1.95,11035.17,11,55.27,2,0.1473,17453.4,0,11171.3,1
40,63100.64,0.0,10677.88,12,62.65,3,0.6801,14326.09,0,10499.23,0
28,51500.0,9.6,33396.91,10,87.7,2,0.3414,18211.92,0,4264.32,1
54,250000.0,11.82,24538.17,12,90.86,0,0.6116,11277.55,2,38580.61,1
43,62529.53,0.0,2429.33,6,80.88,1,0.3107,39423.41,0,4104.06,1
28,46342.15,8.84,15865.63,1,46.13,5,0.5847,39026.0,1,4062.25,0
38,104203.5,12.42,19901.35,6,84.06,3,0.074,32195.32,0,13629.96,1
68,24019.52,9.98,13717.81,3,92.86,0,0.0915,30044.24,0,4965.91,1
34,57384.67,4.92,20463.91,3,74.78,0,0.3254,4936.91,1,77176.41,1
29,134939.43,2.28,4231.77,9,100.0,5,0.3728,19526.68,0,4931.68,0
54,52197.96,7.4,1869.28,3,50.86,2,0.5365,32813.38,1,24502.26,0
30,25212.7,8.24,8248.22,4,82.96,2,0.3521,46009.89,1,52644.33,1
66,46024.33,7.48,22559.8,5,55.68,3,0.3281,15605.89,2,22851.39,1
63,105833.42,6.1,1363.98,1,88.94,0,0.3257,44827.82,1,6081.13,0
69,65141.67,1.59,9166.31,9,81.81,1,0.349,22320.9,0,16345.37,1
65,37707.08,9.11,3865.78,10,100.0,1,0.0987,2951.41,0,40636.49,1
32,40405.82,9.35,14824.37,7,80.0,2,0.4942,16792.31,1,3113.31,0
31,42754.23,8.0,86201.81,1,65.54,3,0.5936,9996.84,1,32224.76,0
37,64707.18,7.55,15129.27,10,64.14,0,0.2122,11726.87,0,18669.54,0
44,100436.07,15.4,16516.66,6,68.0,2,0.3936,37592.19,0,65753.49,1
64,88316.2,3.88,35225.02,4,63.83,2,0.206,22166.86,1,17644.74,0
56,67527.75,13.41,18309.44,12,93.55,2,0.3417,12521.97,2,13761.5,1
52,30207.58,3.33,15155.72,11,92.41,1,0.4425,11209.2,0,22204.94,1
64,30258.09,12.54,37776.55,6,48.05,1,0.4864,24459.18,0,3931.24,1
52,69916.14,13.17,26255.66,6,72.61,0,0.6717,15820.72,0,5759.34,0
39,30020.22,5.53,22675.21,11,73.0,0,0.3575,29311.6,0,12772.88,1
41,49691.21,15.3,16108.51,3,59.5,2,0.2604,10094.03,0,7490.14,0
46,63067.2,9.35,13647.0,5,79.01,4,0.3435,13790.38,1,6920.81,0
25,32963.99,2.61,37491.28,7,95.37,1,0.3475,8220.89,1,75115.41,1
57,34688.74,5.13,13752.24,5,86.27,2,0.3005,12218.09,1,60308.86,1
52,52719.15,12.66,48200.72,4,93.55,0,0.3368,82666.59,1,1218.45,0
56,68990.98,11.62,7788.55,2,60.5,3,0.0876,10749.45,0,12440.85,1
47,88678.43,1.71,56678.73,4,72.58,1,0.1501,12922.46,1,4105.48,1
59,72277.09,6.3,26258.87,5,59.75,3,0.292,10109.96,0,33800.18,1
67,56853.55,8.02,8294.1,11,75.83,1,0.2168,15832.94,3,14661.29,0
48,39312.62,4.46,27046.42,5,77.27,0,0.6548,17110.66,2,44858.75,0
42,33968.21,18.79,10698.78,2,87.36,2,0.3978,42232.54,0,5527.08,0
26,43703.95,8.17,18487.86,11,93.02,1,0.4853,13550.07,0,5103.07,0
59,66142.02,6.69,12195.54,5,83.02,0,0.2758,19498.04,0,9853.38,1
65,63995.57,12.95,16184.31,12,58.24,1,0.3714,4847.73,0,7010.6,0
55,21378.32,5.17,38226.02,2,50.37,5,0.4839,9826.02,0,11042.47,1
63,38620.32,12.04,27253.48,1,80.32,2,0.4387,38489.32,1,34923.99,1
63,94572.01,0.0,7316.11,12,96.01,1,0.018,9887.83,1,18274.78,1
60,56995.94,4.73,7659.1,2,71.6,3,0.1486,30805.63,1,9189.57,0
45,29069.2,12.25,22353.71,1,47.56,0,0.5231,9416.15,0,12596.7,0
25,158769.38,14.85,23686.88,8,100.0,1,0.5986,15947.76,0,2888.18,0
21,54288.34,3.13,10494.13,4,79.83,3,0.2295,59787.48,0,2069.45,1
31,65384.38,2.55,64291.29,6,74.74,1,0.5567,30323.23,0,35690.61,0
42,65832.87,9.84,34507.19,5,53.31,1,0.2227,4589.9,0,6047.78,1
57,46614.67,3.88,10912.52,4,72.26,1,0.2438,100000.0,0,43614.68,0
43,39643.42,5.66,10100.32,6,82.99,1,0.054,8700.18,0,9107.24,0
22,142891.69,11.38,15001.06,4,80.05,1,0.7023,66471.18,0,13541.71,1
31,86381.7,4.28,13803.03,3,61.12,1,0.2079,13170.88,0,25341.07,1
68,79615.19,0.0,49170.69,3,71.09,2,0.1462,7615.65,0,28155.16,0
69,71283.39,0.49,39566.79,2,62.14,0,0.1776,13125.88,0,7553.88,0
39,35017.23,7.05,18512.15,7,98.63,4,0.1962,11393.57,2,12792.85,1
60,97731.29,0.0,30960.0,7,86.32,3,0.2224,12263.86,0,11805.13,0
56,37634.59,5.51,34769.9,1,63.61,3,0.5804,18768.74,0,16868.25,0
66,62477.86,0.04,18858.81,6,53.3,1,0.3296,25153.6,0,14278.52,1
64,26301.02,15.2,24840.28,9,76.45,1,0.2364,48650.41,0,6220.15,1
51,21953.94,17.83,28954.39,1,64.11,1,0.4745,20914.79,0,13727.92,1
40,63469.8,1.71,26587.9,4,65.31,0,0.3683,19003.37,0,3215.29,1
51,38215.4,8.28,9653.58,12,53.84,1,0.5054,10854.16,0,12033.09,1
36,22470.6,2.2,10466.75,6,55.82,0,0.6728,14793.41,0,13349.38,1
38,70148.01,5.45,14289.09,1,74.6,5,0.1441,12647.85,0,4965.08,1
50,142789.22,16.02,10227.09,7,67.73,0,0.1111,6883.5,0,9310.54,1
48,,4.67,5539.43,5,100.0,2,0.2205,100000.0,1,7559.49,0
49,48986.27,5.57,30911.66,3,81.51,0,0.2134,21328.63,0,7689.52,1
39,55219.36,2.29,23748.0,1,53.57,2,0.4868,21518.0,0,23731.02,1
41,82006.7,12.73,6164.94,11,47.43,2,0.3897,42213.85,0,18192.72,1
21,91130.34,0.0,14844.63,10,78.37,2,0.3793,2954.37,0,28505.13,0
50,47122.1,4.79,15532.63,9,65.65,1,0.1144,86270.08,1,77894.71,0
49,55852.44,6.77,20820.28,1,93.3,0,0.1022,9866.48,0,32218.41,1
66,62966.94,3.69,7574.85,11,76.51,4,0.4185,9699.08,1,3011.26,0
45,70568.05,11.32,6093.22,6,40.28,1,0.346,12309.38,0,6652.02,1
43,51803.04,13.01,27279.93,6,55.69,0,0.1686,35851.78,1,40156.35,0
24,52106.77,0.0,5276.18,11,61.2,5,0.3264,80755.19,1,8410.66,0
30,102335.61,17.47,14942.97,6,79.07,1,0.1754,56715.87,0,7922.33,1
37,94785.6,0.0,13866.97,3,55.16,4,0.0645,12845.89,0,16209.92,0
39,68181.14,13.44,16309.44,3,74.45,1,0.2066,5111.96,2,9287.83,1
38,119215.44,7.75,22033.1,12,50.62,1,0.2896,13468.1,1,55888.1,1
40,46220.92,4.48,64665.53,7,72.1,2,0.3385,11504.03,0,10378.0,0
58,114168.02,4.95,5006.7,7,77.92,1,0.4371,5691.58,0,105165.77,0
27,70208.2,6.83,36293.44,8,95.38,3,0.175,27068.45,0,7249.1,1
37,239677.66,8.04,2412.46,3,75.93,2,0.47,18055.79,0,6642.43,1
28,32159.77,2.4,54890.52,6,58.93,0,0.3728,25553.19,1,5658.59,0
36,40331.3,5.83,3511.62,12,95.89,1,0.4939,30040.62,0,5909.86,1
54,66406.32,3.15,126404.55,2,69.07,1,0.5353,29069.16,0,23012.05,0
23,65765.05,0.92,13178.11,12,84.38,0,0.0918,17206.71,0,3580.03,0
37,132276.67,2.91,50535.61,4,62.19,1,0.4814,56732.07,0,4859.77,0
22,40713.7,1.25,42849.61,4,73.45,0,0.4803,12773.48,1,19155.12,0
67,82644.35,4.9,12694.65,1,59.18,0,0.3123,11512.18,0,1702.27,0
56,92799.53,9.16,13498.42,8,77.16,1,0.4531,15304.32,1,3188.61,1
32,75522.05,7.6,9213.27,4,84.86,2,0.6155,26231.63,0,11451.59,1
30,35690.51,16.87,33793.48,6,64.08,0,0.3291,29019.38,0,17325.34,0
25,103629.77,0.0,12827.58,7,63.18,1,0.2591,14184.79,0,8866.75,1
44,95634.1,9.35,9348.21,8,77.71,0,0.3274,14393.07,0,17760.38,0
57,72034.58,7.03,27665.68,12,58.8,0,0.4316,44866.85,1,5530.93,0
49,60297.44,11.08,8781.35,7,47.71,2,0.3286,7206.71,1,46871.58,1
64,60890.78,10.58,13834.78,3,77.65,0,0.3172,100000.0,1,27242.85,0
37,53085.41,6.18,19610.33,9,,1,0.216,14583.8,0,5766.52,0
34,73382.57,7.86,10766.38,1,69.94,2,0.3044,15599.93,0,10128.0,1
44,55776.01,3.28,12147.61,11,80.34,1,0.1084,23317.82,0,2048.23,1
30,37543.38,10.07,61458.26,4,82.57,2,0.2891,26121.73,2,27704.27,1
68,34311.03,0.0,15286.71,9,69.42,1,0.3496,11380.88,1,3794.2,1
30,39209.41,10.88,13499.74,2,54.04,1,0.4557,22810.88,0,7390.09,0
44,60781.94,6.88,15646.88,5,61.78,1,0.4557,9363.39,0,9218.39,1
46,54336.87,4.56,25892.04,9,81.36,1,0.333,11836.18,3,3476.79,0
23,60596.55,5.84,7871.75,8,74.18,4,0.0342,5853.41,0,5670.32,1
43,68902.96,6.2,25333.92,1,63.2,4,0.2284,19863.69,1,16778.24,1
43,41472.84,13.49,22087.85,1,59.45,3,0.557,15910.15,1,7665.22,1
33,106365.39,23.17,4303.58,12,81.89,2,0.1359,4396.28,0,26297.7,1
27,48757.71,13.1,75624.19,7,68.45,1,0.46,11175.05,0,23392.29,0
23,45254.0,4.17,,11,84.04,0,0.369,17641.38,0,5589.75,0
21,68333.97,10.15,9486.99,1,,4,0.072,32848.35,0,7977.5,0
44,24068.49,10.37,7333.34,6,66.99,4,0.0567,7337.97,0,7981.08,1
25,38535.99,2.37,21602.58,7,87.19,2,0.5805,14580.5,0,8342.46,1
68,85525.62,0.7,5752.77,12,74.21,2,0.1801,8333.23,0,45250.59,0
32,25165.99,6.68,53613.35,9,76.28,0,0.1975,29903.87,0,14258.96,0
52,90943.79,11.04,12374.14,8,,0,0.2282,11274.82,1,2695.46,0
54,108564.52,0.0,65878.84,4,56.47,1,0.3225,25881.64,0,6656.27,1
45,46575.67,3.4,9307.77,12,57.33,1,0.2948,14006.56,0,7916.7,1
64,62718.03,9.86,16454.68,4,66.9,0,0.3715,5461.09,1,17567.87,1
26,91005.72,7.21,49607.49,4,73.83,3,0.3482,17139.74,0,60755.45,1
32,44579.68,14.08,13898.49,9,74.48,1,0.6716,7855.98,0,24373.13,1
33,81274.49,0.0,22377.26,12,76.57,0,0.2461,39407.35,1,10946.69,1
27,40662.9,18.76,43142.08,11,61.04,0,0.333,64271.68,0,5580.24,1
35,44363.28,0.0,11536.71,3,83.06,1,0.6023,28127.96,0,43112.4,0
36,38383.66,0.0,6559.93,10,100.0,2,0.4683,11495.34,1,9187.36,0
58,64169.27,6.71,5603.57,5,66.35,2,0.3059,18282.97,1,3341.62,1
35,92612.05,1.33,28706.34,3,61.38,2,0.2336,22053.06,0,16556.82,0
63,50626.87,6.81,24566.76,12,61.03,2,0.4556,38459.52,1,3946.2,0
58,31039.83,6.63,42085.46,12,73.37,4,0.5415,15776.64,0,21728.56,0
65,33788.32,6.02,14456.38,5,63.59,1,0.6815,23952.88,1,8417.82,1
26,65687.12,2.79,5730.38,1,44.31,0,0.1162,5556.43,0,9113.52,1
69,126113.91,9.16,2740.58,3,48.69,1,0.1139,21319.23,0,1014.0,0
51,65661.28,5.41,150000.0,7,88.32,3,0.3892,9856.39,2,31648.29,0
69,46211.55,12.52,27437.49,1,92.51,1,0.4585,18547.73,1,4152.48,1
38,77642.58,6.1,20081.62,3,97.6,1,0.7498,8703.0,0,6263.99,0
67,49380.66,2.18,22494.79,2,75.62,2,0.6026,24008.2,0,14249.35,0
49,46390.97,0.0,5727.62,12,56.15,1,0.3479,28134.18,0,10523.6,0
24,35731.28,6.14,9530.28,5,64.99,2,0.3153,15291.13,0,94777.44,1
41,103661.95,0.65,72605.15,5,48.14,1,0.2102,9817.39,0,2540.81,0
27,17543.61,0.25,30479.36,6,47.52,0,0.6309,26899.46,1,8500.6,0
67,78757.21,9.64,9771.73,1,76.08,1,0.3525,53541.51,0,24348.47,1
35,44640.79,0.0,6745.8,7,80.62,2,0.2684,69097.19,0,8054.05,1
31,45726.58,14.06,11915.22,11,100.0,2,0.3445,23747.86,1,11964.11,0
48,117786.66,7.8,13985.59,10,70.67,1,0.2258,21870.19,0,122876.94,0
41,39883.96,6.78,,4,50.27,3,0.1864,7168.65,0,12732.61,0
25,40500.0,1.83,15483.24,1,70.05,2,0.4554,45154.36,1,42330.75,0
61,51865.6,10.82,6949.92,10,67.48,1,0.4102,3540.93,0,21533.42,1
62,66258.55,6.99,17175.6,11,64.14,0,0.2812,41451.04,0,23304.48,0
57,45082.68,3.57,22238.89,12,77.5,2,0.434,18338.71,0,10037.55,1
51,27088.16,8.0,6461.97,7,52.57,0,0.1725,3280.54,1,2769.99,1
40,37254.36,0.0,24831.28,6,74.09,1,0.2962,22782.75,1,31938.03,0
47,97898.71,0.0,47347.05,10,82.43,2,0.2839,16132.75,0,19806.51,0
46,56882.22,1.4,20111.84,9,94.72,1,0.2219,13147.89,0,19433.47,1
29,67378.26,8.75,9513.57,10,76.97,1,0.1813,14901.55,0,10484.69,1
25,48895.9,6.98,11790.28,4,88.69,0,0.3535,17762.44,0,6696.49,1
33,40876.66,12.24,4774.57,11,64.9,1,0.384,17725.71,0,39458.46,0
43,117007.66,2.4,16172.36,1,67.13,0,0.4141,6407.11,2,16102.15,0
28,50534.02,9.87,23080.68,2,93.57,2,0.5213,23864.72,0,2314.08,0
26,45051.97,6.43,8785.18,8,50.05,1,0.1622,13799.45,0,11435.98,0
62,90070.91,2.28,84955.86,7,65.55,1,0.528,54662.62,2,9127.87,0
39,39736.53,8.93,33926.46,7,90.06,1,0.4486,32865.24,0,1128.81,0
49,42085.61,6.67,4289.41,11,68.62,4,0.1755,35558.46,0,6120.6,1
46,55254.19,3.85,4360.39,11,67.43,1,0.5161,66254.1,1,124137.83,1
57,55006.69,7.21,8191.96,9,67.75,0,0.6028,30131.61,0,1434.63,0
57,61815.76,6.35,63365.53,2,73.87,2,0.2399,16248.1,1,4246.69,1
35,140975.24,6.23,36712.2,2,89.38,3,0.4521,3002.39,0,1343.26,0
62,63984.76,4.94,65979.33,2,86.79,1,0.5017,21306.27,1,2887.15,1
39,18863.12,0.48,18147.62,8,72.18,0,0.5077,60455.3,0,2294.19,0
61,63698.93,7.37,15222.59,9,89.48,2,0.6146,33670.34,0,4132.49,0
40,55945.57,2.99,6635.04,10,77.47,1,0.5694,12617.68,0,56220.5,1
26,56085.97,1.9,23810.32,2,85.75,1,0.41,18770.32,0,27119.81,1
58,61436.83,5.8,15385.68,4,55.55,2,0.7138,12198.17,2,9504.33,1
22,54294.77,10.67,14918.98,5,99.82,2,0.6651,22295.52,1,54128.22,1
58,53713.14,7.93,65681.18,8,75.52,3,0.624,12592.37,0,7818.15,1
23,72472.2,4.34,16269.55,1,28.03,1,0.4199,49300.27,0,5078.8,1
31,43094.56,4.14,52203.88,11,98.55,3,0.7129,19581.82,0,8126.97,1
50,35904.92,10.18,,1,72.08,0,0.1168,21556.85,0,2885.56,1
67,214441.04,0.0,150000.0,7,65.67,2,0.1934,10080.46,0,2197.7,0
41,39852.99,10.99,13353.19,12,62.31,1,0.2664,13436.39,0,21730.35,0
26,57535.23,0.0,31693.73,3,79.03,1,0.1287,8016.33,0,16173.9,1
32,28058.34,0.0,35995.36,9,57.79,2,0.2494,48539.11,0,3767.36,0
64,57959.47,4.43,12091.3,7,62.77,3,0.4295,12566.95,2,18274.32,0
56,36139.33,17.85,34660.33,10,63.15,0,0.0273,20129.09,0,18943.75,0
25,45070.16,15.39,36131.83,8,67.32,3,0.2869,6086.62,0,6965.41,1
39,88024.24,10.53,10174.21,11,63.76,2,0.8123,7599.1,0,5090.08,1
33,68015.63,8.78,10271.07,5,85.65,0,0.2798,15106.55,0,24467.85,1
29,71031.08,0.0,18664.39,2,76.34,0,0.4027,14475.23,2,17955.65,0
62,24786.3,7.78,16411.41,9,78.29,0,0.7428,21363.59,1,57449.64,1
51,125704.76,4.25,54865.01,12,81.77,0,0.3908,73563.65,0,17766.54,1
29,32168.46,2.92,31579.44,6,70.51,1,0.1629,4385.4,0,2433.71,1
52,109419.11,7.77,17013.94,10,55.68,0,0.6774,35705.0,0,3021.83,0
41,87097.48,4.64,29231.13,11,100.0,3,0.3811,25511.02,0,9864.84,1
24,71316.87,11.35,3501.0,8,86.84,1,0.1345,11677.81,0,24853.01,0
43,37434.4,0.0,11002.51,10,97.81,2,0.3623,13287.47,0,16018.0,1
30,58882.78,7.38,22660.62,7,88.55,3,0.0965,39425.85,0,6888.01,0
33,44496.86,2.6,43932.93,10,64.63,4,0.0657,17232.02,0,2639.25,0
64,55723.45,4.95,21119.3,5,34.43,0,0.4254,14367.99,0,45009.49,0
55,49150.68,8.52,,7,52.33,3,0.1777,8639.25,1,43113.98,1
27,21976.17,1.41,36043.4,1,82.18,1,0.6586,10025.35,0,3381.65,1
62,91116.24,7.82,12178.94,3,70.37,1,0.3632,7682.55,0,21822.16,1
49,53028.79,5.94,16092.4,7,65.28,0,0.25,33432.3,0,15099.01,0
63,44219.82,3.7,24955.87,9,32.07,0,0.5963,10396.2,0,22213.01,0
57,42742.17,4.65,12571.89,1,71.79,2,0.1751,7803.24,0,47042.89,1
37,64627.5,6.23,61276.96,1,54.69,1,0.2957,20341.21,2,43277.23,1
47,36786.94,3.16,7414.15,1,60.41,5,0.4837,10165.63,0,18927.73,0
47,19935.54,7.04,23179.24,7,85.6,1,0.5139,53148.35,3,9636.1,0
56,66058.56,5.61,32418.5,5,55.53,3,0.6473,18525.39,0,9165.24,1
33,69472.4,3.94,14007.8,1,57.06,1,0.5997,20778.41,0,9855.41,1
37,50274.54,14.95,11697.0,10,74.97,1,0.1685,20818.46,1,140028.77,0
32,32811.43,9.08,16937.1,7,,0,0.2365,26843.33,1,12498.32,1
35,57245.79,5.09,34465.9,1,65.56,1,0.2594,29596.49,0,24208.06,1
28,28454.14,7.73,12067.23,9,95.48,0,0.9444,18373.06,0,17450.01,0
22,34642.44,1.87,7654.05,11,51.54,1,0.2306,8839.4,1,4925.89,0
67,39233.03,4.82,45188.36,6,48.74,1,0.1114,16164.45,0,18446.8,1
24,80407.36,5.4,24774.35,12,47.37,0,0.6229,18763.32,0,6611.76,1
64,46719.34,0.77,40312.34,6,45.57,2,0.4908,5742.35,2,5119.44,0
21,44960.9,8.94,33043.91,1,77.38,0,0.1673,4124.9,1,20485.31,1
59,132548.0,4.47,102954.09,2,56.36,1,0.0803,7702.03,0,3844.93,0
37,64453.32,5.22,43919.1,1,49.44,0,0.3049,4593.8,0,26434.93,1
46,64063.88,4.16,10085.59,4,78.08,4,0.383,12805.14,0,20047.16,1
34,46570.53,21.8,26221.67,5,85.18,0,0.8303,10478.78,2,37462.3,0
45,42054.48,3.69,11523.41,6,88.81,3,0.3496,19152.47,0,18483.58,0
43,20562.11,0.0,12516.79,6,86.0,0,0.1983,29572.18,2,5077.75,1
46,85052.31,0.0,5814.6,11,57.31,2,0.3301,22041.27,0,32710.29,0
40,67294.1,10.8,14317.48,1,76.42,2,0.2901,24397.61,1,34265.7,0
47,50739.69,13.68,27837.92,11,79.95,1,0.5027,34901.62,0,26816.66,0
61,51706.38,3.59,17073.96,3,64.4,0,0.4652,14326.2,1,23212.55,1
42,76600.08,13.39,7469.87,12,74.64,0,0.2976,2902.59,0,3173.35,0
38,27322.59,10.71,5322.57,2,51.97,1,0.2162,5308.34,0,25926.95,1
27,42177.49,6.05,97499.62,2,61.96,3,0.4978,25514.5,0,3898.81,0
38,32983.15,5.7,23347.74,2,77.95,0,0.1523,20649.63,0,6858.19,0
27,122059.96,7.9,9310.25,4,96.12,2,0.1895,29281.89,0,5676.89,1
29,81563.2,11.39,26044.29,12,90.42,0,0.0698,100000.0,3,2924.6,1
67,20411.97,8.99,103722.66,6,82.57,3,0.4839,20987.99,0,14076.88,0
25,27830.72,3.62,29569.45,2,73.28,1,0.4982,16835.98,0,11668.96,1
44,51820.08,6.13,1936.18,8,70.8,1,0.4048,22934.64,0,39658.7,0
61,44466.46,16.91,150000.0,7,48.84,0,0.4237,7824.22,0,35505.46,0
67,30306.47,8.26,4099.95,9,58.63,1,0.2371,30532.64,0,14070.9,1
28,131957.01,11.35,15264.99,9,59.15,2,0.3155,15965.51,0,24390.89,1
29,63305.75,9.7,7269.22,10,81.2,1,0.1053,58457.79,0,10925.61,0
39,68101.59,8.37,9957.94,2,87.12,1,0.6901,5870.87,0,10864.42,1
48,40282.88,7.54,22598.86,6,83.79,1,0.3149,18057.31,0,13436.06,1
68,76123.46,11.49,3433.41,8,90.92,1,0.8685,11600.71,1,10477.69,0
31,46346.16,10.59,16746.27,7,73.16,0,0.37,8532.17,0,14523.44,0
29,48415.92,8.32,45071.3,12,56.27,0,0.3019,27833.31,0,21802.03,1
33,72405.63,3.53,9168.55,12,71.2,1,0.2743,14412.46,0,4003.64,0
63,26424.31,8.93,5918.86,10,60.4,0,0.0928,45683.96,0,8311.25,1
22,112842.8,6.66,16101.75,3,82.53,1,0.0362,12413.16,3,24123.69,0
39,59704.56,5.46,13731.58,7,66.25,0,0.3591,13674.84,0,7286.82,0
26,97881.55,20.39,11180.71,10,70.42,2,0.4016,73745.61,1,7426.22,0
28,33899.3,0.0,6956.63,4,83.1,0,0.4675,6991.92,0,29928.62,1
65,36303.31,11.79,27268.15,9,60.14,3,0.4003,10400.24,0,6165.39,0
21,32605.41,2.69,28979.32,3,87.42,2,0.654,2069.87,1,17725.64,0
36,61557.22,7.66,7674.13,2,50.44,3,0.3258,13165.08,0,13732.13,0
65,56657.57,19.84,8572.58,3,76.9,1,0.3078,29192.51,0,26675.19,0
50,44627.39,2.19,20076.81,12,70.55,1,0.3769,23980.12,0,11306.94,0
24,34848.22,3.38,8317.77,12,85.24,1,0.5055,19912.05,0,5891.2,0
43,31104.88,6.91,20765.67,11,50.01,0,0.6762,9747.14,0,6672.07,1
68,53813.02,2.76,58253.78,4,47.51,1,0.1387,15754.01,0,53260.12,1
40,44603.8,11.42,17158.84,10,84.0,1,0.122,13627.38,0,7423.43,0
46,40399.2,4.33,6817.4,3,65.75,3,0.0979,17931.14,0,6999.37,0
47,110335.25,10.27,24632.2,2,70.55,0,0.4835,20334.4,0,7920.12,1
53,52999.72,0.35,15615.25,4,61.44,2,0.203,14080.88,0,9406.08,0
30,97402.56,0.0,15962.56,2,86.6,0,0.4188,18302.68,1,8311.23,1
62,43266.11,5.86,26327.92,8,76.79,2,0.1777,16808.93,0,19947.17,0
69,61404.46,0.0,31286.97,9,75.85,0,0.5921,11222.16,0,13149.27,1
27,53643.97,14.59,18518.56,1,53.29,0,0.4923,19030.29,1,7054.84,0
61,25620.76,0.0,17147.07,2,80.02,1,0.3944,7362.5,0,22993.14,1
61,104593.92,1.81,93803.76,6,56.12,3,0.4882,20436.67,0,15462.55,1
57,51754.64,9.07,47031.38,2,61.46,4,0.2544,8271.66,0,39612.55,0
39,76955.04,4.07,35065.18,10,50.15,0,0.6153,17681.25,1,15953.06,0
43,39209.55,0.0,19992.09,5,69.5,1,0.4352,24932.39,0,10692.98,0
62,51067.75,17.2,8050.85,5,89.03,1,0.6326,9414.4,1,9991.59,0
28,37235.02,1.99,44357.46,1,75.63,3,0.1256,37090.54,0,13674.65,1
61,95921.73,6.02,20202.51,9,64.93,0,0.2482,62938.18,1,16696.68,0
66,63273.55,5.95,11343.41,9,73.75,0,0.1985,11419.7,0,11977.86,1
54,64877.91,10.55,14818.25,10,73.66,1,0.2138,16265.56,0,8070.75,0
37,101343.53,9.31,8309.72,7,73.06,1,0.0605,42044.16,0,21092.01,1
48,92544.24,2.87,41939.79,4,74.84,3,0.5107,5112.53,0,17719.48,1
23,77613.19,5.37,31087.36,1,55.36,2,0.1546,18425.64,0,12203.05,1
66,29007.54,5.87,20815.08,4,73.7,2,0.2965,14569.56,1,21899.95,0
37,40216.51,10.74,17394.31,7,43.92,1,0.5033,33807.96,0,11202.97,0
23,35008.24,1.16,10442.01,2,81.21,2,0.4263,15161.81,2,12132.08,0
59,76303.85,17.09,3274.99,1,54.36,1,0.3534,24698.66,0,21184.89,0
53,59390.04,3.2,5812.61,3,90.84,2,0.2048,10116.39,2,24673.27,0
51,29417.88,6.96,9936.9,1,32.88,1,0.2878,35039.85,0,21604.67,1
23,50521.46,1.2,8810.98,1,98.79,0,0.6167,8209.17,1,6030.28,0
57,28077.9,0.51,22688.55,6,45.77,0,0.2439,33113.59,0,16830.24,0
52,53699.99,2.63,34451.99,9,52.8,0,0.2573,18986.11,1,12479.22,0
59,26112.54,2.15,16242.32,6,76.78,2,0.4403,3463.45,0,17074.13,1
61,69777.08,4.93,,2,81.9,2,0.2463,18812.08,1,61937.18,1
31,65197.19,2.11,9622.01,5,67.47,1,0.2581,27529.08,1,9928.91,0
31,129788.99,10.48,16150.36,1,86.28,2,0.2116,7612.73,0,12240.24,1
66,80549.84,3.09,17280.56,8,59.26,0,0.1969,9949.0,1,7231.67,0
47,45468.59,2.53,43125.77,3,65.6,0,0.4457,19154.76,1,10097.87,0
42,79476.77,5.04,19591.22,5,67.17,1,0.5816,12582.24,0,6522.47,1
35,29323.36,11.96,20029.91,11,63.39,2,0.3376,22670.82,0,4568.61,1
52,35666.81,8.07,4789.84,8,41.05,0,0.3756,15547.46,0,2064.36,1
57,63895.4,6.5,8762.19,10,71.61,1,0.2972,7146.21,0,6417.91,1
21,20824.31,0.0,43255.9,5,70.16,2,0.4422,91857.34,0,6828.36,1
48,54087.92,1.29,3421.56,12,89.25,0,0.5529,14189.21,0,11381.31,1
69,34751.22,0.61,52707.93,9,51.42,3,0.3427,19635.88,0,7385.91,0
34,57565.38,13.53,26845.64,7,61.77,2,0.2569,62243.57,0,30391.23,1
34,33863.98,9.65,9898.22,7,91.26,0,0.4345,32930.45,1,14716.71,1
64,66569.39,2.69,9251.01,8,76.69,5,0.2172,26406.96,0,23400.24,0
24,55480.44,4.18,82034.18,2,80.79,2,0.2958,37744.15,0,29068.17,1
40,103285.59,2.87,55673.06,4,79.25,0,0.1076,26479.91,0,41811.86,0
43,55166.93,2.57,16359.67,9,79.33,0,0.0959,26479.23,2,28806.78,0
60,38917.5,9.3,20046.31,6,100.0,0,0.3196,26772.27,0,5416.66,0
27,49216.78,5.56,10734.11,10,73.46,6,0.1818,15994.57,0,26002.75,1
42,30036.91,17.41,20049.39,7,55.82,0,0.1215,38195.9,0,16010.18,1
28,66029.06,13.25,10498.67,1,82.22,3,0.4139,28860.66,0,40316.54,1
59,71719.72,13.55,16903.78,8,62.94,1,0.191,3598.89,0,12281.8,1
51,167079.78,10.36,76602.93,8,70.24,2,0.2966,32653.39,1,33614.91,1
45,41575.33,4.89,16674.5,5,77.92,1,0.1513,10329.09,1,13128.72,1
40,48755.87,9.99,7783.1,10,58.86,2,0.41,21336.42,0,13608.32,0
28,42446.39,5.26,6033.18,5,63.84,5,0.4326,5583.33,0,21852.82,1
66,60508.53,15.15,19926.81,2,79.61,2,0.4693,11965.93,1,9041.18,0
52,65306.65,9.02,,2,63.22,0,0.1094,13947.9,0,19733.27,1
36,53694.71,8.31,21925.59,11,87.57,0,0.3144,26207.23,0,3059.46,0
41,89673.91,7.64,4927.19,5,56.22,0,0.6349,11929.1,0,18543.2,0
56,41666.29,15.7,31267.27,5,56.17,1,0.2724,3952.16,0,3820.12,0
56,85722.17,0.0,7707.85,4,100.0,1,0.409,12770.65,2,19762.92,0
43,70081.39,16.19,18679.18,9,47.52,0,0.2181,13790.47,0,723.47,1
35,54703.06,6.07,13732.0,8,71.57,2,0.3452,28036.91,0,2343.74,0
53,,0.0,71170.82,11,100.0,1,0.136,19965.79,0,12584.75,0
53,163912.65,3.24,20646.86,11,71.54,1,0.4412,10524.55,1,12785.04,0
50,38079.62,0.0,85349.05,12,93.55,1,0.1652,21852.23,0,9559.1,1
24,62891.0,10.27,28189.95,4,82.44,0,0.7367,64970.89,0,22990.44,1
44,39241.49,1.81,56300.11,8,71.88,2,0.1069,40838.04,0,27776.14,1
51,122837.52,7.84,15231.01,5,69.91,2,0.4148,4729.08,0,117064.24,1
67,81974.24,12.67,23730.81,9,38.09,1,0.4531,100000.0,0,12484.31,1
46,40531.35,3.64,47716.95,9,66.89,2,0.0068,41224.61,2,30445.7,0
37,69269.24,5.66,37126.82,4,75.72,0,0.6527,54606.12,0,5692.56,1
48,61762.49,0.48,27526.97,11,75.71,1,0.3717,6211.87,0,7335.26,0
29,43591.06,5.06,13846.38,4,100.0,2,0.4369,13468.95,1,5732.21,0
25,77362.88,19.87,15852.87,12,76.5,1,0.3465,27175.8,1,10867.79,1
54,65530.82,10.89,44723.6,11,82.08,1,0.4759,8209.32,0,14670.09,1
69,60606.22,5.68,52831.14,1,90.64,2,0.3279,26045.82,0,30649.27,1
62,53972.21,3.94,11201.88,5,80.65,2,0.1923,56466.87,0,16378.87,0
49,66773.59,6.79,9928.05,5,70.62,3,0.3902,14255.45,0,39963.9,0
22,60980.71,7.65,8732.61,10,70.7,0,0.2888,59307.03,1,40558.49,1
69,56482.18,4.9,34957.47,9,66.39,3,0.1266,29433.05,1,12443.65,0
43,41218.04,9.65,8557.36,1,79.11,1,0.1115,4900.3,1,10925.44,0
35,117863.6,2.23,34620.79,11,69.27,1,0.206,9797.61,0,3042.19,0
64,34282.82,2.21,27852.54,3,82.0,3,0.1475,39101.2,0,7362.29,0
57,66670.96,8.85,11638.26,5,55.85,2,0.1593,8739.26,0,5793.08,0
57,47618.67,1.16,62894.53,3,74.35,2,0.3111,38314.34,0,6024.96,0
34,121404.68,10.65,5587.68,2,96.83,0,0.4022,27618.35,0,8194.82,1
69,36626.28,6.93,67897.41,7,68.41,1,0.512,22400.96,1,19268.06,0
43,39506.48,0.0,23230.83,2,100.0,4,0.4868,12016.48,2,15578.71,0
47,35549.11,7.55,3426.7,1,74.62,1,0.2949,22223.91,0,29208.07,0
57,63617.75,0.0,64320.31,10,71.1,1,0.7332,58445.71,0,16965.26,0
53,29649.95,10.47,39179.03,5,73.87,2,0.1821,13699.23,1,7047.16,1
29,44344.8,5.76,12778.99,8,67.02,2,0.4134,27589.97,0,23717.3,1
35,20879.52,16.26,8319.44,12,40.31,3,0.1763,73316.95,0,3494.42,0
38,61284.24,12.36,5130.07,1,86.08,0,0.2695,21627.95,0,28914.66,1
67,43914.15,1.7,124303.81,10,100.0,0,0.4961,12767.81,1,6023.87,1
56,28154.51,0.0,8599.17,2,79.69,3,0.5274,12670.9,0,1520.01,1
38,89645.0,3.22,6550.23,10,80.66,1,0.4323,4186.1,1,19589.23,0
57,30535.29,0.89,22302.68,4,69.08,1,0.2499,7708.82,0,9086.46,0
57,78724.77,16.13,4855.23,2,90.52,2,0.2064,22809.11,0,34540.84,0
40,40119.59,6.95,8208.19,3,71.37,1,0.3844,35490.1,1,28542.55,0
40,113073.76,11.67,39898.83,5,76.28,2,0.4828,13357.8,0,4939.84,0
64,77063.59,5.57,26094.91,9,46.96,2,0.2767,35171.96,1,47259.21,0
48,34942.77,6.1,13213.99,9,63.53,2,0.3758,33657.45,1,2201.16,1
28,36402.81,6.84,18265.56,9,77.88,1,0.2066,10494.18,1,18234.0,0
56,72227.4,12.53,12634.05,1,86.52,1,0.5292,11861.84,0,43251.89,0
49,48874.85,8.56,17129.01,12,86.96,2,0.2699,7015.17,0,4810.65,1
45,50964.49,1.71,9785.71,6,46.73,1,0.4076,30299.57,0,80292.28,0
56,97498.86,15.11,11315.58,2,48.36,1,0.5404,18047.24,0,13884.96,0
65,39268.52,5.54,11043.36,12,81.35,2,0.3896,33506.94,0,16782.96,0
37,57306.58,4.72,10071.23,10,60.05,1,0.457,17263.24,1,34534.52,1
41,84513.87,0.0,41492.0,1,86.31,3,0.4962,9318.25,0,17482.73,0
30,79157.22,10.17,33330.26,6,45.92,0,0.5211,31068.57,1,3641.93,1
52,51188.12,7.51,8537.61,11,70.43,0,0.4467,4496.56,0,663.67,1
40,48294.88,7.5,6923.05,9,71.45,0,0.3087,14216.27,1,4985.5,0
37,25150.21,4.99,15871.9,3,79.69,1,0.5699,10468.09,0,5399.55,1
55,34193.07,4.12,100947.63,9,55.5,0,0.3573,52365.72,0,5110.75,0
40,63471.74,5.15,7910.63,3,40.53,1,0.2731,61264.78,1,6791.0,1
43,51691.13,9.32,15821.86,5,74.74,3,0.3442,24205.45,0,924.98,0
42,56886.06,10.2,19324.0,3,80.42,1,0.5595,12003.46,0,4105.58,0
33,87794.36,5.84,16501.61,9,88.12,1,0.4789,60050.78,0,19620.61,1
27,32234.52,11.74,12475.96,12,66.26,3,0.4961,11039.81,0,30655.9,0
61,49454.45,6.61,45351.16,1,84.41,1,0.4582,6831.37,2,6228.27,1
25,59874.64,4.48,25892.12,8,79.77,2,0.4533,4478.95,1,22343.68,1
36,40063.32,7.99,35410.77,3,93.16,0,0.417,19336.87,0,1167.0,1
53,104741.76,0.2,28843.24,10,71.11,1,0.414,5418.84,0,15302.45,1
27,82780.89,8.16,36801.2,2,44.32,2,0.2451,48598.0,0,34852.79,1
53,62670.65,0.0,63936.88,5,70.92,1,0.7078,11989.83,1,19086.9,1
56,123314.44,1.86,52206.5,3,73.42,2,0.2384,7314.8,0,11717.02,1
53,28017.53,0.0,115609.13,11,80.29,2,0.2608,39304.17,0,1208.71,0
35,54809.11,6.12,47667.26,1,47.48,0,0.553,33230.99,1,65779.38,0
21,64857.0,15.05,10536.17,7,67.01,0,0.4442,57671.44,0,68838.76,0
64,36444.24,6.41,35453.48,2,,0,0.2611,5477.83,0,22549.58,1
37,62969.77,10.22,31776.27,8,70.33,2,0.3195,4726.98,0,39789.23,1
60,33427.24,18.76,83647.18,10,67.11,1,0.4169,53670.55,1,12022.42,0
30,75044.7,9.02,8303.23,10,100.0,0,0.6306,2524.42,2,23810.02,1
28,88531.54,3.17,28127.07,1,54.88,2,0.4564,7686.99,0,25538.66,0
59,62170.66,3.86,10438.65,10,91.73,5,0.5763,18710.78,0,11334.21,1
67,23892.73,7.0,27123.7,4,88.34,1,0.3832,7097.64,0,5701.83,1
63,35597.52,3.84,15158.7,9,68.4,0,0.1675,20869.26,0,26375.88,1
57,70912.92,4.21,26415.39,12,71.47,2,0.2452,8055.11,0,65087.67,1
33,55527.18,11.93,5824.66,2,71.42,2,0.2576,44408.37,0,36695.46,1
65,16363.15,12.13,33952.18,5,74.91,0,0.3228,29750.24,0,16308.35,0
53,96217.08,0.0,21225.84,11,62.49,2,0.2109,21822.34,0,15215.93,0
29,58488.41,2.91,20330.58,2,65.15,1,0.1725,14039.56,0,16023.82,0
27,38044.24,4.68,85674.43,4,66.32,1,0.3377,8731.49,2,1534.82,0
63,86061.59,10.0,13255.14,7,66.83,0,0.5095,16380.26,2,10904.02,1
34,40546.12,12.72,23669.42,12,67.03,1,0.0304,7599.43,0,9880.61,0
58,40347.51,20.51,19503.39,4,36.15,0,0.844,68871.67,0,4048.35,0
27,64624.39,4.67,21090.09,5,73.56,2,0.3165,22507.8,0,30993.49,0
34,122584.49,4.92,106464.85,10,63.56,1,0.2303,9789.37,0,15465.07,1
34,114199.56,9.94,18942.68,2,42.13,4,0.0051,53864.62,0,1138.36,1
34,64663.92,3.59,11433.5,4,66.4,2,0.4908,17427.64,0,14824.37,0
54,67721.7,6.3,80406.42,4,65.9,1,0.2459,47918.72,0,37852.29,1
65,78532.12,4.92,14072.47,5,92.4,1,0.2405,46913.76,0,7019.53,1
65,31239.73,0.0,4983.98,7,63.37,1,0.3115,24432.32,1,4771.29,0
57,73493.72,7.62,9951.24,3,82.68,6,0.325,7402.3,1,3761.1,0
30,39527.64,6.09,6639.93,5,94.12,1,0.3593,11989.38,0,13127.8,1
68,,13.36,4264.82,12,61.95,0,0.1617,100000.0,0,6242.68,0
47,49648.73,7.03,13463.2,10,71.24,1,0.7258,12238.02,0,3194.47,1
47,68915.21,0.73,17016.76,12,99.66,1,0.1577,15032.66,0,51573.16,1
55,58002.13,5.71,46283.9,9,75.66,0,0.3039,12936.49,0,14416.51,1
58,15000.0,0.0,29781.67,7,77.98,0,0.3311,9324.46,0,7487.1,0
67,59610.66,0.95,28715.56,3,65.48,0,0.2148,29463.05,0,54124.19,1
49,73427.76,10.18,8809.26,2,82.99,0,0.1522,7050.79,0,15360.24,1
50,67222.02,5.76,36536.74,7,71.37,1,0.2123,10062.46,0,10629.11,1
57,52518.71,11.61,54781.8,5,42.69,2,0.3664,22341.52,0,14601.25,1
33,115158.1,0.0,24680.87,10,66.32,1,0.1296,15103.84,2,7456.9,1
36,63272.52,5.79,25238.88,1,53.07,0,0.1129,20176.81,0,10583.15,1
51,66972.77,4.62,6544.45,11,73.8,2,0.3842,17613.39,0,20299.2,0
24,88001.56,11.78,41842.83,3,57.33,1,0.6053,7923.4,0,54494.18,0
36,64747.82,10.36,74816.33,5,79.65,0,0.1052,50178.09,0,7320.57,1
56,36716.46,10.21,23306.53,5,72.72,0,0.4729,40064.13,1,21115.98,1
68,18358.29,14.71,11188.49,12,52.03,2,0.413,9220.69,0,3181.95,0
46,44372.89,5.16,15812.11,9,64.12,0,0.2988,25131.11,0,18919.38,0
40,77459.77,13.68,12858.89,1,81.93,0,0.481,12768.19,0,60839.27,0
42,46919.8,1.78,13490.85,11,90.37,0,0.4501,38425.66,0,12257.13,1
54,78874.93,1.6,30227.68,9,57.56,3,0.2037,32839.48,0,7136.55,0
47,58807.0,10.76,22509.63,1,54.44,0,0.2303,43363.39,1,7437.25,1
22,98195.75,0.0,40186.1,10,100.0,0,0.4507,9274.56,0,18550.05,0
47,48157.92,9.86,24217.94,1,71.84,3,0.2929,6972.79,0,12667.68,1
40,67881.25,7.51,9016.91,6,73.46,2,0.3198,4900.95,0,8337.73,0
55,69060.4,12.36,12059.08,2,60.17,1,0.6055,100000.0,1,21606.85,1
63,108099.71,6.7,11474.18,1,75.44,2,0.5427,33942.39,1,5446.0,1
68,25517.04,7.28,15505.51,7,99.44,3,0.0739,43027.65,0,26139.62,1
50,44748.12,9.55,75651.91,9,76.07,0,0.0894,6597.85,0,9037.65,1
38,80573.15,3.69,85995.2,6,89.04,3,0.43,28084.42,0,21713.1,0
42,110276.03,3.47,35150.99,5,72.46,2,0.3931,5393.64,0,25551.13,1
29,61274.6,9.37,19794.08,7,55.59,0,0.8547,24753.27,0,2089.0,1
66,48212.4,6.85,6056.0,2,61.07,0,0.234,18259.78,0,11258.86,0
62,77326.48,4.96,,1,54.12,3,0.2109,14608.04,1,3030.72,0
62,81308.4,6.59,9567.44,2,75.48,2,0.5419,12316.21,0,2527.01,0
37,46781.39,14.97,66339.75,1,91.58,0,0.5808,40993.83,0,9716.18,1
36,63813.93,4.78,4980.29,10,74.58,2,0.2472,12482.35,0,15820.72,0
62,93556.96,4.64,24482.52,8,67.08,1,0.2999,46419.83,1,2987.83,0
47,128771.53,0.0,8943.98,3,59.37,3,0.3265,17413.07,0,15319.12,1
55,76823.1,6.79,17863.5,7,77.69,0,0.3146,23381.29,2,5462.95,0
45,56103.36,10.28,30668.2,6,52.19,0,0.2012,26458.19,1,12756.23,0
42,53677.79,11.18,40770.01,2,53.85,2,0.1359,24832.16,1,116912.83,0
51,70679.93,7.54,17146.94,12,86.4,2,0.5562,21121.53,0,9018.61,1
60,52210.33,11.78,33093.77,12,67.56,0,0.2307,81222.57,1,4307.52,0
37,59899.69,10.66,10595.14,10,67.24,2,0.5401,39667.33,1,11808.1,0
60,34167.98,12.56,21906.92,10,69.29,0,0.1669,3006.26,0,10112.71,1
32,98593.85,11.92,40130.54,7,83.61,0,0.2274,15558.68,0,8792.47,1
40,32925.59,14.85,23477.71,10,74.65,1,0.4287,50938.3,1,12375.89,0
65,45280.79,6.15,11785.82,7,60.11,1,0.3187,10187.83,0,10160.99,0
67,57469.26,0.36,14398.7,2,60.69,2,0.2558,18058.64,0,3939.34,0
66,134730.61,10.32,40564.63,3,68.88,4,0.5993,19027.93,0,25200.2,1
36,45473.32,10.9,7514.96,11,76.84,1,0.1372,54862.25,0,39136.96,1
62,40756.94,14.85,8456.37,6,71.43,2,0.3035,8650.98,0,8584.8,0
66,42925.48,13.41,29126.34,9,70.01,1,0.3673,9564.73,0,16453.08,0
68,116028.62,16.73,12667.72,2,72.74,1,0.4581,25642.09,0,1903.9,0
22,15514.53,10.1,5628.96,6,71.42,1,0.5186,22912.06,0,11803.53,1
57,35026.37,8.14,53038.96,2,59.51,0,0.2593,25940.79,0,67762.15,0
69,,0.08,7468.48,3,89.71,0,0.3127,22554.96,0,24653.12,0
58,71753.03,8.54,15345.58,2,64.28,3,0.2837,16567.14,1,13784.45,0
32,33436.23,4.24,10965.51,3,74.07,4,0.5523,26644.52,0,11531.46,1
58,53972.25,8.06,14185.57,8,39.03,1,0.2278,20782.7,0,9169.14,0
26,56695.1,7.27,8870.01,1,68.56,1,0.5317,15119.79,0,17508.63,1
44,80486.51,9.36,31874.14,3,54.41,3,0.1651,17218.58,0,30280.46,0
51,125852.31,6.51,19668.74,9,56.34,4,0.146,12337.31,1,7640.28,0
43,65508.6,11.68,39539.28,2,100.0,5,0.1982,10966.24,1,23592.23,1
55,43139.04,0.0,11056.71,7,75.99,0,0.4724,26593.74,0,5796.27,0
32,78376.27,7.95,99165.4,11,91.62,0,0.2603,7210.81,2,8096.89,1
50,40169.96,13.01,3922.2,10,85.68,3,0.1569,29153.96,1,4412.91,0
52,34547.37,16.35,5064.54,2,87.73,2,0.2389,14964.68,0,13862.07,0
52,24912.61,10.66,73173.96,2,68.81,2,0.2314,16745.93,1,12936.28,1
35,27194.79,15.42,26300.95,9,97.7,2,0.384,15899.56,1,17146.29,0
35,36742.45,7.84,23652.78,5,85.55,2,0.3432,25601.11,0,15841.13,1
33,32373.1,7.01,25416.33,6,72.66,2,0.4746,50728.55,0,23005.81,0
43,63325.6,9.65,28426.95,6,76.21,1,0.4835,63615.43,1,78359.39,1
49,32059.78,6.98,22878.23,7,69.81,0,0.2327,37476.15,0,23209.56,1
38,15000.0,3.09,8311.57,6,72.84,0,0.0329,19017.17,0,2031.97,0
41,34383.37,4.42,34637.07,1,71.3,2,0.2712,31498.81,0,9600.05,0
35,44478.07,1.44,30536.24,2,78.1,1,0.426,4371.06,0,11625.38,1
31,41883.04,9.64,56436.53,1,99.84,3,0.2963,27547.01,0,2882.76,1
53,108975.09,7.06,73829.96,4,52.72,2,0.2097,23644.84,0,25329.26,0
60,41730.78,5.2,23447.24,10,90.28,1,0.3337,6104.8,0,60017.31,1
35,81756.78,4.17,6741.84,12,66.11,2,0.4754,11984.33,1,5501.18,0
63,54532.18,9.53,74320.74,6,92.31,0,0.506,21860.8,3,37402.93,0
48,53962.86,10.9,7971.33,1,66.66,2,0.4776,23512.85,1,31527.52,0
29,37766.11,1.35,23588.12,1,78.6,0,0.3438,35177.56,0,15359.31,0
38,53564.2,0.56,14657.98,10,69.46,2,0.2412,57925.84,1,25342.39,0
21,38979.66,11.77,12754.34,5,44.31,1,0.4756,16215.04,0,6030.64,1
22,59373.27,0.12,33175.51,11,99.82,0,0.3905,8115.62,0,33807.9,0
37,49452.91,9.74,21888.02,7,56.92,3,0.5693,31999.66,0,37499.7,1
43,35954.37,15.08,27138.81,11,73.34,0,0.5497,44339.27,1,18435.7,0
60,85943.12,15.1,9372.9,2,55.16,1,0.3028,43712.93,1,15797.21,1
27,66647.09,10.69,15660.03,11,50.61,1,0.4833,25025.61,1,5876.19,0
62,44956.93,10.54,9725.43,7,68.72,2,0.1102,72985.49,0,28123.91,0
32,58721.45,18.26,15349.98,6,62.5,2,0.1578,14859.4,0,12155.43,1
27,52964.03,0.0,16368.55,7,53.3,3,0.4808,55141.65,0,10613.13,1
55,37222.64,4.68,78713.53,4,71.43,1,0.5072,7990.11,1,28068.71,0
58,56772.75,11.24,14626.88,8,48.29,3,0.1858,3684.28,0,9254.18,0
50,41590.75,5.31,3286.73,10,74.01,0,0.0157,7897.7,0,6359.67,1
26,35949.42,13.2,54951.17,10,69.96,0,0.8119,12039.5,0,31940.92,0
26,26498.49,6.8,25784.65,12,32.31,1,0.192,18008.77,0,3084.92,0
40,46803.59,7.66,16208.95,5,63.63,1,0.2842,9370.07,3,23104.07,0
43,70985.1,5.63,12687.27,10,,0,0.3667,19684.12,1,3962.65,0
69,40234.97,4.39,8438.73,11,54.98,0,0.3658,28307.92,0,2352.62,1
35,170998.04,4.26,84843.66,1,80.19,1,0.4797,23040.22,2,21677.67,1
30,81932.17,8.36,18762.26,6,78.92,2,0.6194,16345.26,0,16069.03,1
67,98917.06,3.13,4482.45,9,55.72,1,0.5376,41771.25,0,6793.92,0
28,78664.54,11.77,23395.97,6,71.8,4,0.113,10278.58,0,4240.84,1
22,126611.38,10.27,47243.22,2,85.2,1,0.0438,15203.6,1,16272.41,1
41,38597.3,12.5,20399.69,8,57.98,1,0.1296,12248.29,0,7874.39,0
40,17374.46,1.36,8750.38,5,68.71,0,0.3845,28426.31,0,24454.31,1
51,44996.14,0.0,8145.88,8,90.4,2,0.3971,13363.58,1,7146.0,0
64,70706.08,6.98,8640.99,1,58.28,2,0.1569,23819.05,0,8184.4,1
66,58880.84,21.49,60806.59,1,79.35,4,0.3599,31874.44,0,32554.4,1
35,62258.55,13.33,16997.06,8,54.73,2,0.3961,12623.53,0,4758.79,0
69,99657.84,4.23,4699.2,12,69.42,1,0.1771,5879.87,0,3237.69,1
52,65317.44,9.12,24475.65,8,79.15,2,0.5895,15374.55,0,5173.62,1
24,78794.56,10.64,20149.94,12,33.53,1,0.4924,10313.33,0,14918.27,0
66,36036.41,0.16,12569.28,11,63.45,1,0.1371,11481.04,0,67026.22,1
27,33595.97,13.85,,4,78.87,2,0.2484,3191.71,2,13761.96,0
49,113713.76,6.16,7684.89,2,75.61,1,0.603,5789.72,0,5475.48,0
59,57554.88,6.55,42934.63,7,63.64,0,0.2824,31511.64,0,5690.82,0
33,41549.27,7.12,21941.55,8,54.33,0,0.615,9338.79,0,17362.21,1
34,41583.59,12.72,26397.96,10,82.06,2,0.628,40428.15,0,2521.93,1
44,41067.94,3.22,21893.26,7,66.84,1,0.3551,10907.34,0,2206.55,1
64,39976.89,0.0,23395.01,12,80.73,1,0.3426,25299.52,0,14318.63,1
31,30874.07,8.61,12374.72,11,78.08,3,0.0844,15076.37,1,26606.3,0
53,27998.31,0.0,15267.22,8,64.84,0,0.2542,28363.9,1,27215.85,1
43,50379.34,5.49,45709.27,7,89.16,1,0.1693,15073.61,0,16387.79,0
26,42119.74,12.93,55815.07,1,62.49,1,0.2944,20897.99,0,35239.78,1
55,90518.56,9.9,6771.33,10,91.05,0,0.4423,42604.26,0,10124.44,1
61,62753.71,12.21,15237.58,9,93.14,0,0.2092,25030.95,0,8534.49,1
49,61974.69,10.1,35226.55,11,88.8,3,0.1382,11118.68,0,11456.56,1
29,39367.04,19.05,81128.6,2,69.11,1,0.3572,4850.84,0,15653.87,1
28,52084.66,4.06,74883.94,2,100.0,0,0.3205,16678.34,1,200000.0,1
41,64701.45,8.99,9523.53,9,74.43,1,0.2864,24326.9,0,10051.65,0
45,75915.53,4.81,49919.35,6,,3,0.5822,20048.54,1,14099.63,0
48,52724.59,11.78,18864.48,8,71.65,2,0.2207,9736.53,1,57313.96,0
32,89383.75,6.69,41508.78,6,53.92,1,0.4286,20016.12,1,19763.4,1
45,55198.09,15.59,33818.05,8,92.72,2,0.3563,28567.1,1,2646.42,0
35,78579.78,4.35,6548.27,8,62.84,2,0.3713,47743.95,0,56376.4,0
54,44119.4,14.04,27948.15,3,86.71,1,0.6494,15366.61,1,16064.62,0
60,24328.98,9.97,40242.72,10,90.55,1,0.4327,100000.0,0,933.09,0
52,62059.57,6.84,17712.09,6,81.65,0,0.2725,49781.8,0,8319.85,1
21,76228.01,9.71,14780.65,7,60.93,2,0.3106,20250.23,1,6274.87,1
69,71253.18,8.31,5119.42,8,66.54,2,0.3342,21617.65,0,7828.74,1
22,66507.66,8.78,31101.8,9,29.17,1,0.1781,47589.86,0,11625.69,0
69,47015.11,5.97,21271.55,4,70.14,2,0.4921,9171.47,0,22994.29,1
22,38255.88,3.49,8607.42,1,84.84,1,0.4612,10265.04,0,37538.99,0
46,70499.87,5.32,13869.61,3,68.2,1,0.2659,7306.78,0,38791.01,0
26,66635.3,0.0,20368.19,12,62.56,1,0.2187,15055.9,0,50775.7,0
25,42731.17,11.21,11512.84,3,67.24,1,0.3662,9858.75,1,10022.38,0
54,90610.86,0.82,,3,91.45,1,0.2424,14039.91,0,1830.15,1
56,36967.67,5.91,4438.98,11,71.13,1,0.4214,17568.27,0,1261.52,0
26,42298.33,10.24,52979.72,3,100.0,1,0.167,6858.27,2,24084.93,1
68,114861.21,11.2,18230.56,6,62.87,0,0.5002,46839.76,0,11368.85,0
36,,0.0,7469.95,5,75.48,1,0.2707,41458.57,0,46177.42,1
36,46816.19,6.54,2515.83,8,65.07,0,0.6089,13045.25,0,18214.12,1
35,62593.07,9.3,41004.41,8,100.0,1,0.2587,50788.52,0,2474.5,1
43,58967.69,7.26,28130.24,7,74.88,3,0.3525,23624.9,0,6965.37,1
29,15987.5,13.72,21304.54,7,100.0,1,0.1436,38852.53,0,17639.69,1
41,36577.01,2.89,35919.85,11,65.28,1,0.284,6964.32,2,4405.21,0
31,53755.83,0.0,35840.93,7,96.44,0,0.3565,14223.91,1,46503.98,1
23,46845.64,11.05,21029.42,7,73.89,0,0.3925,27941.82,1,8072.21,1
39,61468.78,4.31,14687.55,11,85.39,1,0.5644,16048.61,0,8982.09,0
53,91432.43,0.0,12892.66,2,52.48,1,0.1149,15914.98,0,2832.07,1
58,47590.92,6.21,25207.09,11,77.57,1,0.5593,16658.19,0,75108.1,0
38,34171.38,13.15,55036.51,3,54.89,0,0.4233,23377.94,0,10064.11,1
36,63657.45,0.68,16577.55,4,76.11,1,0.1132,19460.7,0,15586.78,0
59,47482.09,18.68,58648.01,1,47.71,2,0.6699,53572.26,0,5985.67,0
54,51269.94,2.81,24261.57,7,70.49,0,0.3637,9004.96,0,8412.28,0
61,48232.59,7.44,24408.33,10,89.53,0,0.3024,19231.24,1,15826.74,1
65,,0.9,123280.14,5,80.76,1,0.5915,29462.4,0,17729.39,0
61,20065.79,7.21,67526.11,8,52.26,1,0.0682,7536.83,0,20154.78,0
66,46181.67,6.33,68941.56,5,41.63,1,0.4994,14150.97,1,29811.35,1
41,54908.77,0.0,9509.4,10,79.95,2,0.11,20329.52,0,22394.18,1
40,38699.21,21.13,103971.6,12,97.3,0,0.3695,51541.94,0,19605.38,1
36,82455.17,4.52,16854.17,9,56.58,1,0.3879,19803.23,0,6638.02,0
32,79304.84,4.53,15004.93,5,100.0,3,0.2309,30598.98,2,9794.34,1
57,53830.68,11.85,3199.43,10,71.9,4,0.1442,32033.85,1,3975.42,0
56,48692.74,16.07,23368.86,1,40.66,1,0.2312,2615.12,1,7652.86,1
60,52297.71,12.63,7566.18,12,47.03,1,0.4236,19041.85,0,17621.6,0
29,52466.73,0.99,24952.52,11,84.32,5,0.5208,13268.37,1,17217.05,1
45,53094.07,8.07,7107.28,8,74.07,0,0.1557,51551.64,0,21786.64,0
31,50538.41,0.0,75832.85,8,95.72,1,0.1579,29354.18,0,45106.54,1
64,61616.85,11.51,27983.94,4,52.83,4,0.3329,33204.68,0,3680.02,0
34,77190.67,0.0,111527.26,6,73.9,3,0.1822,25896.62,0,2235.97,1
28,31617.67,2.98,7940.31,2,72.11,3,0.1551,19369.89,0,9470.93,0
48,34279.05,6.98,62160.21,5,69.71,5,0.0965,32306.42,1,45245.62,1
64,25040.64,9.23,4255.46,8,65.88,0,0.4637,17733.25,0,43932.34,0
65,81224.1,5.7,21260.1,5,66.2,1,0.5849,44228.31,0,14348.32,0
25,61557.93,14.6,10859.86,10,74.79,1,0.267,8516.96,1,9283.45,1
36,69041.21,10.62,12578.72,11,76.84,2,0.5987,37221.09,0,15185.0,0
28,28906.28,10.22,11907.57,7,76.04,3,0.2572,13963.46,0,32891.92,1
36,122800.35,0.85,8659.0,5,91.3,1,0.4649,28962.19,0,5951.08,1
47,41818.98,15.5,6570.7,4,52.78,3,0.3498,5990.4,0,7178.11,1
34,59324.7,2.98,12634.49,7,43.01,1,0.273,21740.12,0,13077.9,0
24,80786.21,15.69,19750.81,9,88.27,1,0.1967,16193.13,1,32863.34,0
45,35275.63,17.11,45664.78,2,56.9,0,0.2939,17437.68,0,25449.36,1
23,43012.35,9.56,22797.53,6,65.93,0,0.1456,5223.12,1,2037.56,0
32,59618.18,12.16,45768.86,6,62.21,3,0.0973,18419.14,1,25503.61,0
21,198978.36,0.0,5516.98,4,61.86,2,0.277,19710.53,0,11845.59,1
25,62981.39,6.02,12730.44,3,48.67,2,0.4306,5171.93,0,21280.62,0
42,113317.74,12.51,31790.76,11,62.89,2,0.3663,8043.66,1,9883.45,1
62,94621.63,11.62,23686.95,6,82.39,1,0.254,20100.7,1,18808.53,0
58,64905.85,0.9,9037.94,7,71.94,1,0.4553,23931.74,1,12513.5,0
25,35240.47,5.53,38001.55,1,80.07,0,0.5997,17373.41,1,7352.81,0
22,88608.01,0.0,11767.64,4,64.06,1,0.376,18575.1,0,6062.84,1
37,28027.43,9.06,9664.71,3,86.45,0,0.2551,18342.15,1,10100.51,1
52,113038.33,0.0,26573.91,4,63.87,1,0.4278,12292.35,0,3742.83,1
57,60179.73,12.65,18089.06,11,38.26,1,0.1724,15888.67,3,8056.5,1
61,16688.71,12.91,11846.61,7,77.07,1,0.6292,6748.14,0,8984.21,0
37,47186.39,4.63,11529.13,11,84.28,2,0.1758,11954.53,0,30500.53,1
29,73818.52,9.61,7648.69,6,63.05,1,0.1652,17473.34,0,21800.25,0
22,49435.68,5.91,13115.22,10,91.19,2,0.3227,42756.8,0,73438.19,1
28,75874.89,8.21,43396.52,2,58.39,0,0.3307,16530.68,1,2651.07,0
24,37518.06,1.26,21889.61,10,82.73,3,0.3435,76201.46,0,9525.13,0
63,30558.45,10.11,38754.51,8,99.92,3,0.3571,69501.28,1,36396.41,0
34,53259.85,0.0,27200.26,1,72.59,1,0.4639,18900.02,0,15362.44,1
61,55786.83,0.0,11029.51,9,68.38,1,0.2392,13473.67,0,9861.88,0
48,47019.4,6.39,4811.74,6,70.31,0,0.2517,87934.37,0,5184.61,0
47,95546.61,5.94,8575.32,1,98.05,1,0.1873,30343.18,0,22415.72,1
43,37514.96,8.36,10521.1,11,78.44,1,0.1661,24469.03,0,14192.79,1
61,63323.58,3.75,9889.82,7,100.0,4,0.3984,10862.61,0,8852.19,1
23,56708.25,16.43,39456.06,8,76.47,0,0.5561,13344.66,0,29741.68,0
25,27297.93,7.8,39128.16,7,61.54,0,0.641,8935.47,1,89969.41,0
41,30379.55,8.16,105622.93,2,62.66,1,0.5863,51007.26,0,5394.09,0
40,55295.59,7.99,9770.77,4,72.99,1,0.1253,25570.81,1,20283.4,1
47,134138.55,12.01,64607.49,9,39.34,1,0.3149,14485.74,3,13593.59,0
57,71379.06,9.88,64288.81,5,64.4,3,0.194,12932.93,0,21530.4,1
49,25299.83,9.21,14947.75,11,64.76,3,0.1674,8993.25,0,39384.86,0
33,15000.0,10.68,26290.72,4,75.84,3,0.2826,17141.22,0,43157.33,1
37,76493.62,0.0,48567.68,6,100.0,2,0.1993,20284.67,0,7662.36,0
57,52669.53,0.0,17171.17,6,72.88,2,0.4664,3660.21,2,2697.24,1
30,91918.55,6.62,16139.32,1,41.24,3,0.3131,9165.41,0,11030.36,1
45,37003.41,6.01,10897.16,10,57.38,1,0.2972,11209.69,0,11090.54,1
47,64388.1,9.9,2724.65,2,76.2,1,0.8423,38482.76,1,1007.54,1
57,80488.25,7.1,19043.94,6,73.49,1,0.4307,12215.78,0,29865.88,1
56,44969.05,9.91,10200.9,11,97.99,1,0.5449,5125.95,2,7480.96,0
43,45403.75,0.77,7614.79,12,87.36,1,0.3816,8328.7,0,11455.02,0
36,55628.82,6.95,25232.3,3,86.88,1,0.3546,60188.67,0,7179.17,0
39,70213.29,0.29,5636.83,5,68.53,5,0.4001,13865.83,1,9955.69,1
41,54646.38,8.93,34303.1,7,89.59,0,0.1671,8701.09,0,37846.72,1
31,85253.7,0.0,26502.82,9,57.67,1,0.2398,5578.21,0,12946.13,0
51,44677.16,8.74,13068.66,4,87.49,2,0.5267,18310.18,1,80985.55,1
31,30251.79,0.0,17111.03,7,67.48,0,0.7094,19711.24,0,21138.17,0
52,133883.78,5.08,6946.2,11,48.83,0,0.0711,24511.6,0,22559.73,1
57,41898.42,11.47,32807.02,10,81.49,3,0.3649,100000.0,0,9985.3,1
68,42586.37,8.14,20910.75,10,94.36,0,0.2626,7576.07,0,11368.98,1
26,53395.24,0.0,22194.66,11,65.49,0,0.0965,13900.37,1,30390.11,0
58,56688.12,3.64,26893.48,11,97.0,1,0.2372,22088.92,0,34931.42,0
25,46215.98,0.0,10766.5,7,45.5,3,0.053,13250.96,1,15251.64,0
37,54570.2,0.0,5339.46,12,52.85,1,0.5422,4239.4,0,19806.94,0
29,54024.64,7.59,38714.97,6,69.65,0,0.1941,25746.5,0,10579.24,0
28,59501.52,9.8,31228.98,9,66.07,0,0.16,11570.11,0,14627.46,1
29,19038.51,9.2,11729.24,12,61.33,1,0.339,8547.12,0,12979.96,1
23,128217.43,10.01,24969.62,1,74.14,0,0.1896,9630.67,0,12434.23,0
61,51472.8,6.94,49242.18,12,63.54,2,0.2697,53313.38,0,29563.67,1
23,71422.53,5.63,44760.78,10,66.26,1,0.3375,44687.45,0,11471.24,0
40,29582.64,1.63,11458.42,12,76.45,2,0.1042,8386.0,0,6812.37,0
55,44495.28,4.8,5470.46,10,61.32,2,0.3949,5355.47,0,9416.4,1
69,40641.55,0.39,6275.16,2,70.3,1,0.1908,33758.3,0,9274.33,1
62,106560.07,2.77,14027.1,4,61.67,0,0.4071,76029.1,2,17845.96,1
27,42254.76,7.44,57987.38,1,52.71,1,0.2419,92135.04,0,7261.65,1
69,77359.95,6.41,10050.43,8,84.22,2,0.1018,6680.57,0,33041.9,0
53,41043.97,22.32,11170.87,6,99.32,4,0.0763,46565.85,2,9416.92,1
29,44864.85,0.27,10988.43,6,89.03,4,0.3538,17932.59,0,49261.81,0
42,49246.37,6.37,11763.33,9,77.31,2,0.643,4662.33,0,12284.33,1
65,98009.41,0.0,17839.06,10,61.74,0,0.1831,9861.64,1,19305.62,1
40,23497.63,5.06,6464.54,1,67.41,1,0.1431,10384.66,0,29348.61,0
29,30425.61,5.26,42856.6,12,88.91,0,0.4573,25108.55,0,36094.61,0
63,22897.92,11.22,16030.85,5,35.5,1,0.585,6913.9,0,21100.28,1
67,33715.49,4.75,130801.31,10,66.19,0,0.3641,34854.48,0,127027.76,0
68,38172.42,6.04,7039.34,7,83.75,3,0.1607,25108.28,0,12037.32,1
67,26597.48,4.85,64216.79,6,53.79,0,0.1226,36760.6,0,3085.59,0
63,39526.32,0.0,54786.73,3,78.77,3,0.6597,11338.83,0,11630.99,0
43,22213.75,3.74,12949.08,3,78.03,5,0.6317,23758.27,1,24537.15,0
30,34786.81,5.09,13122.43,9,48.73,0,0.4643,8716.84,1,18070.81,1
51,,7.37,8613.52,4,73.39,0,0.0349,28906.42,1,4799.55,1
31,65953.36,9.79,8692.97,3,62.12,0,0.5205,15245.05,0,8852.58,1
44,59841.16,5.83,17991.28,1,78.66,0,0.4817,16329.05,0,5790.37,1
53,35025.73,5.74,18300.5,11,82.72,0,0.146,17592.37,0,6601.11,0
67,27552.55,0.0,4995.25,5,78.38,2,0.2689,5319.65,1,11031.79,1
35,32940.83,9.7,112750.34,5,73.16,2,0.4285,41398.95,0,18263.52,0
33,53940.89,3.52,14625.38,5,76.62,0,0.4178,19074.97,0,6227.18,0
57,81289.17,10.74,18970.05,8,53.18,3,0.3389,41515.88,0,6779.78,0
21,82549.53,13.58,10906.75,6,71.51,2,0.4979,39427.81,0,22750.35,0
48,73047.41,6.06,14537.97,7,59.26,2,0.0589,10186.59,0,5551.9,1
57,39465.73,1.88,13518.64,4,88.5,1,0.8091,14901.63,0,5331.32,1
47,55610.98,6.92,17957.85,4,82.93,2,0.3582,6078.79,2,86784.94,1
39,47595.06,8.74,17791.13,11,82.89,1,0.2284,42459.24,0,7469.32,0
61,50239.31,5.42,34269.81,6,99.42,0,0.4165,22592.17,0,2321.1,0
39,137557.32,4.18,21588.22,12,66.72,1,0.5857,20721.79,0,3931.56,1
55,24889.18,9.82,31620.26,11,63.22,1,0.2897,14837.02,0,1995.94,0
43,49487.92,9.49,17859.28,9,66.34,3,0.3692,9129.76,0,52956.28,1
22,94880.69,5.27,21657.98,7,46.36,1,0.1304,44179.77,0,11244.12,1
46,28436.74,0.0,14840.01,11,47.62,1,0.5572,73274.13,0,4702.08,0
23,41167.41,9.28,40159.59,1,81.94,2,0.5171,45397.46,0,19884.12,1
66,43348.23,3.16,23300.38,6,49.68,3,0.618,16009.88,0,56033.93,0
50,49742.16,8.07,15861.77,9,54.8,1,0.5589,23652.94,1,10287.7,0
39,26820.12,7.76,15487.66,2,70.37,1,0.3029,38066.05,1,52175.29,1
44,71895.37,0.0,16493.73,3,65.4,1,0.6424,19225.5,0,8866.8,0
51,74229.56,7.41,18443.77,1,86.17,2,0.4539,70217.31,0,4161.85,1
33,69137.83,9.57,17206.43,6,72.97,3,0.7378,43130.77,1,61182.08,0
35,37176.06,10.19,11510.95,7,59.22,2,0.3764,100000.0,0,6270.06,1
41,57183.37,7.59,33191.45,6,87.55,2,0.3134,20621.49,0,7213.95,0
33,36692.97,0.0,34912.07,1,83.66,0,0.6075,3320.1,0,30571.78,0
58,47354.63,13.39,74997.68,6,49.42,3,0.5443,18928.48,0,12389.51,0
26,144950.71,9.06,11105.81,11,76.04,0,0.1047,13799.34,0,10865.6,1
61,57420.2,0.98,30677.29,1,60.56,0,0.4792,20313.62,0,9543.34,1
38,32231.56,3.06,3908.14,10,60.14,1,0.2963,62709.02,0,6588.99,1
48,59649.4,8.16,34939.09,4,100.0,3,0.4522,12318.24,0,14121.79,1
28,29934.9,10.4,5613.12,1,73.99,1,0.4796,10056.9,0,18607.67,1
39,32065.43,4.56,8189.94,1,68.52,2,0.1502,11445.37,1,9815.64,1
57,34426.54,11.13,23480.07,1,73.36,1,0.6703,81309.89,0,19981.98,0
34,45032.93,0.0,10948.17,5,85.99,0,0.4042,13037.61,1,17390.46,1
27,83844.95,1.79,9812.81,6,60.77,2,0.3837,21584.72,1,17005.27,0
46,71351.07,0.0,12213.22,8,63.51,1,0.1902,65555.61,0,9292.5,0
28,69594.19,2.51,32267.89,1,82.51,1,0.3193,28642.7,1,8590.01,1
36,33542.63,14.54,8534.01,8,47.74,0,0.6193,3714.4,0,16749.92,1
43,43109.43,17.29,17236.82,9,87.85,2,0.343,12834.63,0,4076.59,0
48,62161.37,8.17,13295.78,1,46.32,1,0.7032,11397.58,0,163135.65,0
52,41454.2,3.81,34684.2,9,68.07,1,0.318,5314.57,0,1247.78,0
54,48524.47,5.89,35470.78,2,46.42,1,0.1271,12896.68,0,7243.6,0
62,67083.94,9.37,4146.01,6,55.1,0,0.434,2677.42,0,19060.78,1
24,47011.18,0.0,41531.8,8,92.76,0,0.3759,22598.79,0,23146.46,0
38,60889.45,4.14,11042.67,11,88.71,0,0.1507,18094.02,0,5610.88,1
21,112624.69,14.17,,7,90.42,1,0.0923,10964.57,0,6683.71,1
21,50906.81,1.77,8493.02,6,48.82,1,0.1211,5072.14,1,12551.22,1
31,93506.9,3.25,24222.44,11,55.18,1,0.335,47775.72,0,3534.61,0
50,70742.73,7.07,138580.44,3,77.44,0,0.3319,12091.76,0,4066.81,1
64,28419.46,8.42,19927.57,3,83.45,0,0.3958,38809.97,1,26413.61,0
58,33494.17,3.87,12459.63,6,59.21,0,0.1362,16482.83,0,25035.72,1
52,37796.44,7.38,14948.98,2,,0,0.4138,49993.84,0,12126.85,1
59,37436.92,10.04,5557.5,1,53.9,1,0.086,27098.6,0,23992.41,0
29,52810.12,16.81,57371.2,5,98.53,1,0.2289,19461.14,0,13050.54,0
62,72524.4,6.37,23119.54,2,64.4,1,0.4057,9999.99,1,5979.17,1
64,96752.34,6.79,7777.64,8,,1,0.4839,44687.83,0,4230.38,0
25,63181.53,14.64,7983.02,7,73.34,1,0.1025,15589.09,0,21052.06,0
44,45005.17,4.25,18221.42,6,89.69,0,0.3352,10175.0,2,6539.19,0
61,21548.9,0.38,37938.56,6,56.76,1,0.238,16123.66,0,24853.16,0
44,56775.14,8.25,7167.66,2,90.69,0,0.2027,17427.64,0,9115.16,0
62,55641.52,12.38,43864.23,5,51.54,3,0.1807,33190.59,1,38637.81,1
66,59719.05,8.81,16727.68,1,90.65,0,0.4169,4820.62,1,5073.45,1
44,141902.66,6.51,8552.1,5,44.56,0,0.289,95444.75,1,4304.96,0
23,96120.41,0.0,12381.7,9,70.33,2,0.3907,24896.25,0,14445.5,0
37,78304.93,6.71,72909.2,12,98.01,2,0.4081,17800.83,0,8772.14,1
31,35673.16,13.17,5928.68,4,83.16,4,0.4597,24561.27,0,13705.3,0
44,43662.32,0.83,10022.75,4,78.74,1,0.3057,6161.65,0,11236.13,1
49,52701.98,5.78,38568.61,9,55.23,2,0.3757,19632.65,0,7546.46,0
43,38799.21,5.06,21403.13,12,60.24,1,0.4233,28378.01,1,9424.01,1
30,68892.15,3.51,9558.01,4,93.51,2,0.402,14646.0,0,1672.38,0
35,64582.42,8.24,38947.18,11,79.56,2,0.4612,25968.45,0,45872.69,0
54,33703.26,9.22,40455.73,4,86.24,1,0.2891,31360.21,0,6736.2,0
22,94245.28,9.16,23464.4,8,73.18,1,0.3536,10809.81,0,17759.15,1
31,57591.38,2.12,11028.19,3,67.49,2,0.0282,43142.72,0,1845.32,1
64,25260.73,0.0,12475.02,4,84.27,0,0.1829,17256.58,0,5400.28,0
25,53743.83,8.31,22603.68,12,76.15,0,0.1699,68370.29,0,15026.25,0
41,62419.4,4.47,6301.76,5,69.28,0,0.4269,45013.8,1,60984.19,0
31,85207.52,16.19,52070.56,1,49.38,0,0.385,23923.87,0,17854.15,0
26,47250.76,16.42,70143.21,10,87.26,0,0.5604,10197.05,0,19669.17,1
41,79830.48,16.95,14903.68,2,79.04,4,0.4187,16648.18,1,7660.54,1
46,59832.39,2.3,23932.93,2,62.3,1,0.3632,36446.98,0,11766.46,0
29,30433.95,9.85,46479.59,11,90.87,3,0.3545,12165.89,0,9957.77,0
24,29093.31,11.35,86040.7,5,75.9,2,0.3125,24380.83,0,15682.04,1
27,91148.05,10.79,62549.41,2,76.21,0,0.1941,26387.6,0,36314.46,0
52,,5.23,4490.4,12,86.14,1,0.1097,16637.32,0,8670.13,0
63,63601.84,13.4,13984.21,4,82.7,0,0.3341,10126.92,2,12167.27,0
29,107813.32,7.0,26867.63,8,76.7,0,0.5916,55074.3,1,8338.86,0
36,88482.75,7.64,12121.71,4,68.98,5,0.4534,25101.27,0,9409.45,1
37,74811.09,0.0,74932.31,7,100.0,1,0.3971,14571.68,1,32979.04,0
38,36497.47,10.22,66278.92,9,60.26,0,0.6605,10352.69,0,17788.62,0
32,119878.19,5.7,9371.07,10,83.94,2,0.3845,33761.99,0,15834.02,0
23,70012.15,9.32,15806.98,5,70.66,0,0.286,17146.4,1,10614.29,1
46,46233.55,8.18,9882.13,8,79.28,0,0.5212,35680.03,1,5467.98,0
38,40715.62,7.9,15398.48,11,91.73,1,0.2743,9439.12,2,22258.31,0
37,61737.15,6.77,15029.66,11,67.01,2,0.1872,22246.79,0,25316.95,1
33,25928.86,10.93,38620.3,9,81.63,2,0.2935,12865.05,1,26306.95,0
66,75353.18,6.01,8842.77,5,76.25,1,0.1846,60911.05,2,11742.85,1
50,35809.97,0.0,2218.81,7,61.74,2,0.456,23292.46,0,5912.76,0
41,64981.77,9.84,4986.52,12,92.13,2,0.1142,8964.94,0,21198.81,0
31,43493.18,2.95,7906.86,3,83.38,1,0.4533,34634.36,1,31485.26,0
60,48829.99,0.38,10652.75,9,65.05,1,0.4752,42720.1,1,25353.71,1
64,39123.52,1.89,20907.57,10,89.66,1,0.4186,14217.1,0,5902.96,1
22,51150.89,8.42,7587.76,6,58.7,3,0.5375,10211.55,0,16723.81,0
66,128708.99,6.52,6831.14,11,71.54,1,0.4288,3851.01,1,2068.64,1
55,102576.62,0.0,8557.55,6,65.13,2,0.1333,38897.2,0,39799.33,1
25,64511.84,5.08,7373.18,11,84.02,1,0.5878,5276.53,0,13902.36,0
57,54377.52,12.85,11551.05,8,64.33,3,0.2782,17401.01,0,14267.31,1
26,80416.85,4.74,11162.3,1,84.14,3,0.5914,5380.24,1,48067.17,1
23,91452.51,6.17,31237.43,10,81.51,2,0.3765,63502.26,1,7036.12,0
26,37860.75,12.21,8155.95,9,66.0,1,0.6869,45812.64,0,13317.64,0
43,53116.4,10.98,13521.68,3,100.0,3,0.4131,22208.33,0,5521.63,1
51,24226.62,12.11,11638.91,9,60.08,1,0.3045,37478.31,0,3118.69,0
40,91170.3,0.0,34380.16,7,49.46,0,0.1539,16408.99,0,15422.94,1
26,139295.02,15.67,15910.01,12,85.7,0,0.131,10105.22,0,14799.94,0
30,57018.19,10.18,41717.85,4,37.61,1,0.6351,5567.01,1,1774.7,0
62,21138.13,19.31,7159.75,4,95.87,0,0.4236,31336.11,0,23132.36,0
68,72336.87,3.09,17302.98,1,73.63,0,0.2709,8880.0,0,11553.55,0
57,36616.28,0.0,11355.01,10,49.17,0,0.2296,100000.0,0,23616.9,1
26,40805.87,7.04,6749.95,12,56.82,0,0.6881,8262.43,0,14827.73,1
61,72914.87,5.62,17053.63,9,45.85,2,0.4684,36555.15,0,30755.34,0
54,61675.24,10.27,72003.44,5,78.13,1,0.5175,43972.88,0,34097.82,0
46,44154.03,12.37,9097.91,11,50.77,0,0.1372,7046.44,0,14357.13,0
28,41059.02,6.56,16255.12,4,80.03,3,0.1564,13139.33,0,27535.64,1
69,58204.31,5.8,6300.23,9,67.12,2,0.0802,15324.12,0,26550.36,0
42,45744.6,9.61,5601.25,8,64.39,2,0.5301,100000.0,0,4142.56,1
23,33387.33,5.72,9588.55,11,80.15,0,0.5656,15159.44,0,5421.67,1
31,47355.35,5.3,12558.34,12,81.98,2,0.4313,8114.42,0,4834.31,1
40,64081.13,12.19,13012.43,5,90.33,1,0.2425,25396.03,0,21809.74,1
24,50763.96,13.3,15022.54,2,61.86,4,0.5518,8646.12,0,6348.66,0
36,29115.02,12.42,4814.85,2,71.52,3,0.1647,17241.01,0,1926.67,1
43,,6.16,10909.29,9,61.83,2,0.2862,13090.86,0,4840.12,0
67,16036.51,0.0,26890.65,5,74.61,0,0.5166,25867.32,1,8504.43,0
25,44991.29,6.26,6072.53,2,59.55,3,0.5091,12152.36,0,18148.59,0
49,41605.98,3.21,13548.22,10,65.21,1,0.2474,11057.19,0,38413.35,1
65,58792.46,6.35,22751.86,8,65.3,0,0.1166,38309.63,0,28277.0,1
60,70815.72,3.64,9626.87,2,76.69,0,0.3968,22036.84,1,14086.56,0
66,91320.69,6.9,23655.4,9,72.05,3,0.358,18359.36,0,5701.18,0
29,,1.8,5330.64,8,80.1,2,0.2794,4678.15,1,1975.71,1
60,71614.33,0.6,36639.67,12,70.29,2,0.1563,27817.2,0,7741.37,0
68,60066.45,13.11,24119.3,12,62.72,1,0.2696,12947.54,1,9273.14,0
36,25460.81,2.15,18819.7,12,75.06,0,0.309,21873.16,0,13130.6,0
45,129357.04,7.0,44266.41,11,57.33,0,0.3549,4949.89,0,26849.38,0
47,28785.86,11.77,13830.72,10,81.11,0,0.6305,21854.88,1,21957.41,0
45,66427.22,11.57,10980.13,9,67.43,1,0.4139,20605.33,0,13052.98,0
35,65550.13,10.97,53968.86,7,75.27,3,0.0775,15328.19,0,8383.41,0
68,62263.15,8.51,78491.03,10,75.52,0,0.4489,9680.87,0,3047.31,1
67,44025.7,10.62,10335.88,12,97.62,1,0.3905,40715.25,0,5838.3,0
39,79805.86,13.87,16434.41,2,78.11,1,0.1056,10673.83,0,5035.85,1
60,27253.11,9.13,41529.57,2,73.17,1,0.3282,34039.13,0,123751.01,1
40,53394.63,0.0,16909.16,6,60.92,0,0.1798,37464.07,0,72260.32,1
59,42673.99,4.36,28963.68,4,84.84,4,0.4154,10052.46,0,3865.03,1
49,40550.54,10.48,33605.66,7,67.68,0,0.472,30386.85,0,17088.46,1
44,66704.32,3.86,11479.1,4,47.59,1,0.1628,13324.14,1,3557.39,0
27,89317.6,15.1,25173.49,10,68.88,1,0.6254,28144.15,0,14675.59,1
53,47128.04,6.68,17911.05,11,75.06,3,0.3262,9348.77,0,7716.55,0
36,78150.75,7.43,6799.69,4,58.9,2,0.2958,16606.66,0,10561.25,1
31,56244.96,12.62,8155.15,10,70.11,1,0.1324,18997.59,0,30914.9,0
30,36803.9,6.09,10680.7,2,70.86,1,0.2027,17633.39,0,16778.5,0
69,48972.3,7.88,37833.22,10,71.11,1,0.2242,23505.04,0,26254.62,1
26,48065.49,11.5,38840.3,9,91.75,2,0.0105,10218.71,0,18863.52,1
60,40198.76,0.0,32795.85,9,51.02,0,0.4497,12227.9,0,6207.62,1
63,66696.37,5.57,25596.62,6,100.0,1,0.1091,29667.75,0,3687.31,1
22,61125.18,11.15,25043.96,2,71.47,1,0.176,13487.06,0,9164.69,0
49,26884.26,7.33,22475.37,11,81.28,1,0.5566,12708.62,1,9149.33,0
49,26157.78,14.34,24939.41,2,74.05,1,0.4996,9985.13,0,7496.59,1
38,66582.46,0.0,26328.76,6,44.38,1,0.0447,13044.19,0,6365.2,1
53,38109.15,0.0,,3,55.09,1,0.4834,8770.84,1,12740.93,0
41,63007.37,10.85,9565.61,11,63.61,1,0.1488,29990.54,2,39410.75,1
42,78159.56,11.33,7902.94,7,87.9,2,0.439,13144.81,1,1812.91,1
42,31043.96,6.03,43644.96,7,49.85,1,0.186,8430.04,0,3921.07,0
60,29140.86,9.0,67602.96,4,58.31,4,0.2119,15613.78,0,15182.32,0
52,116842.57,10.73,3174.45,10,74.64,3,0.2877,6772.25,1,2255.2,1
39,64427.47,2.93,62942.62,3,79.57,1,0.316,9888.09,0,3273.6,1
66,45543.82,3.47,19293.13,9,79.08,1,0.2183,46456.45,0,80555.03,0
60,36127.7,7.95,40469.46,12,56.26,1,0.4268,8403.76,0,19905.94,1
66,43712.53,11.52,26992.13,4,46.43,1,0.3128,16280.54,1,132603.8,1
56,32187.42,1.17,56979.29,9,80.62,4,0.5505,84339.28,1,2579.82,0
40,81848.39,6.01,21288.47,4,94.93,0,0.504,21431.24,0,78359.68,0
58,38775.75,5.78,6047.28,12,66.48,0,0.0574,12588.93,1,3686.08,0
37,89965.27,9.09,16540.83,11,53.69,2,0.512,4477.23,0,26860.9,1
34,45926.86,6.96,27191.29,4,65.12,2,0.0282,20231.01,0,1691.96,0
43,34392.06,4.27,15143.98,3,78.31,3,0.3918,10516.86,1,15585.92,0
68,45399.34,13.24,30464.35,1,68.27,3,0.6506,26597.9,0,16605.86,1
48,16885.55,4.3,17078.39,9,94.52,1,0.9555,11212.13,0,8015.21,1
39,52090.75,5.54,11178.19,12,86.8,0,0.2794,21854.05,0,3427.11,0
43,50946.68,0.0,7550.31,2,74.95,1,0.2462,49542.71,0,9321.65,0
35,79715.77,3.43,13156.55,10,40.73,2,0.6323,28796.62,1,14892.24,0
53,23535.17,9.58,21200.59,10,60.92,3,0.0787,7153.05,1,4257.97,1
38,92774.61,8.6,3754.14,6,63.23,1,0.3621,19156.62,1,9962.99,1
48,79567.27,10.0,9643.76,3,60.05,1,0.4762,35332.66,0,11333.38,1
39,96616.81,9.75,3643.77,8,75.05,0,0.5415,6212.97,0,18021.54,1
36,53710.5,17.44,10986.99,8,75.38,1,0.468,58640.75,0,2862.53,0
68,86798.28,3.26,46909.66,10,45.21,3,0.3648,19866.12,0,7024.91,0
37,28368.33,0.0,6969.05,7,84.87,4,0.3854,26947.42,0,14060.78,1
24,75808.06,1.75,31591.86,1,72.26,1,0.3553,14149.67,0,8390.71,1
39,38873.39,3.48,150000.0,3,77.72,4,0.4191,18593.2,0,4465.38,0
47,26159.24,2.13,57581.55,5,83.92,2,0.4425,9623.98,2,27858.45,0
25,33164.17,7.47,20029.02,6,59.73,1,0.2071,53160.98,0,28697.14,1
35,55137.07,13.26,35770.35,5,,3,0.1472,63149.77,0,23639.0,1
29,37954.9,14.7,6017.22,11,69.73,1,0.4927,80885.73,0,8631.6,0
45,65141.79,9.52,5112.25,4,96.2,2,0.3575,5229.72,0,9970.28,1
56,24376.66,17.71,18418.03,9,57.7,2,0.4556,22670.2,0,36912.2,0
68,21118.29,5.22,24760.76,5,95.01,0,0.3731,24357.85,1,24689.93,0
40,101993.34,0.0,43202.36,12,57.54,1,0.3425,10984.47,0,37432.73,1
63,82602.77,12.27,11419.95,11,100.0,1,0.2134,23367.41,0,12940.4,0
31,34300.15,0.0,21011.88,10,56.77,1,0.2187,6584.69,0,20766.93,1
59,54925.81,3.22,20443.42,10,88.91,2,0.6686,50425.0,0,21815.44,0
48,87017.68,9.6,16203.97,8,66.2,2,0.4848,6154.3,1,43964.84,0
58,66418.36,6.49,16986.04,8,83.44,2,0.6418,21448.91,1,1542.53,0
58,58793.63,6.05,9084.85,7,71.35,1,0.2078,31274.57,1,13402.49,0
47,90030.86,1.1,22514.01,1,54.54,2,0.2049,11830.98,0,28300.46,1
33,39587.47,6.95,,12,27.25,2,0.3061,47049.24,0,34604.68,0
46,55777.11,12.02,12658.92,12,100.0,0,0.2423,5017.21,1,7984.29,0
61,54560.02,7.1,30660.99,7,73.17,2,0.3291,17618.11,0,17043.52,0
68,48647.01,2.85,40961.68,11,24.9,0,0.6397,5527.45,0,23262.03,1
66,46151.1,0.76,30946.9,5,76.84,2,0.2504,10475.83,1,37111.85,0
29,56833.38,2.95,7817.91,2,83.03,1,0.3044,12739.37,0,16528.98,1
50,55858.21,8.96,19493.64,11,60.56,0,0.4695,12206.61,2,15126.51,1
26,34313.56,8.72,8681.78,7,60.67,0,0.4491,43815.98,0,9405.01,1
53,78896.85,3.0,19445.5,12,71.68,1,0.6665,7922.41,0,32921.66,1
69,35444.21,0.0,8708.87,3,91.24,2,0.4572,6064.06,0,36751.28,1
23,49855.47,9.1,50003.97,6,73.6,4,0.2381,13311.46,0,30695.67,0
53,48156.54,2.51,33684.47,9,95.41,1,0.3263,19486.17,0,23396.79,1
67,64617.15,10.45,45275.37,2,90.1,0,0.2247,25600.41,1,14961.35,1
62,21194.39,3.22,41752.09,12,68.34,2,0.3609,40368.35,0,7072.52,0
40,82125.01,2.06,14496.28,8,46.87,1,0.3442,3996.27,0,6163.27,0
26,40556.15,7.77,12805.62,3,68.37,1,0.202,58698.78,0,30318.35,1
66,95232.06,18.79,72511.91,9,80.42,1,0.265,10149.97,0,33256.0,1
66,44352.05,10.75,15772.63,11,72.96,2,0.1553,14812.06,0,14967.51,0
49,53804.31,7.68,6090.36,5,82.15,2,0.345,18294.32,0,14955.93,1
68,130130.38,8.79,40299.75,8,85.81,2,0.6217,3939.71,0,14539.46,1
21,48546.93,0.0,20194.14,9,80.49,1,0.338,13298.73,0,35290.15,0
51,96044.88,1.39,60046.97,2,67.59,0,0.536,36046.34,0,23707.2,0
22,55974.91,0.0,21861.95,7,,1,0.5747,28004.62,0,8144.42,1
66,66305.42,15.65,17714.27,7,100.0,1,0.3128,12680.37,0,18972.73,1
54,56759.02,14.64,61024.07,4,48.16,0,0.3331,20894.76,1,2886.97,0
65,80549.06,8.96,5257.2,4,79.8,2,0.3145,24864.59,0,6883.71,1
48,40400.57,7.68,11269.3,8,100.0,1,0.116,15017.63,1,2486.11,0
25,35322.19,0.0,8850.57,10,53.21,0,0.2144,25409.27,1,5550.23,1
22,41263.32,5.9,3109.02,5,88.02,0,0.4372,10278.56,0,6034.01,0
37,57524.03,15.96,36194.71,2,90.16,1,0.1969,9287.14,0,1840.79,1
57,49797.5,7.66,11524.06,10,48.37,3,0.3504,14621.28,0,34468.8,0
28,75713.53,4.18,37138.95,3,83.4,2,0.3835,3321.35,0,7591.52,1
62,98934.94,0.0,24572.82,1,67.66,1,0.4335,29243.7,0,8972.77,0
32,35452.93,13.9,29256.03,4,71.03,1,0.5011,19078.72,1,5529.04,0
45,39529.86,6.65,12504.04,10,66.8,0,0.3251,15407.4,0,19963.19,0
30,28818.73,0.0,9766.65,10,93.0,0,0.4475,31436.11,0,41579.44,0
43,137139.83,2.38,19340.1,4,70.21,1,0.1633,23602.41,1,19208.01,1
43,63081.94,0.61,37551.24,7,64.59,2,0.1451,37903.07,0,16413.7,1
21,68254.56,6.34,17288.93,12,64.86,1,0.253,54394.37,0,2029.73,1
48,30091.4,8.04,10265.85,9,66.54,1,0.4387,22686.36,0,10953.62,1
59,54971.05,4.48,6897.49,10,54.73,1,0.4068,10875.93,0,21486.48,1
66,69164.99,10.89,21193.66,2,64.45,1,0.2514,29898.1,0,35310.18,0
37,49086.9,7.39,11554.99,3,73.88,0,0.4393,10901.14,2,20713.45,0
64,89246.37,12.31,16996.02,2,78.47,1,0.4058,10557.04,1,78569.45,1
64,155657.36,5.21,14870.04,12,91.26,3,0.4943,14665.66,1,6229.83,0
69,35915.0,22.23,12614.25,5,75.86,0,0.1624,40490.27,0,6230.0,1
39,34722.71,4.18,22769.33,6,64.41,2,0.1534,30432.3,1,16944.12,1
62,37052.76,2.48,28049.62,7,55.82,0,0.1766,33463.73,1,37895.89,0
48,113309.48,1.87,86712.23,7,76.71,1,0.1524,19616.98,0,43810.5,0
23,87916.99,5.95,33007.87,1,70.12,1,0.2623,26814.84,0,1921.44,0
34,51745.92,0.0,64413.14,11,70.65,3,0.136,27412.23,0,13253.98,0
53,55912.34,8.47,9351.08,5,76.2,2,0.5401,11117.96,0,28279.92,1
28,38087.59,0.0,5000.89,12,80.31,1,0.2992,27171.56,0,27579.39,1
42,82092.4,7.81,17793.4,10,76.32,2,0.5984,17950.49,0,19951.01,1
58,46357.23,0.24,35758.7,9,69.27,1,0.2298,13556.84,0,11113.99,0
28,48925.5,5.09,31541.41,9,59.18,2,0.6454,14019.94,0,781.26,1
45,72333.59,10.02,47440.53,12,62.2,1,0.5167,12227.34,0,76366.1,1
31,50538.5,18.52,2365.85,4,85.57,0,0.1314,14786.63,0,20817.03,1
47,49481.48,1.61,49045.74,4,65.22,1,0.478,17898.09,1,5426.62,1
32,55262.36,6.25,23540.96,9,50.46,0,0.6328,28670.85,0,8965.87,1
68,78668.52,3.38,5233.92,3,90.55,0,0.7908,51773.3,3,15172.35,0
24,115382.77,2.65,32110.88,10,56.92,1,0.1535,26797.79,0,18404.19,0
68,71579.02,3.43,20613.74,1,72.56,1,0.1464,19538.42,0,3435.3,0
59,78950.78,11.12,24418.85,11,79.86,1,0.3747,4438.34,1,4918.81,0
62,50269.52,4.56,40031.2,5,72.05,4,0.4674,97868.29,0,18824.25,0
62,39997.79,18.25,25396.01,1,32.35,0,0.5024,10966.05,0,7138.94,0
30,73819.8,9.08,5540.65,8,78.25,1,0.1004,11217.05,1,2420.94,1
66,,1.95,16053.88,4,93.22,1,0.1258,43610.4,0,5886.31,1
50,28995.78,5.17,4934.52,4,84.58,1,0.1634,8327.17,0,11867.81,1
68,47451.2,2.99,30253.78,6,38.02,2,0.0732,23350.56,0,2745.09,0
64,52986.1,11.0,55077.87,7,100.0,0,0.0759,13018.11,0,52266.22,1
49,43712.2,0.0,6667.27,2,50.79,0,0.2366,15081.81,0,34961.02,1
39,107137.62,0.3,10519.19,1,54.75,1,0.3785,18637.32,0,27377.48,1
26,68255.69,4.04,8885.99,6,84.51,4,0.2815,7805.41,0,13022.33,1
25,102029.49,10.41,12519.0,5,79.25,2,0.2334,16509.44,0,3946.18,1
40,61921.94,13.17,25035.89,7,,2,0.073,36912.1,1,5638.38,0
60,57051.69,13.9,12628.0,9,62.89,1,0.5602,17083.98,0,39476.54,1
45,36084.53,9.65,30337.84,8,93.29,0,0.5766,100000.0,0,5874.59,1
44,55296.05,6.59,42210.78,2,71.37,0,0.1825,19192.12,0,11653.0,1
32,55324.04,10.97,43457.31,12,46.95,1,0.545,7789.38,0,9246.96,0
48,29729.27,1.28,7358.28,9,91.72,0,0.648,12494.52,0,10422.14,0
52,43144.11,0.0,54549.85,1,75.51,1,0.4906,4646.98,1,10714.81,0
69,47553.53,9.18,58161.85,10,89.84,1,0.3447,38271.29,0,9680.19,0
56,66247.58,1.97,62334.54,11,81.16,0,0.7944,55378.81,0,7993.03,0
50,67690.15,6.67,15865.07,7,100.0,0,0.4804,32473.85,0,9003.18,0
65,42340.32,7.6,9864.06,10,67.04,1,0.5722,9996.96,0,9945.05,0
41,67919.59,8.24,8190.53,11,72.26,1,0.3296,9773.34,0,5129.16,0
66,50673.23,11.69,7455.47,12,83.52,0,0.4154,30144.94,0,3401.47,0
39,15119.79,11.16,18169.13,12,67.14,0,0.3294,12499.78,0,8598.91,0
27,44221.77,7.98,35468.79,3,84.84,1,0.2549,9854.36,0,5458.26,1
41,89378.31,4.79,51193.8,1,24.84,2,0.0375,9112.5,1,11307.95,0
27,25803.77,7.54,12205.98,8,70.84,2,0.1812,66600.32,0,4593.65,0
26,57861.04,4.02,17451.42,9,70.35,2,0.1483,13006.91,2,2185.22,0
64,112246.88,6.02,16560.52,7,69.77,1,0.2032,32218.87,0,44436.32,1
59,39058.38,20.09,10828.13,3,57.97,0,0.5044,26445.18,0,6790.97,0
31,55053.22,7.91,32426.35,12,86.5,2,0.548,9937.42,0,1621.78,0
62,30585.49,9.25,24062.4,5,63.93,1,0.2032,18518.18,0,23426.4,0
24,114386.97,3.47,20162.62,9,75.2,1,0.5735,8931.36,0,7706.73,0
34,52975.71,12.1,23975.11,8,71.41,3,0.5504,49597.15,0,11286.95,0
55,56166.21,10.8,,11,80.01,1,0.2049,9514.48,0,13334.76,0
35,101166.57,10.84,29216.14,9,94.9,3,0.4847,23244.37,0,27469.15,1
56,74069.1,8.07,9203.46,8,75.12,2,0.4725,12736.01,0,14551.41,0
63,37088.25,12.17,36871.34,11,85.46,1,0.2099,9421.01,1,3133.56,0
24,41102.05,13.36,22079.83,1,74.32,0,0.4521,38263.29,0,3766.31,1
22,68720.82,8.42,12713.68,9,63.9,1,0.5266,12497.76,1,3033.73,1
67,41532.6,6.43,21709.62,8,69.74,2,0.2518,5001.03,1,7064.63,1
46,21212.14,11.47,23711.35,10,67.46,3,0.5512,24225.1,0,15694.34,0
45,53697.95,2.48,42768.36,3,81.09,1,0.5895,10969.58,1,5321.59,1
43,28254.07,3.41,7794.73,8,73.71,3,0.7204,20099.41,1,6004.86,0
42,113824.75,6.73,51954.03,4,59.29,1,0.3049,32774.68,1,5784.63,0
54,59554.25,0.0,18336.71,2,68.45,0,0.106,23104.15,0,6536.1,1
49,36598.4,11.14,12006.51,7,47.59,0,0.1775,33533.16,0,20412.01,1
29,40163.1,2.19,11716.12,1,69.05,2,0.5777,7254.79,0,8564.68,0
51,23502.44,4.64,8079.08,2,72.02,1,0.4144,41649.69,0,30154.41,0
53,33534.52,5.93,4471.12,7,100.0,5,0.6169,14616.6,1,6909.59,1
26,86893.1,7.2,30947.48,11,93.58,2,0.534,6630.76,1,11473.37,1
39,150150.32,5.28,87801.7,9,55.45,1,0.7443,3228.98,2,9398.6,0
59,76264.81,6.66,4934.64,1,75.23,1,0.364,14505.1,0,14520.65,0
51,52768.48,6.7,8415.11,2,75.51,1,0.6359,10381.53,0,18160.42,0
27,45283.9,4.76,32839.71,6,68.31,0,0.1529,10494.79,0,11523.81,1
22,35762.87,3.13,17354.68,6,69.33,1,0.1681,22746.81,0,127365.4,1
49,138965.8,12.41,35089.68,1,66.34,1,0.5112,60012.98,0,44640.9,0
43,50521.36,0.0,16593.24,4,100.0,0,0.6637,9575.56,1,6965.11,1
68,142503.51,5.97,11312.06,2,65.34,2,0.628,19197.77,0,38252.0,0
46,102967.87,4.66,15024.74,7,77.45,2,0.3012,12096.63,0,34696.81,1
66,25127.8,9.09,2677.01,8,31.54,1,0.605,9020.53,0,3577.83,1
31,40758.1,0.0,7210.83,5,85.18,4,0.2699,8839.39,0,1741.79,1
42,40701.42,4.5,38436.03,7,90.95,4,0.4217,56824.71,0,14200.54,1
27,53058.88,6.49,46706.89,3,55.17,0,0.3552,18168.01,2,10386.51,0
49,53527.3,12.35,55440.18,11,63.81,0,0.1819,15757.4,1,1257.82,0
30,211799.65,8.66,25612.16,1,79.22,2,0.2595,11141.38,0,13146.09,0
45,33871.73,1.08,2960.97,7,72.31,0,0.1789,18867.44,0,12222.72,1
37,60969.25,4.56,10830.5,4,79.46,1,0.1723,11516.2,0,6776.89,1
30,72585.25,11.43,51940.37,6,67.4,1,0.1153,69504.96,0,48509.9,1
25,54961.11,1.0,65944.61,7,100.0,0,0.4576,21469.66,0,9584.59,1
46,57795.7,6.61,53543.26,8,61.28,0,0.6331,19845.82,0,8218.19,1
67,34369.49,6.95,14900.13,12,100.0,4,0.6019,19533.62,1,11726.91,1
30,57699.7,5.07,6328.8,7,91.87,2,0.1452,44962.89,0,3438.59,1
40,69231.97,20.48,17424.31,3,85.31,2,0.4724,17724.04,0,5140.75,1
32,63736.25,4.94,18214.49,7,55.35,0,0.4781,12895.08,1,928.11,0
60,71088.36,9.25,62980.4,7,86.55,1,0.4312,20148.18,0,16596.69,1
41,103856.15,3.17,21598.09,11,81.66,2,0.4421,31321.67,0,26737.88,0
68,83844.86,9.64,18241.82,7,38.09,0,0.3541,41200.29,0,15111.82,1
33,56793.15,11.35,19090.06,11,49.53,3,0.3351,20923.63,0,14090.23,0
24,32461.08,4.06,24785.5,8,77.72,0,0.3694,21135.12,0,10801.48,1
49,41985.77,6.73,29711.19,7,,0,0.1849,36063.78,0,45197.45,1
52,49824.12,2.52,10081.9,4,63.74,2,0.1712,2655.05,1,10159.46,1
69,61613.98,1.28,7723.56,4,89.26,0,0.6032,19146.46,0,25940.23,0
63,44348.7,12.18,53883.19,2,57.86,0,0.3182,11956.46,0,23663.88,0
64,36098.57,4.23,4843.02,7,64.72,1,0.5444,18746.41,0,3348.68,1
52,32221.82,0.0,66724.33,12,61.65,1,0.203,23089.16,0,20844.67,0
38,26161.87,15.83,3903.33,1,80.16,1,0.637,43028.99,1,4232.44,1
42,49481.82,2.99,11276.7,12,44.49,1,0.6025,6829.25,0,6964.29,0
27,28388.49,5.77,39167.8,11,64.04,1,0.4339,10879.56,1,9812.56,0
42,35061.25,15.2,18004.92,6,44.44,3,0.3003,9657.69,0,35643.04,1
38,46066.1,6.29,6278.87,4,66.99,1,0.032,11770.23,0,6061.95,0
22,30149.56,6.18,25317.97,7,83.57,0,0.0848,6897.94,2,15559.58,0
31,65249.71,0.86,18991.19,11,83.85,0,0.5561,80365.09,0,2835.41,0
47,76740.8,0.0,15142.92,1,60.36,0,0.4731,33111.71,1,9761.84,0
39,42952.34,6.17,10926.97,6,80.53,5,0.458,10460.44,0,7513.07,1
69,45180.74,8.81,17508.51,1,69.04,1,0.5522,18196.34,0,35960.09,0
44,70047.71,8.53,11300.36,8,93.78,2,0.229,13277.2,0,5886.19,1
67,39886.4,4.59,126216.4,1,69.92,3,0.5627,20078.69,0,2830.74,0
53,38671.5,7.1,14855.32,4,,1,0.3841,10516.63,0,7840.96,1
22,94231.78,0.0,13348.0,9,86.31,1,0.6754,6198.14,3,6646.15,0
30,81876.96,9.3,11670.48,10,64.65,0,0.3669,12058.87,0,14420.04,0
55,72098.32,7.81,74584.48,3,67.61,1,0.4664,47337.18,0,38047.41,1
47,83418.76,16.87,4850.68,7,77.37,2,0.2436,6365.45,0,8573.84,0
35,22591.14,7.04,23996.73,3,49.2,2,0.1618,38797.64,0,16133.5,0
46,101145.41,2.29,14863.96,8,73.19,1,0.278,26637.92,0,10623.3,1
65,65612.17,6.75,5764.12,1,80.55,0,0.2086,13607.58,0,18235.39,0
40,86676.67,5.36,9347.52,10,77.83,1,0.1576,30429.53,0,4824.82,0
23,65467.64,9.17,23194.96,1,62.42,1,0.4689,20830.17,0,11392.88,1
36,56224.32,7.13,9014.71,8,87.87,2,0.3062,4031.59,1,27222.51,0
66,48591.28,0.7,22154.11,5,56.04,1,0.6229,13560.94,1,5861.87,0
58,64880.57,0.0,71786.35,3,61.99,2,0.6287,13841.94,0,9950.85,0
62,47801.0,8.31,20632.19,7,69.82,2,0.0931,49494.95,0,10932.19,0
65,81278.17,13.92,5626.92,2,76.73,2,0.6059,13596.25,0,3060.03,1
26,26935.03,7.4,9142.51,7,66.81,0,0.6237,15529.91,1,22251.61,0
34,43104.36,11.07,14325.59,8,91.66,2,0.2963,7984.55,0,6960.68,1
23,138034.5,12.06,13579.8,6,76.72,1,0.4216,17219.9,0,11147.28,0
21,41496.0,8.33,20327.67,5,73.21,1,0.4506,7831.47,1,20202.94,0
61,49398.77,2.93,23111.4,6,76.16,2,0.375,38497.8,0,22131.06,0
66,36972.4,7.98,71865.34,12,83.73,4,0.0424,13409.94,2,3988.47,1
28,63973.17,13.04,17946.52,10,75.85,1,0.3661,7818.33,0,16881.36,1
56,39488.68,9.65,7160.76,1,43.05,0,0.1198,42445.82,1,28200.52,0
47,50592.75,10.74,45304.97,4,89.43,1,0.5875,7214.89,0,6441.42,1
24,80585.85,4.69,49441.56,1,73.91,1,0.4909,21522.87,0,23776.8,1
65,40160.73,5.99,21678.61,3,82.96,2,0.5709,6355.19,0,16875.6,1
63,78430.13,6.41,14779.72,10,65.5,1,0.3891,22097.95,1,18150.05,1
48,79625.66,6.74,29618.79,11,42.77,0,0.5194,38002.78,0,25356.69,1
55,88416.93,12.84,15203.23,6,35.54,1,0.3151,11434.37,0,5264.96,1
40,58590.74,0.0,3475.73,9,56.89,0,0.2473,7881.49,1,4990.43,0
59,236488.54,7.15,28251.63,5,80.28,1,0.2105,8055.06,2,33270.89,1
42,88400.12,6.6,36751.28,6,92.77,3,0.2185,17315.74,0,8873.66,1
69,63658.2,0.14,57010.85,10,76.83,2,0.1515,69405.86,0,3183.65,1
24,37083.32,10.36,10031.85,4,55.16,3,0.6119,38013.58,0,10202.03,0
29,52649.49,3.38,21570.01,4,59.45,3,0.2386,40841.83,0,10733.38,0
68,104499.29,5.21,,2,93.77,0,0.2476,8511.61,0,14756.68,1
35,118702.9,16.24,19272.47,3,51.03,3,0.3292,38791.99,0,8375.51,1
36,106973.51,12.05,19732.29,1,100.0,0,0.1504,35920.91,0,56597.62,0
59,78309.56,9.87,18542.78,10,100.0,3,0.7566,22284.1,0,5291.66,1
30,31258.34,8.9,21322.68,11,100.0,1,0.3564,11568.48,0,2065.41,1
46,68480.98,6.18,32554.53,6,78.09,0,0.6137,35548.76,1,3163.77,0
35,31459.53,17.0,47779.74,8,66.54,1,0.5627,11199.5,1,6105.09,0
30,28161.93,11.01,9828.69,3,77.7,0,0.242,28514.85,0,18171.6,1
68,61249.43,3.25,15682.27,1,86.54,1,0.1486,13789.09,1,9840.33,1
30,69600.58,0.0,12836.4,7,61.59,2,0.3265,9029.61,0,16164.67,0
25,82587.05,9.83,11448.22,2,54.38,3,0.5262,13554.15,1,6465.82,0
54,68789.04,6.72,4940.9,11,67.46,1,0.0724,71371.95,0,17115.83,0
63,69863.75,0.0,18352.2,4,59.64,1,0.2353,7958.56,0,2839.58,0
27,35312.59,9.14,26412.25,9,91.85,2,0.4167,36033.02,0,13624.44,0
55,52462.24,5.65,15899.57,4,62.14,2,0.5688,32412.91,0,20197.25,0
47,27914.06,9.65,17871.47,2,73.53,2,0.2046,15820.45,0,5138.39,1
61,22327.45,9.21,25156.63,7,87.73,0,0.5341,12230.11,1,53493.71,0
27,76755.3,3.96,55660.32,3,92.48,1,0.2813,7512.23,0,2177.94,0
68,39190.22,10.16,12865.64,5,75.34,1,0.5086,44362.86,0,22134.28,0
51,81447.41,4.51,7050.38,4,78.15,5,0.0349,7827.23,1,24969.94,0
62,90566.97,4.84,16743.66,11,55.73,2,0.5262,2556.2,1,5402.53,0
38,41622.48,4.34,81224.81,7,88.37,0,0.2671,22330.05,0,15649.33,1
67,71734.6,12.65,7111.06,9,,1,0.4517,6992.51,0,5431.34,1
51,40846.15,5.6,30279.78,8,42.07,1,0.5229,16669.17,1,15315.48,0
27,23967.24,13.86,45454.07,11,100.0,1,0.2697,7026.65,0,9626.53,1
66,58138.17,15.92,2712.7,6,60.79,0,0.2601,11982.52,0,11767.38,1
59,44497.81,3.31,24991.85,11,81.51,1,0.2644,18896.13,0,6944.49,1
35,45118.53,0.0,29168.82,11,73.24,1,0.3666,21768.19,1,6977.94,1
47,133785.48,12.22,14534.19,12,71.03,2,0.714,45948.05,0,5859.38,1
40,27679.65,5.29,10731.9,9,68.7,5,0.3436,18017.61,0,20956.65,1
47,65341.36,2.67,11221.62,12,56.12,0,0.5281,19402.34,0,52744.35,1
68,35151.59,4.06,13839.36,9,80.38,0,0.4095,15218.33,0,91259.07,0
65,82768.77,4.93,14135.58,4,67.42,2,0.1607,34368.38,2,27284.54,0
31,62905.1,13.49,12155.12,2,51.05,2,0.1025,8155.16,0,11707.08,1
68,65237.74,7.8,13664.37,3,55.44,0,0.6688,13251.03,0,28866.36,1
42,35950.14,13.42,46665.5,7,51.32,0,0.8078,17983.88,0,16149.4,1
55,38971.03,9.47,6812.97,2,63.61,0,0.1378,9545.36,0,8648.05,1
58,83479.07,5.45,4442.09,3,79.76,1,0.2372,47818.58,0,69555.72,1
44,122020.88,5.05,47266.41,8,60.62,1,0.3096,22495.78,0,28444.7,1
43,68270.09,9.81,15436.85,4,87.61,1,0.2301,7632.44,1,6051.61,1
43,36726.33,11.1,13194.31,9,70.09,1,0.604,23955.78,2,28123.4,0
63,64062.27,11.98,16467.65,12,67.37,2,0.3091,45034.91,0,19879.33,1
39,163971.99,5.69,21280.54,2,72.27,1,0.3042,10876.43,1,5093.39,0
34,57594.29,7.88,11835.82,8,94.32,2,0.1628,46689.02,0,12672.16,1
38,106182.74,9.92,26980.56,10,50.06,1,0.0262,21546.24,0,11262.11,0
30,39416.52,5.08,8335.82,2,98.5,1,0.7025,20729.34,1,1145.98,1
40,53968.17,1.33,14138.63,10,87.36,2,0.2345,41647.7,1,3338.3,0
26,72685.18,2.97,3060.61,7,71.65,1,0.6772,20758.81,0,31710.31,0
25,65767.84,5.79,45977.93,8,90.93,3,0.2057,23654.98,0,6232.63,0
56,38956.99,10.31,15634.84,1,66.84,2,0.1559,19201.29,0,20259.7,0
24,38208.21,13.29,30767.38,6,76.57,3,0.4828,5273.62,1,37393.42,0
48,85803.62,0.22,26354.3,5,63.34,1,0.3284,24009.18,1,1856.57,0
59,94022.21,4.01,27944.57,2,87.46,1,0.4368,21474.88,1,51061.78,1
56,108613.73,5.21,17888.38,10,,0,0.0835,13795.58,0,10268.01,1
42,123853.81,10.97,24555.94,7,71.18,1,0.4614,3021.31,0,16981.88,1
30,58434.82,4.36,8342.34,11,82.87,0,0.3658,27821.93,1,68593.46,0
66,47812.81,4.85,7052.83,2,88.77,3,0.5908,9856.43,0,28556.31,1
61,101016.02,0.0,16601.4,9,58.86,0,0.7011,8179.59,0,10219.34,0
50,75808.8,9.42,10449.46,8,84.05,2,0.667,7652.73,0,7418.97,0
25,35347.52,6.19,56302.73,8,56.29,0,0.5841,4567.9,1,8006.11,1
22,34542.73,3.73,24300.27,4,37.59,1,0.1634,24867.68,0,7210.79,0
36,68628.08,5.7,10147.09,9,60.03,1,0.0765,93652.09,1,37370.29,0
28,50782.9,12.63,14485.37,3,85.35,4,0.37,11994.45,0,19505.83,1
63,54349.73,1.98,20020.91,10,71.8,0,0.2954,31978.95,0,14489.47,0
31,89119.06,2.79,17046.92,6,63.44,3,0.4727,16858.3,0,9851.08,1
34,77393.28,13.26,22371.07,6,72.89,3,0.4395,21832.31,0,23109.45,1
68,100060.61,7.38,19016.28,7,72.36,1,0.5407,17179.95,1,2200.65,1
61,23060.98,10.35,5917.1,2,81.95,1,0.605,31124.35,1,64152.06,1
31,61643.16,9.01,3220.86,5,46.21,0,0.3274,7726.53,0,9428.67,1
39,75184.34,6.82,13349.57,3,70.36,1,0.4449,19299.18,0,5093.25,0
46,27670.57,5.26,28184.32,12,73.99,2,0.188,39834.89,0,33675.74,0
53,40961.4,11.16,13470.16,6,50.15,1,0.2084,29405.64,0,32976.28,1
66,37679.45,12.81,48405.96,1,49.93,1,0.3439,22619.51,0,11224.98,1
63,55539.66,12.42,17337.34,1,66.16,2,0.587,19271.6,0,39632.75,0
68,114419.04,1.07,53310.25,11,72.14,1,0.2281,13981.86,1,29593.18,1
22,136660.32,13.52,45236.06,2,72.19,3,0.7185,14061.73,0,16890.67,0
32,38126.28,5.21,41737.55,1,,1,0.4298,6068.17,0,2742.06,1
48,69705.83,3.22,6872.74,3,62.44,2,0.2953,25600.14,0,13445.88,1
23,70724.51,6.15,18248.53,3,65.68,0,0.3255,46793.83,0,12095.72,1
38,65481.31,11.16,47874.86,1,76.78,1,0.1849,22113.75,0,9592.79,0
28,65816.73,9.7,22381.79,12,91.91,1,0.3355,18210.67,0,8596.34,1
66,63055.63,5.72,28046.38,1,36.47,1,0.1669,27377.62,0,23601.81,0
24,117535.42,11.19,5930.22,9,81.97,2,0.6207,4085.52,0,3913.68,1
28,90327.6,7.7,83546.53,11,70.22,2,0.0945,12620.78,1,35145.94,0
30,34132.98,4.14,9556.98,8,80.41,1,0.6364,17093.13,1,11468.08,0
28,78681.47,3.46,3650.38,2,90.97,1,0.5874,5450.1,0,5623.82,1
48,82179.12,9.05,13591.86,9,59.92,0,0.2973,20140.15,1,9242.06,1
38,,6.59,2540.56,4,87.11,2,0.5419,4927.57,0,14354.32,0
65,91512.37,0.12,7555.47,5,51.94,0,0.1844,29199.68,1,43946.18,1
33,59857.49,11.24,139376.82,4,74.04,2,0.134,21083.06,1,22738.91,0
47,60192.25,4.6,13281.06,10,68.12,1,0.5174,15748.92,0,34743.55,1
53,,14.96,5743.92,7,72.74,2,0.2435,30672.81,0,11336.76,0
51,22178.5,0.0,18368.0,2,56.18,1,0.1266,19951.28,0,9913.71,0
60,53045.71,6.1,8776.95,5,78.99,0,0.4297,25106.94,0,63823.21,0
30,40715.97,3.5,35944.9,10,97.38,3,0.6677,21951.94,1,10600.8,0
45,32247.21,2.12,,12,56.45,1,0.3478,9858.83,0,7329.8,0
60,104861.6,4.57,22352.96,12,75.03,2,0.2475,53955.28,0,6686.28,1
63,69008.28,15.85,7190.24,2,85.69,3,0.3255,43051.17,0,15647.1,1
51,54266.61,7.72,143968.46,11,67.25,0,0.3251,24299.79,0,4523.26,0
52,42656.16,3.04,26930.8,7,93.77,1,0.1751,19997.93,0,14149.83,1
63,62841.11,0.0,16022.07,9,65.12,0,0.1028,30435.31,0,13907.51,1
51,85925.4,0.0,14239.29,5,70.14,0,0.3915,43487.75,1,20428.88,1
67,37909.38,4.32,11559.32,8,56.11,0,0.0247,68252.3,0,2484.63,0
27,54880.63,3.83,9792.74,4,74.03,3,0.3146,12321.13,0,1986.34,0
38,81285.13,5.88,9579.78,7,72.05,0,0.5246,37428.94,0,8092.13,1
26,23014.69,0.0,68926.09,3,82.17,2,0.2933,16934.12,0,10584.69,1
25,53593.45,6.54,11568.44,5,61.82,2,0.3427,5835.49,1,4390.66,0
44,45338.3,12.14,3276.7,5,61.09,2,0.463,32363.06,1,3502.03,0
32,51785.48,15.11,7082.29,11,79.4,1,0.0877,50275.21,1,17708.75,1
40,43886.22,0.0,37809.16,8,94.36,0,0.6174,35569.58,1,9063.03,1
42,58513.9,2.99,14709.78,8,82.06,2,0.2647,15990.71,0,24845.72,0
51,130707.95,2.73,16169.17,4,100.0,0,0.3046,23609.32,1,3478.39,1
67,47539.84,7.73,45888.9,6,80.88,0,0.4111,29358.13,0,10886.59,0
62,62715.16,0.9,9666.23,6,80.31,0,0.4569,26881.63,1,54062.16,1
39,134958.74,15.41,29853.61,10,82.87,1,0.6007,42581.8,0,9182.38,1
36,42940.96,7.22,10549.36,3,95.81,2,0.2422,34829.35,0,7098.07,0
58,124454.11,6.38,28533.34,1,91.8,1,0.162,12003.42,0,27269.82,1
27,55131.9,14.96,13163.71,7,54.64,0,0.3621,18336.74,0,35932.38,1
47,122631.81,6.92,14837.12,10,84.81,0,0.6416,12642.07,0,6774.93,0
41,77086.15,9.0,34690.94,9,76.25,1,0.4401,20150.55,1,7237.81,0
29,63151.21,3.25,32746.35,10,68.9,0,0.0865,4865.52,0,26146.34,1
51,53399.39,0.15,15768.74,5,43.63,2,0.0786,69418.18,0,15719.99,0
36,41534.09,3.95,12342.8,3,47.36,0,0.6217,10429.03,0,16042.17,0
30,56908.2,17.93,64695.38,8,66.17,2,0.4832,12568.11,1,14848.73,0
53,82363.79,10.17,28842.11,1,48.57,1,0.5666,19073.42,0,11465.49,0
29,54676.45,8.37,13163.64,11,66.5,2,0.539,6861.91,0,29584.2,0
53,47696.26,2.12,10675.0,9,83.43,0,0.3205,14233.57,1,41871.45,0
28,49130.55,11.56,40865.65,7,62.7,3,0.2275,20254.86,0,4749.82,0
42,85965.64,0.21,19740.88,3,73.34,3,0.2639,57078.61,1,26664.07,1
60,95455.09,0.0,15792.41,4,54.88,1,0.53,19882.37,1,11535.0,0
32,40736.13,4.21,19734.17,12,76.78,0,0.148,13550.48,1,3771.81,0
58,40709.79,16.77,23584.96,1,80.13,0,0.4747,8186.02,1,5222.77,0
56,65238.17,16.49,17201.91,1,49.23,0,0.6765,80413.88,0,8301.04,1
65,109368.47,4.74,47149.4,5,59.97,5,0.348,18992.74,0,31101.01,0
29,92114.17,3.63,49295.98,3,51.73,3,0.2892,19069.03,1,4730.95,1
56,31311.95,0.0,27546.69,9,80.15,2,0.224,6891.84,1,2373.33,0
66,48837.53,7.39,54062.83,1,74.62,1,0.521,25989.37,0,9455.36,1
58,36181.99,7.81,18122.77,10,71.2,0,0.4112,11926.01,1,7808.67,0
30,48762.06,10.95,31269.29,10,69.95,0,0.1318,50427.84,0,31452.46,1
61,113218.29,11.55,40202.81,3,77.17,1,0.3282,24914.33,0,15121.72,0
26,28996.15,6.01,40674.54,7,77.49,1,0.3633,19646.05,2,22785.5,0
49,26545.06,9.78,37456.16,9,64.07,0,0.157,7130.7,0,8422.01,0
45,37882.29,3.5,29824.29,11,61.83,1,0.2233,16804.35,0,4010.75,1
47,62591.09,9.69,86148.65,9,71.06,0,0.1504,15497.84,0,39089.6,1
46,72724.1,4.46,11688.61,12,68.96,0,0.1357,19618.02,0,7057.29,1
22,66966.0,9.3,15898.03,2,100.0,1,0.3797,4532.82,1,21489.61,1
45,93353.34,8.89,15161.56,8,65.86,1,0.3334,9522.67,0,8616.47,1
66,24877.02,7.34,13408.89,10,76.63,0,0.0333,12721.03,2,21687.64,0
42,93886.31,10.97,3666.93,3,79.45,0,0.3962,25546.89,0,15748.38,1
34,47793.53,0.0,54069.14,3,94.41,0,0.4322,4660.35,0,13466.93,0
69,76439.96,1.68,7921.17,2,59.02,2,0.1022,47350.4,2,17406.71,1
25,30319.52,5.65,20619.22,12,93.43,1,0.3753,42937.64,1,9659.51,1
44,55122.82,0.0,5771.22,11,69.64,4,0.8605,8973.62,2,2587.1,0
46,61169.89,4.97,29575.44,2,100.0,1,0.6041,100000.0,0,15563.31,0
44,,5.13,9602.8,3,77.8,1,0.3281,21268.22,0,33643.39,1
66,26949.6,13.55,7254.36,6,52.34,0,0.1827,16678.22,0,11530.52,0
41,55766.42,7.71,21027.82,11,68.85,2,0.3108,27282.22,1,9049.41,0
68,33749.89,12.15,10275.72,10,93.38,0,0.1398,24119.93,1,15178.96,1
24,69048.31,8.51,11370.75,11,73.3,1,0.6439,19539.06,2,28968.82,0
56,78029.01,4.32,20651.82,10,71.05,0,0.2182,8425.01,0,9318.09,1
50,98156.17,7.67,34136.37,8,83.5,1,0.4257,13254.63,0,3126.11,0
32,43231.52,10.65,9352.57,4,,0,0.2529,23114.93,0,13833.02,1
32,83478.17,12.97,8145.11,8,68.63,1,0.409,32273.74,1,16660.35,0
56,101467.54,6.34,18341.36,6,56.89,0,0.5299,49307.07,0,14035.77,0
52,26255.41,0.0,,12,99.66,2,0.3666,13070.1,0,7688.77,1
50,72449.4,0.0,58007.71,6,52.44,3,0.4676,19026.61,1,16214.63,0
23,84661.69,5.37,7639.32,10,74.71,1,0.3397,11337.92,1,9748.98,0
50,48955.24,0.0,13957.24,3,79.68,1,0.5799,38708.63,0,8096.91,0
69,31896.14,15.98,46108.65,9,71.78,0,0.3464,14475.18,0,9278.75,1
21,,9.98,87256.09,6,51.94,1,0.2441,11927.25,2,14022.15,1
43,32058.24,3.82,8132.75,6,56.02,1,0.2852,18797.83,0,15450.39,0
45,50758.29,1.45,9967.42,10,80.36,2,0.642,5580.34,0,7557.89,1
64,54015.84,12.14,24416.32,6,59.52,4,0.6223,26287.76,0,14354.29,0
34,75893.06,1.43,11338.2,1,38.85,1,0.4395,14490.7,0,16921.15,0
44,41485.71,1.91,9805.92,5,78.19,1,0.1138,100000.0,1,19817.76,1
56,40417.81,3.17,21888.21,12,58.04,3,0.3132,11677.13,1,18515.16,0
23,57503.46,7.57,62172.19,12,82.1,2,0.7962,14927.98,0,38757.45,1
60,86505.58,10.1,6314.1,8,68.77,1,0.6392,36687.6,0,22252.93,1
61,153958.9,12.96,59682.51,8,68.0,1,0.1316,31117.57,0,72868.91,0
56,27909.49,12.22,11365.2,4,72.84,1,0.3252,37170.38,0,30364.77,0
52,63385.62,7.0,23736.29,10,53.78,1,0.4102,14798.93,2,29507.69,0
57,33730.16,12.1,64267.39,8,58.79,0,0.3344,8064.64,0,3979.8,0
59,86990.44,3.65,23350.79,1,67.84,0,0.666,100000.0,0,23702.63,0
65,36052.93,0.0,14187.75,12,53.69,2,0.1964,25836.81,0,25812.57,1
41,40598.92,3.64,31973.65,11,83.42,0,0.3811,21080.83,0,11531.89,1
43,42189.07,2.97,15671.42,1,67.08,1,0.2592,31640.86,0,1900.17,0
52,53146.04,3.84,27315.45,6,48.81,1,0.2772,7229.16,0,1474.92,1
30,63610.09,2.2,15281.26,9,63.06,1,0.4288,13077.15,2,9330.72,0
62,68374.42,4.69,35848.23,9,73.62,2,0.6342,8673.5,0,7394.54,0
58,54857.44,10.1,5900.2,3,64.86,0,0.3593,20230.88,0,3135.04,0
51,30231.43,15.58,8000.9,1,78.4,1,0.5545,6859.84,0,17001.93,0
35,76312.52,0.0,5831.24,12,81.18,3,0.1407,28847.1,0,4326.55,0
38,53704.77,0.56,17205.48,11,100.0,1,0.0768,41216.86,1,2679.67,0
42,92769.12,3.04,5294.88,9,90.41,1,0.1212,40168.69,0,76854.09,1
53,39998.85,10.83,10349.17,8,45.82,1,0.1751,24499.77,0,18898.94,1
59,26743.98,5.98,7421.38,9,66.24,2,0.2677,20592.56,1,8179.41,0
53,54164.27,3.38,58798.29,6,67.73,3,0.0926,13433.9,1,3365.59,1
66,98544.86,10.58,8148.45,9,81.2,2,0.5389,24639.57,0,5407.7,1
68,59131.11,11.78,6431.03,4,57.06,3,0.4003,16668.22,1,6852.64,1
55,50273.68,6.91,21956.05,2,63.5,1,0.1179,4862.84,0,7356.87,1
39,37176.51,2.92,69395.96,4,52.09,2,0.8016,11689.04,0,8975.65,0
50,121307.43,8.35,16403.88,4,62.36,1,0.5099,31342.82,0,4145.41,1
41,34605.48,5.83,17450.99,4,62.96,1,0.1971,8185.45,1,5467.23,1
51,39682.32,5.79,50550.75,6,66.99,0,0.5766,8073.6,0,2572.67,0
60,71083.03,4.44,36341.31,2,53.02,0,0.3822,15651.79,0,2019.76,1
39,23858.1,11.62,25297.45,5,87.71,0,0.1047,3943.77,2,3012.9,0
45,97602.1,8.25,11296.57,6,79.56,2,0.5175,29996.76,0,6931.68,1
23,72836.71,12.18,25923.19,3,48.82,0,0.5952,28196.53,0,9095.1,0
57,82433.11,13.68,6060.21,6,72.42,1,0.0788,34931.61,1,18241.36,0
45,70702.85,9.29,10929.13,9,46.96,2,0.2514,21015.04,1,17437.4,0
43,51153.33,4.47,56573.57,5,93.48,1,0.334,9908.11,0,21037.47,1
47,34087.01,12.2,51007.15,1,97.83,3,0.4632,7608.99,1,9119.7,0
31,51640.14,9.33,25542.9,9,71.11,0,0.0183,26470.77,0,21644.3,1
50,35462.54,20.02,3845.44,7,58.36,0,0.5849,29700.92,2,1743.56,0
57,68449.97,8.55,6846.89,6,61.37,0,0.115,8236.99,0,20661.87,1
38,79074.0,10.49,10452.0,1,64.74,0,0.2423,7499.97,0,11577.73,0
27,106900.35,8.45,15689.83,2,70.29,0,0.6357,17761.77,0,28515.1,0
39,65015.69,6.5,6619.65,1,93.93,1,0.4967,19806.14,0,1075.65,1
30,83378.63,5.71,14780.68,11,87.29,2,0.2149,34632.11,0,27269.99,0
39,48116.16,8.47,74010.57,4,87.54,2,0.7615,28618.11,1,2776.76,0
51,44349.81,9.61,24804.88,6,74.73,2,0.7444,17019.31,0,32857.13,1
26,68066.53,12.77,21443.75,9,53.54,3,0.231,37159.81,0,5618.93,0
57,46220.36,8.54,7975.13,8,59.68,2,0.2979,14093.21,0,17440.63,1
32,62082.66,4.69,4851.0,1,72.97,1,0.5222,14503.42,1,11104.39,0
64,34117.03,5.37,6738.35,12,52.78,0,0.4642,32594.89,0,29912.25,1
56,36988.27,0.39,4696.7,4,76.86,2,0.2663,35186.58,1,13749.25,0
34,73205.27,15.31,19113.6,10,84.88,4,0.1707,35836.98,0,49313.84,1
48,81969.21,4.29,24470.8,10,80.73,1,0.1414,15874.71,0,6276.83,1
26,35296.64,11.84,8315.65,7,80.08,1,0.3163,18925.36,0,4727.9,1
25,74374.24,8.38,20261.19,2,42.14,2,0.1727,9815.12,0,6663.86,1
67,43276.17,8.52,58297.94,7,93.33,2,0.0719,33795.74,0,21219.14,0
60,55410.02,6.41,86187.89,3,46.92,1,0.5488,11899.03,0,22025.54,0
28,104059.01,3.06,33338.07,11,69.56,0,0.1356,4449.43,0,3767.88,0
34,79099.17,2.16,15650.45,10,81.9,1,0.2493,13218.65,0,5593.83,0
30,78686.81,15.64,32487.49,10,77.74,1,0.2602,9888.01,0,15556.45,1
40,129838.17,7.57,53081.04,10,51.55,2,0.4425,2706.04,0,36809.43,0
35,40068.38,12.63,3613.18,3,54.43,0,0.2389,12048.43,0,6377.8,0
37,35293.17,13.92,58910.95,1,76.59,6,0.5388,31127.5,0,3323.53,0
46,39740.79,4.95,11642.97,8,80.17,3,0.3515,24045.63,1,29599.4,0
30,49048.41,9.12,11732.95,8,54.28,0,0.3371,24014.09,0,2488.08,0
64,19063.69,7.23,13550.58,11,78.28,2,0.5495,48830.25,2,19508.64,0
56,50098.47,1.21,23253.11,8,47.76,1,0.4768,12003.22,0,1704.36,1
58,43046.3,6.07,7399.17,10,81.99,3,0.449,8073.58,0,10767.84,0
29,78259.1,9.94,14332.37,5,57.86,4,0.3874,25435.43,0,8732.08,0
55,64452.07,4.5,27401.38,2,73.29,0,0.7673,23111.31,0,5933.97,1
61,41972.71,5.38,21439.37,1,70.6,0,0.2289,7418.74,0,43836.71,0
29,71723.29,6.13,24410.74,6,90.57,0,0.8082,15912.34,1,11132.92,1
57,76157.35,17.56,13890.38,1,75.87,0,0.0654,26240.93,0,10313.98,1
38,38919.2,0.0,31353.93,7,62.41,0,0.1863,21817.88,1,9523.59,0
59,44056.47,9.51,41909.17,5,77.75,1,0.2218,30044.68,1,6011.69,1
44,20204.79,5.73,39945.79,4,100.0,0,0.2368,11244.13,0,62165.12,0
60,33667.61,3.8,25341.92,8,83.84,1,0.5257,6669.04,0,8548.22,0
28,39378.57,5.61,38148.48,9,71.05,0,0.701,9497.7,2,63700.99,0
40,56866.59,10.34,36133.49,1,58.66,5,0.6902,32964.14,1,5708.16,0
34,35942.16,10.62,150000.0,6,62.14,0,0.5985,37163.77,0,12198.32,0
33,43653.34,7.93,47694.94,12,82.88,0,0.4743,16008.17,0,7803.17,1
36,31687.88,12.46,16766.39,4,57.83,3,0.3448,51893.51,0,5822.69,0
39,59402.39,13.34,8680.06,10,72.04,3,0.5004,16069.13,0,10123.01,1
27,66613.33,11.08,14606.4,5,95.0,0,0.1345,12574.3,1,53686.83,1
55,65917.08,4.27,13803.8,4,74.41,1,0.5848,6704.14,0,38235.31,0
47,55306.79,9.47,27099.35,11,54.73,0,0.2311,17070.98,0,12267.62,1
61,27490.77,9.5,10279.66,5,100.0,2,0.2188,37815.65,0,3507.39,1
55,41610.56,2.92,46717.25,11,100.0,1,0.3507,43742.99,0,16033.48,0
28,45789.06,0.0,5922.28,8,80.02,0,0.4104,38048.6,1,7454.54,1
24,45871.79,0.0,4876.13,10,92.41,0,0.1568,25534.19,0,5034.55,1
41,56887.45,7.35,16155.8,10,67.73,1,0.741,55041.35,0,21321.34,1
44,104462.36,8.49,9173.55,11,83.59,1,0.1565,9136.61,0,3789.66,0
32,79263.4,1.09,6578.35,7,65.22,2,0.4491,41259.58,0,13175.86,1
59,35267.09,12.23,10812.64,12,50.31,1,0.3573,21916.5,0,17935.73,0
49,74635.37,7.76,9788.25,1,100.0,3,0.3215,20858.68,0,21713.93,0
57,73366.63,13.75,18146.53,6,49.5,1,0.2807,6647.47,0,3783.1,1
26,38267.57,8.85,10957.18,5,76.76,0,0.3992,22858.27,0,54034.18,0
60,,1.67,11693.86,2,76.57,0,0.1313,40374.03,0,15254.7,1
31,51170.53,9.29,17930.07,11,80.26,2,0.1772,4056.29,0,11713.18,0
42,29161.64,10.35,40518.76,10,70.57,2,0.14,31414.08,0,3551.31,0
42,67503.16,4.26,58379.69,9,70.73,0,0.2976,3635.76,0,5576.36,0
61,60640.68,0.0,20258.73,8,74.21,1,0.5329,6673.88,1,8479.12,1
34,49644.04,7.5,21559.28,8,79.68,0,0.424,16850.16,1,11395.56,0
32,54080.8,2.0,15546.29,5,71.97,0,0.5115,54503.69,0,15921.72,0
37,39795.14,12.6,26453.03,9,70.91,1,0.5774,16456.3,0,8500.3,1
38,72377.24,4.96,24595.1,12,50.86,4,0.0905,25011.8,1,42998.69,1
29,53935.04,15.62,51989.92,4,100.0,1,0.3414,9520.77,1,8305.99,1
29,59277.82,0.0,3972.55,5,80.57,2,0.1957,15711.33,1,13900.87,0
32,64589.19,7.67,14921.06,2,75.34,3,0.2411,17321.63,1,32492.75,1
43,32712.91,14.15,23611.26,11,62.01,2,0.3025,56307.24,0,7124.12,1
37,36778.22,2.55,17625.46,7,55.94,1,0.3158,10668.2,0,3412.65,0
40,20345.47,6.2,8491.23,8,85.76,1,0.3045,11346.94,0,8041.79,0
56,70913.95,4.98,6365.41,4,69.44,0,0.5039,38250.24,0,26550.3,0
32,31875.53,3.58,34309.75,1,81.94,1,0.4077,15143.91,1,12421.39,0
65,58380.95,8.22,9824.03,10,50.37,1,0.27,19483.95,0,21464.96,1
57,64992.89,0.52,4421.38,11,96.75,2,0.2462,24410.24,0,3584.18,0
29,72124.37,6.45,35717.12,5,86.42,0,0.4035,11528.44,0,2733.25,0
36,31993.27,9.58,25986.0,10,70.7,1,0.2323,4279.09,2,19696.07,1
29,53410.67,5.92,16406.42,7,79.48,1,0.4996,38205.58,0,16013.84,0
34,116624.5,2.0,,8,83.86,5,0.4748,19524.55,0,5129.59,1
38,118958.51,12.15,16438.38,3,50.61,0,0.6808,7363.15,0,4167.95,1
27,85766.51,10.65,47600.43,8,98.85,1,0.2181,31032.64,0,10080.89,1
21,64020.61,1.79,4946.16,2,79.73,2,0.1583,73466.99,0,11229.5,0
42,34989.06,0.53,5150.99,3,60.73,0,0.4668,41479.33,0,3902.88,0
55,75998.45,2.24,10893.43,5,54.45,1,0.0901,77248.72,0,10987.74,0
35,51224.79,9.73,17620.39,3,87.79,2,0.2032,7621.16,0,3170.87,1
63,70779.61,8.38,12101.61,11,75.38,0,0.5864,21435.53,2,6595.86,0
39,41369.9,10.95,30103.01,1,79.72,1,0.4357,23075.24,0,3585.04,0
65,50882.21,5.37,43010.27,11,72.43,2,0.0542,16587.31,0,10611.91,1
32,59216.46,2.38,22497.11,2,55.96,2,0.2254,14309.88,0,6581.27,0
47,61445.97,11.59,28182.96,11,80.14,1,0.3093,2267.55,0,39451.67,1
58,68683.46,4.23,22377.4,5,68.84,0,0.4095,58857.36,0,15406.96,0
23,42380.8,7.93,18137.44,12,71.65,3,0.4174,5804.46,1,3594.04,0
66,30049.78,0.0,6395.05,7,100.0,1,0.5222,33884.8,0,26587.26,0
38,114261.13,4.15,7908.82,6,85.91,4,0.2319,18138.71,2,9800.71,0
45,168594.69,12.05,6108.23,2,86.83,1,0.2966,17619.91,2,23120.29,1
51,67267.18,3.42,15983.68,6,100.0,1,0.2116,15588.53,1,3654.68,1
52,30311.79,11.07,21675.75,7,78.15,1,0.2842,20690.7,0,20106.25,0
22,38837.85,0.0,5646.08,12,73.92,1,0.5195,28188.58,0,74073.39,1
63,69160.93,4.2,,4,61.13,1,0.4067,35042.43,0,19802.81,0
51,100568.11,6.14,8936.99,1,64.76,0,0.1554,16481.54,0,6866.73,0
69,31865.77,15.71,7652.35,4,39.25,0,0.3173,7740.98,0,32960.49,1
44,52007.26,1.15,10914.5,3,84.65,0,0.2997,7557.23,0,6328.32,1
51,60069.52,10.35,7344.79,12,51.73,2,0.6487,37248.96,0,18091.41,0
42,81157.64,12.28,29244.72,2,86.44,1,0.2986,14886.45,0,88478.68,1
64,47120.71,3.39,15736.27,12,71.31,1,0.6016,8784.81,3,6961.36,0
61,27210.87,5.13,34554.68,2,74.05,3,0.2267,10709.66,1,18581.32,0
65,72738.59,7.71,12623.68,10,71.32,1,0.5077,16854.91,0,71269.8,0
45,91239.81,0.0,13011.36,5,94.18,2,0.4246,7330.27,0,28429.68,0
59,52993.38,4.72,80566.09,1,91.35,3,0.0948,17611.88,0,22286.38,1
38,66002.41,13.38,4913.19,8,71.54,1,0.3704,43272.38,0,2001.51,1
43,44425.43,9.61,50297.57,9,57.62,2,0.3281,16564.94,0,4930.38,0
58,37589.9,6.22,67625.9,11,86.78,1,0.3918,5222.99,2,25590.99,0
24,87289.03,7.57,33215.8,3,56.41,2,0.3722,33043.26,0,8874.68,0
55,65477.48,9.9,13818.32,8,47.12,0,0.1349,39154.09,1,7516.23,1
21,68579.87,10.86,56367.54,7,79.97,1,0.204,40626.25,1,33816.29,1
49,108124.68,4.22,13914.93,6,91.5,2,0.5568,18758.86,1,21272.58,0
44,34214.66,14.67,10234.28,11,65.52,4,0.1658,92056.86,0,5597.08,1
43,42902.13,13.58,13193.93,6,78.47,0,0.7926,30130.93,2,23275.16,0
45,59051.1,10.39,11406.88,5,65.35,2,0.4396,100000.0,0,4933.7,1
45,42665.57,2.79,8440.77,7,83.55,1,0.5303,46362.24,1,2800.47,1
40,78237.15,1.9,43745.03,12,,0,0.4042,41651.21,1,15558.5,0
43,50552.05,5.37,9695.03,11,67.79,3,0.5152,11640.77,0,3828.06,0
48,35187.59,7.3,17578.11,9,55.56,1,0.3796,9269.88,0,3769.4,0
58,56652.18,0.0,5670.94,1,48.69,2,0.3009,19515.89,0,4651.23,1
48,59381.67,9.47,18449.19,4,86.81,3,0.1866,15730.52,0,13485.47,1
52,83758.71,13.44,7139.42,1,53.81,1,0.6068,12355.05,0,23556.64,1
61,65644.03,9.88,7000.51,2,77.95,2,0.1946,16432.62,0,8909.62,1
69,67683.95,3.62,16493.09,10,84.44,1,0.2017,15669.92,0,3919.82,1
26,63526.96,3.03,41927.82,10,63.98,3,0.6151,11499.21,0,4201.45,0
55,50533.33,8.5,25602.83,2,69.34,1,0.6085,28514.3,0,2858.57,1
32,39846.5,6.23,27049.49,6,87.98,0,0.1608,10635.5,1,22046.15,0
30,62634.14,9.22,16223.13,4,59.07,2,0.1665,17464.49,0,5129.33,0
59,47343.38,10.01,13761.29,1,57.44,2,0.4108,7692.85,0,14158.22,1
24,117654.62,12.46,33895.57,5,68.25,1,0.1124,19306.31,0,2271.13,0
62,100616.4,1.34,11471.09,2,92.45,0,0.5415,20724.06,3,36195.42,1
58,73120.65,8.11,35090.1,9,97.77,1,0.0965,9183.81,0,11398.41,1
69,65211.99,5.18,48382.07,12,70.42,0,0.5836,18910.21,0,2807.65,0
53,52865.53,6.51,9182.16,6,60.61,2,0.4122,16808.73,0,6683.51,1
63,31181.58,11.32,10327.55,3,89.03,1,0.3347,13037.61,0,13572.23,1
26,49901.73,11.87,11632.64,6,45.29,2,0.4191,13124.1,0,5189.74,1
64,57567.79,13.99,5566.7,12,75.96,4,0.2017,24626.62,1,15963.77,1
28,60982.6,9.13,12364.75,2,71.3,1,0.1567,18360.6,0,36364.65,1
36,67939.97,6.45,50985.0,9,92.7,3,0.4508,35188.58,2,26196.9,0
27,83256.96,5.74,7798.34,2,94.32,1,0.2287,8713.87,0,11248.88,1
40,40280.35,0.0,51962.83,4,56.92,2,0.3475,15785.29,1,41590.1,0
57,40445.25,13.7,12725.61,6,74.68,0,0.1822,11708.15,0,13701.26,1
34,105659.19,5.39,97670.57,5,62.87,1,0.3668,18778.23,1,10252.98,0
61,77810.38,9.53,10432.45,3,67.31,1,0.477,21732.19,0,10499.52,1
50,46131.05,10.39,16041.61,10,81.88,3,0.359,7869.8,0,12429.15,0
51,52409.52,0.77,8690.46,9,66.64,2,0.1558,27261.71,1,16981.61,0
67,52515.69,2.38,10383.43,6,75.1,2,0.2045,81803.96,0,5131.51,1
42,55787.04,14.74,52505.35,6,87.32,2,0.3671,20283.46,0,31822.71,0
37,68036.24,8.45,26311.37,1,96.24,1,0.3549,9805.1,0,36885.92,0
69,172100.73,4.1,40994.01,8,76.62,1,0.3859,14672.55,0,106094.87,1
48,59902.82,6.37,6283.33,3,73.88,0,0.2565,14345.72,2,2449.29,1
51,74106.43,12.43,30393.67,4,54.28,1,0.3037,11282.72,1,11840.38,0
35,25749.59,11.67,8274.82,11,97.37,1,0.2951,29852.78,0,5582.46,0
31,44217.83,0.0,6175.05,8,79.93,0,0.5739,5023.7,0,20595.69,0
29,95612.15,15.17,21788.55,9,74.18,0,0.2112,21782.42,0,34559.77,1
31,65915.6,11.83,21611.0,4,73.36,1,0.69,44420.77,1,11931.75,1
30,15000.0,6.24,18784.81,7,77.77,1,0.3134,42460.43,0,8749.32,1
57,74488.42,1.04,31957.87,1,84.35,0,0.1037,36874.72,0,7485.03,1
23,130387.03,12.27,36206.0,3,86.33,3,0.0635,11339.55,0,9734.66,1
51,22402.55,9.38,58332.26,10,97.77,1,0.7272,49931.56,0,16261.67,1
67,108968.37,0.0,6945.52,6,75.88,3,0.8363,23266.39,0,16167.87,0
58,15799.1,5.84,59858.58,8,100.0,1,0.079,48747.63,2,44626.79,0
40,83883.82,22.63,81143.64,10,88.92,1,0.1125,38377.26,0,10064.7,0
23,54786.36,7.08,13428.61,12,71.04,4,0.4362,22431.1,0,26500.02,0
61,19103.01,3.29,4737.83,1,45.32,0,0.2482,15166.15,0,5254.12,0
21,67228.36,1.96,5951.08,7,,2,0.5143,94183.68,0,3748.81,1
54,92315.41,15.86,12439.67,12,96.94,0,0.7886,5178.21,1,29063.14,0
53,64785.53,11.24,90168.94,3,59.6,1,0.653,15941.85,0,17091.01,0
30,71557.81,14.04,18247.64,11,73.32,2,0.5245,6730.07,1,7379.79,0
57,45699.12,8.24,10986.03,7,74.64,1,0.1653,19536.14,1,5188.03,1
29,23800.53,13.27,10402.54,4,87.07,2,0.1148,23105.52,1,7749.53,1
32,75088.84,2.76,6247.58,10,65.8,3,0.2919,11476.73,0,14471.18,1
60,120870.83,7.81,36235.26,11,58.09,0,0.6005,12097.14,1,13710.15,1
68,91436.48,8.44,16721.86,2,81.12,2,0.2946,7141.66,0,3240.11,1
33,22483.67,13.91,96566.84,9,60.11,0,0.2828,24697.71,1,3799.03,0
66,27816.54,8.59,29753.28,12,42.63,2,0.2113,12986.89,0,13494.63,1
65,37586.6,3.87,34964.06,8,100.0,2,0.492,24192.94,0,20211.0,1
58,26856.13,7.32,14830.53,7,86.83,0,0.3911,12475.08,1,5873.68,1
27,56104.65,0.0,7519.86,2,100.0,0,0.5906,21399.98,1,3327.62,0
35,65652.15,0.0,8948.69,6,85.98,4,0.1273,30207.04,0,12318.38,1
54,28896.46,11.16,6019.32,11,82.89,1,0.6169,25161.69,0,1645.11,0
69,78025.91,5.13,37288.6,10,77.91,1,0.2561,20859.85,0,8444.65,1
60,72083.85,5.69,13229.37,6,69.02,0,0.4774,16743.1,0,20474.26,1
41,42976.85,11.15,38566.04,4,80.19,1,0.1517,25138.5,0,9611.49,1
32,50891.62,13.99,20067.53,10,63.15,0,0.4862,11804.48,0,2926.55,0
68,22872.21,9.67,14240.89,12,54.89,1,0.1214,15697.0,0,46539.96,1
34,47361.76,16.64,7061.73,4,66.68,1,0.3221,22942.32,2,12061.38,1
37,55183.08,9.51,22912.39,10,92.66,2,0.3761,52794.82,0,14473.89,1
68,59339.17,8.51,15111.64,4,52.28,0,0.2838,11728.06,0,26447.19,0
48,65224.02,8.2,37044.46,10,52.54,2,0.0753,9686.43,0,10190.68,1
33,61389.69,0.57,,12,81.46,0,0.598,21977.49,0,9364.9,0
21,48831.64,11.78,29466.62,8,65.36,2,0.1962,41903.09,0,36204.9,0
42,62559.68,0.0,66890.07,6,79.77,0,0.3959,31772.78,0,5745.45,0
69,86336.08,4.07,22385.57,4,87.84,1,0.4126,18277.47,0,27333.71,0
42,52686.49,7.11,33737.33,1,79.38,1,0.4434,42449.43,1,4338.14,1
55,63449.92,3.05,28442.48,1,61.88,5,0.3975,5069.61,1,6229.07,0
33,50580.0,4.74,82174.49,11,92.53,2,0.2999,36539.02,0,15596.42,0
59,41111.66,16.2,24230.69,8,83.87,3,0.2004,14446.34,0,43397.67,0
59,69590.57,12.52,31511.07,3,72.43,4,0.6191,27976.46,1,13702.52,0
50,42840.4,3.57,17485.13,7,71.65,0,0.1922,36450.62,0,3403.41,0
58,65437.75,4.65,9687.74,11,77.98,1,0.2874,20614.02,1,22756.92,1
49,55703.79,0.61,6847.14,8,67.01,2,0.2921,18905.83,0,5871.12,0
39,47969.37,10.52,49596.04,11,45.9,3,0.2792,13685.35,1,21213.76,0
57,47449.64,5.75,8034.01,2,84.0,2,0.247,58816.46,1,15543.52,0
61,43758.19,0.0,32689.81,1,83.05,2,0.3363,22908.39,1,3107.53,0
62,26225.25,7.5,25107.96,8,35.18,2,0.101,21031.3,1,16595.53,0
31,65342.06,9.19,37509.72,7,80.17,4,0.4873,51778.85,0,3949.42,0
54,61039.99,11.82,11924.58,9,100.0,2,0.2477,12662.14,1,40520.32,1
21,80615.01,6.63,9561.91,12,53.96,1,0.3292,15112.61,2,2914.02,1
49,43301.08,5.14,24363.09,2,70.83,1,0.1343,34694.21,0,10395.95,0
48,129057.21,16.93,14246.32,12,69.09,2,0.1683,62328.6,1,5121.11,0
38,46360.69,7.03,6723.1,1,98.57,0,0.3061,18569.96,0,42719.97,1
69,37096.92,10.6,84876.07,7,89.94,2,0.0554,23593.72,0,2977.46,1
64,35169.35,4.3,9556.73,10,57.95,0,0.561,5920.81,1,97745.68,1
22,25205.65,10.45,8129.22,9,77.47,1,0.5743,44164.48,0,8669.11,1
31,109619.55,0.0,14830.16,3,100.0,0,0.3813,8433.06,0,7221.31,0
31,101932.77,4.69,49041.09,8,62.0,3,0.4979,12339.04,0,24052.86,1
64,72072.21,0.96,3180.33,11,71.82,1,0.1904,20537.54,0,11635.69,1
46,36748.35,3.98,45891.44,3,80.22,2,0.1738,11427.79,0,5583.68,0
56,124263.42,13.25,8681.49,12,62.24,0,0.1225,4630.7,0,6033.06,0
60,46948.89,3.94,22242.21,8,100.0,0,0.1014,7578.96,0,7671.17,1
58,48728.86,10.59,10481.02,2,64.44,0,0.3031,19284.14,0,6431.31,1
25,105014.64,14.59,88579.92,4,49.78,0,0.2244,51304.03,0,24883.61,1
27,73983.56,6.86,19887.03,11,63.6,2,0.2778,48493.65,0,12965.82,1
40,148091.39,11.97,10215.42,5,82.45,2,0.2904,23518.47,0,18199.22,1
37,61513.59,9.66,14146.95,12,59.23,2,0.1264,20087.06,0,8232.53,0
57,46001.28,7.58,19338.18,6,76.84,0,0.4329,31460.29,0,21430.29,1
28,41763.43,10.75,20749.31,5,81.0,3,0.2481,45528.4,1,6426.45,1
39,23955.19,16.2,25569.03,11,52.66,1,0.1808,19537.08,1,5238.06,0
32,48519.47,3.81,17979.79,10,62.98,0,0.246,20012.64,0,7587.66,1
30,92056.29,2.2,5981.32,3,77.58,1,0.4179,20756.43,0,43251.81,1
29,72010.26,1.91,13710.44,10,83.24,1,0.6106,36492.07,1,7146.03,1
30,55504.93,11.97,29244.7,4,63.38,2,0.3791,6906.32,1,7442.15,0
48,35149.58,12.65,10532.5,11,74.43,1,0.4145,18207.67,0,14607.32,0
41,60911.75,4.31,30833.35,1,67.46,0,0.1044,23826.35,0,10669.06,1
42,86755.98,0.0,18462.59,8,83.65,2,0.6505,4783.08,2,4509.69,0
44,66763.52,3.63,15122.44,2,80.31,1,0.453,34204.91,0,4144.21,0
57,59285.46,9.74,46790.81,9,66.02,0,0.4495,38233.02,1,23546.88,0
63,38424.77,6.67,4481.09,12,79.66,3,0.2164,4609.39,0,4117.72,1
46,81252.78,7.9,10486.78,9,65.4,2,0.1832,13477.49,0,26597.01,0
52,15000.0,4.38,48246.09,6,79.32,1,0.2904,13795.14,0,7881.71,1
57,65340.61,12.07,77820.98,10,79.54,2,0.1588,9661.76,1,1483.04,0
54,174858.68,8.72,112074.71,3,100.0,3,0.2635,10640.9,0,21481.69,0
27,27898.28,9.93,18739.92,7,66.62,3,0.4162,12486.94,1,24687.48,0
69,49339.1,7.8,25963.45,12,,2,0.0563,27586.66,0,20263.41,0
29,54804.55,9.62,34615.93,5,61.64,1,0.2795,43102.22,0,7887.95,1
41,44664.14,9.29,49920.51,1,55.47,1,0.1249,26486.8,0,8714.29,1
52,87680.68,2.36,23123.4,6,64.7,0,0.3154,9494.1,0,7967.88,0
40,68029.14,8.87,37761.53,6,82.64,1,0.1466,31314.9,0,6271.58,0
32,58901.61,10.96,26002.45,10,83.8,1,0.7112,27472.07,0,15447.73,0
66,78736.42,12.78,27334.53,10,76.73,2,0.0231,2309.87,0,9975.9,1
24,55416.15,9.08,8633.73,5,67.27,0,0.4385,42875.72,1,7900.24,1
33,230044.37,2.17,13832.22,10,64.11,1,0.41,19763.6,0,6322.79,1
69,58876.34,2.94,11847.97,2,57.33,0,0.2819,20284.0,0,13705.76,1
56,60051.96,4.82,6953.57,3,63.09,1,0.2899,5313.94,1,37555.43,0
25,25473.09,7.95,4802.26,8,51.28,2,0.4965,55707.45,0,13356.46,0
57,43068.01,6.39,12825.94,9,93.73,1,0.4266,22788.27,0,3544.36,1
68,92171.7,1.38,14574.39,10,100.0,2,0.0802,30967.87,0,11738.43,1
25,30155.81,1.35,19577.9,8,41.03,1,0.278,7125.78,0,18505.21,0
41,20830.8,0.0,28077.32,2,76.63,1,0.5612,25754.67,0,22730.98,0
43,55805.65,0.0,20923.43,9,76.36,1,0.4176,26116.49,0,19091.38,1
27,101917.96,6.34,14655.9,6,75.34,0,0.2118,16142.87,1,13535.68,0
30,56059.0,18.6,8656.16,4,62.52,0,0.3955,7280.14,1,137653.9,0
29,47279.51,15.98,36307.6,5,88.36,6,0.3192,17242.16,0,4110.01,1
30,23831.63,2.11,16591.89,10,78.57,0,0.0829,9224.19,0,45865.28,1
40,67413.65,7.75,12722.09,3,88.55,1,0.3435,11041.03,0,19748.9,0
43,74062.33,0.0,15505.71,7,60.2,2,0.1888,40544.31,0,94577.72,1
32,24669.15,0.44,10015.92,1,49.87,1,0.613,19126.88,1,3257.96,0
35,91640.45,1.01,11773.28,9,78.96,4,0.5432,17009.3,0,47848.52,1
30,77625.51,5.87,11477.69,2,56.59,2,0.2187,7905.48,0,52413.14,0
60,91549.09,6.09,14303.47,12,88.87,1,0.0827,17432.07,1,10416.73,1
31,71515.88,8.26,30416.21,11,37.97,2,0.2837,16203.77,0,5582.58,1
65,73809.72,10.32,24929.74,11,64.5,0,0.265,9054.18,0,81094.83,1
47,69523.0,5.32,62038.9,5,62.15,1,0.0695,38469.84,0,5715.36,0
60,81299.98,7.18,47453.73,10,66.68,1,0.3471,37201.97,0,30781.8,1
52,24261.54,1.53,86099.98,2,76.18,1,0.5146,10466.98,0,46089.89,0
34,27990.26,0.28,28154.26,4,78.34,1,0.3322,23746.92,0,10384.76,0
50,39493.24,0.0,27794.99,2,82.24,0,0.6328,4920.78,0,10321.95,1
34,51879.0,10.25,12187.84,1,84.08,3,0.517,22491.54,1,58774.46,0
26,65496.38,5.31,34854.55,5,69.26,0,0.5265,31103.27,0,9100.67,0
33,63652.58,0.0,10649.13,7,100.0,1,0.3323,8202.41,0,7265.25,1
34,90924.62,6.68,5551.16,11,94.19,1,0.6323,18190.24,1,1057.59,1
27,92218.07,0.76,61033.96,1,67.01,1,0.3805,19681.84,0,32927.68,1
22,37142.43,15.3,6626.17,5,69.81,1,0.1967,100000.0,1,8574.55,0
67,61233.38,4.11,25570.85,9,66.67,0,0.2073,100000.0,1,24275.53,1
46,37555.09,10.41,8900.49,3,77.81,1,0.0485,22549.55,0,10511.53,1
40,50532.77,12.44,44331.96,9,56.45,2,0.4765,11311.12,1,39917.63,0
66,63569.85,2.23,49438.61,7,59.37,1,0.496,21359.41,0,41369.28,1
32,15000.0,7.38,27487.02,7,37.32,1,0.5643,39597.18,0,4898.84,1
40,162778.93,9.77,48786.98,2,65.62,2,0.3845,5576.7,1,7903.77,0
62,70967.15,7.58,18105.96,3,89.04,1,0.2373,4163.54,1,20245.56,1
51,42067.13,8.81,107523.72,11,69.57,1,0.4039,8070.35,0,42581.4,1
40,130928.26,0.35,32697.67,11,70.46,2,0.4168,30692.36,0,13284.42,1
33,47039.57,9.77,8757.68,6,76.45,2,0.158,31970.65,1,14552.27,0
22,58379.62,4.57,19030.77,8,55.96,1,0.2836,24531.99,1,16421.33,0
25,44173.77,8.75,15932.64,7,72.4,0,0.4022,39169.59,0,5456.04,1
28,115668.64,11.6,14732.15,7,86.25,1,0.7565,15851.46,0,7978.85,0
59,52462.05,10.34,4781.05,9,76.91,1,0.3716,14890.23,0,10157.41,1
52,58827.01,8.74,24529.18,7,87.65,1,0.2899,23569.19,0,29539.72,1
42,94541.15,10.21,5940.36,2,92.23,0,0.5675,59636.76,0,60360.71,1
59,71567.85,10.44,2387.02,1,82.6,1,0.8066,24002.87,0,5290.14,0
28,53671.2,14.48,13669.41,11,60.59,0,0.5342,16833.13,0,22972.95,0
31,90650.29,6.83,9832.14,9,66.49,0,0.3755,23863.62,0,14605.53,0
40,172371.26,7.82,9035.33,3,100.0,1,0.6047,48734.2,0,7639.8,0
65,63444.65,11.66,1503.65,1,77.03,1,0.4991,13992.17,1,5058.82,0
51,57967.08,4.55,9112.96,3,74.9,1,0.1744,13155.28,1,14741.64,1
62,59389.38,0.32,15665.46,7,58.24,0,0.2333,12917.02,0,7088.3,0
33,99188.93,9.47,10837.89,8,70.54,2,0.3709,31850.78,0,16787.0,0
62,42001.03,5.97,24538.58,3,83.46,1,0.1367,10432.18,0,4869.28,1
24,48525.54,0.96,54844.41,3,72.24,0,0.4274,28186.3,0,4443.6,1
32,27535.71,9.5,27206.77,3,63.69,2,0.4317,6427.59,0,31582.31,0
46,32284.67,14.16,40914.61,6,67.4,2,0.3768,15008.0,0,14306.27,1
23,43568.01,0.0,,3,91.07,0,0.4443,17280.74,0,14010.07,1
63,53632.84,12.11,7966.8,6,82.68,0,0.5509,62921.32,2,7610.2,0
63,121926.78,0.0,25576.23,1,80.54,0,0.2813,35501.71,0,23745.17,1
47,70002.43,5.0,39904.84,12,79.05,0,0.4924,14030.16,0,10180.74,1
35,36484.88,16.2,12700.02,11,53.07,1,0.207,12520.4,0,24173.54,1
25,39636.17,5.36,9562.7,5,76.36,0,0.439,11228.18,0,7978.86,1
51,102101.77,7.45,27514.05,10,89.09,0,0.3928,8205.57,0,4612.47,1
47,91314.34,10.81,5501.76,7,67.83,1,0.6091,55778.14,1,6239.39,1
58,55701.14,0.0,,1,87.64,0,0.3316,10602.92,0,17565.07,1
50,45069.07,7.36,10558.87,4,80.72,1,0.2132,60037.55,1,4930.79,0
27,91245.43,7.32,25810.54,1,,0,0.1395,19295.45,0,61281.55,1
26,35175.01,16.31,21445.22,9,72.81,0,0.3672,16990.08,0,3526.04,0
59,65611.23,0.82,41110.7,10,86.19,4,0.5532,19272.65,1,10487.54,0
28,152937.56,5.09,8609.58,8,48.57,0,0.5862,41987.06,0,35049.65,1
66,60324.8,2.36,8248.19,1,72.53,1,0.1334,9897.57,2,15516.92,0
26,38795.68,1.83,27371.47,3,83.41,2,0.4203,25690.12,0,8735.33,0
56,66154.91,12.64,9501.39,6,76.74,0,0.656,17517.69,0,33796.74,0
68,44515.14,7.13,11106.92,2,89.53,1,0.3921,23871.34,2,5202.49,1
42,29370.21,4.22,4075.36,2,69.49,2,0.4097,15599.73,1,9256.62,0
23,75399.41,4.41,22715.52,4,63.24,2,0.4357,13980.81,0,2799.21,1
63,90954.43,4.18,61769.16,8,45.77,2,0.3475,25998.62,0,26586.84,0
30,47819.1,4.63,7900.62,2,67.63,3,0.0572,6848.08,1,19865.68,1
46,46412.89,0.68,40761.36,12,80.27,1,0.6519,47756.91,2,19909.94,1
69,35681.37,5.71,17164.66,6,84.18,2,0.2905,19412.92,0,13491.79,0
57,51411.51,5.2,4384.34,3,49.61,3,0.2069,12252.56,0,12910.8,1
23,42702.92,3.21,8798.58,1,90.81,0,0.3355,23298.47,0,13225.82,1
61,34895.87,7.78,8374.55,12,56.41,2,0.2619,11069.77,0,15789.28,1
28,128870.65,8.2,13973.32,8,70.06,1,0.4204,19021.34,0,13491.97,1
57,67846.99,4.22,25178.32,11,62.9,0,0.363,19103.78,0,5188.89,1
51,71158.59,6.28,79004.91,10,78.68,2,0.5156,43426.89,0,1572.27,1
35,81847.93,17.79,5728.51,12,73.51,2,0.5406,21879.76,0,78581.06,1
41,77812.3,17.6,12213.6,11,82.85,1,0.3341,8220.69,0,6694.82,0
26,45669.64,1.73,8789.76,10,100.0,3,0.2584,27037.12,0,10245.4,1
69,62176.8,2.43,6527.27,11,78.37,2,0.3183,29817.08,0,32689.14,0
32,48728.76,1.7,19428.28,11,62.77,0,0.3392,5822.88,0,16250.35,0
36,66996.6,12.29,18021.32,4,79.38,1,0.0695,7835.31,0,3311.95,1
45,64141.66,5.01,4217.87,8,100.0,2,0.065,73497.55,0,4206.37,1
53,46299.73,8.2,18263.27,12,82.5,1,0.3289,14270.35,0,26500.46,1
45,30239.49,16.98,6862.38,11,87.13,2,0.1773,14506.93,0,20535.34,1
45,58741.11,6.95,18171.13,2,46.5,0,0.1872,17564.95,0,7539.93,1
49,50169.73,10.53,49698.21,2,78.19,0,0.7141,11493.64,0,11561.92,1
63,23492.13,9.6,26071.07,3,67.71,1,0.114,5204.89,0,12422.9,0
40,69115.64,4.06,20746.66,9,61.12,0,0.3285,8205.47,0,14994.82,1
61,84922.34,12.3,11791.27,5,71.64,3,0.1121,11508.7,0,17525.35,1
59,171587.54,2.75,18989.11,8,73.74,0,0.593,12658.02,1,8456.66,0
68,46122.2,13.7,28246.66,2,62.01,0,0.5114,10504.35,2,22549.31,0
65,43159.94,4.06,26093.99,1,75.02,2,0.3035,6334.69,1,20480.0,0
60,33384.57,4.61,16626.48,10,69.22,3,0.5197,12217.82,0,26299.81,0
33,60414.07,1.56,21418.88,4,83.24,1,0.165,39293.28,0,24011.68,0
58,60242.4,2.38,6278.44,1,75.64,0,0.1658,11246.13,0,23469.2,1
57,38177.63,4.87,10003.17,3,78.01,2,0.5607,15843.47,2,7969.78,0
35,50836.51,0.0,31703.26,4,87.67,2,0.2082,49455.12,2,10732.41,0
54,22577.04,5.83,35304.07,5,80.88,2,0.0109,11125.01,0,5577.01,1
33,83446.25,4.46,19399.56,11,71.9,1,0.1465,100000.0,0,14380.67,0
46,38881.85,10.95,58764.88,3,38.61,1,0.1204,33607.31,0,5833.51,0
60,54148.91,9.11,27025.67,8,80.22,0,0.6756,19000.31,0,18316.89,1
30,28942.79,3.46,14937.42,4,57.41,1,0.5396,15130.78,0,35319.72,0
37,,4.71,6784.02,6,70.62,1,0.2912,46054.89,0,11992.53,0
59,48497.74,5.83,56903.59,4,77.94,2,0.261,11079.95,1,7371.78,1
43,54721.26,14.43,33335.59,5,93.33,1,0.1776,13296.32,0,18718.93,1
68,68252.41,2.89,75869.97,8,100.0,3,0.2597,55449.04,0,30385.37,1
21,105100.49,3.4,101885.51,8,57.26,2,0.278,13839.32,0,6122.19,0
56,76481.82,1.36,6429.0,2,50.95,1,0.1914,12983.64,1,13315.1,1
60,84800.99,0.0,6442.42,2,77.21,3,0.839,11321.29,0,15913.17,1
65,105433.46,8.54,1821.78,3,75.88,1,0.294,4653.93,3,9343.61,1
28,71072.59,8.01,37527.03,11,52.77,1,0.2762,36625.84,0,19039.29,0
69,54098.96,13.41,30433.92,4,71.73,1,0.3426,17466.41,1,2748.53,1
40,86611.58,12.21,19464.55,7,81.56,0,0.1837,38058.76,0,16352.55,1
38,89138.15,18.99,6749.48,6,52.32,4,0.4629,15992.94,0,60285.88,0
38,73639.96,6.63,16762.51,5,56.09,3,0.3002,13395.43,1,19871.32,0
52,28581.25,5.7,20866.32,1,61.69,5,0.2182,11313.25,1,12420.83,1
53,37662.92,0.5,33668.15,6,68.6,0,0.3696,29053.91,0,4016.39,0
44,48601.23,10.48,22393.29,12,83.1,2,0.0861,10251.55,0,8812.21,1
24,78113.48,7.59,30612.63,12,66.78,1,0.5008,23559.37,0,15846.39,1
69,54474.21,10.26,16298.4,4,,1,0.6359,18486.79,0,13051.51,0
31,91736.84,1.3,46319.23,7,100.0,0,0.4826,8675.8,0,3951.83,0
25,99403.73,8.76,29837.2,4,56.7,1,0.2444,13152.15,0,15018.15,1
50,94345.15,8.03,6964.5,12,61.55,5,0.3586,18127.26,0,5546.61,1
41,94615.99,7.7,54693.67,7,82.85,0,0.2712,14483.76,0,7155.06,1
51,34490.57,3.58,47982.15,12,87.81,1,0.1475,67833.82,0,26899.59,0
63,68341.63,12.95,26121.31,11,78.64,0,0.7408,21218.64,1,9680.95,0
25,41843.86,17.25,22532.21,4,100.0,0,0.7053,15691.28,1,6708.18,0
34,26186.74,1.45,67847.4,6,77.08,1,0.5356,13959.97,0,4946.6,0
46,48326.07,10.6,4873.06,7,40.38,2,0.4153,15331.35,1,6303.95,0
59,99829.61,0.0,48586.78,3,73.55,0,0.5743,11762.38,0,7384.13,0
50,67671.63,10.34,12297.63,10,62.86,1,0.1323,10116.86,0,25974.04,0
39,136366.68,0.0,43229.09,7,94.14,2,0.327,27368.74,0,11659.03,0
50,59566.11,4.38,19819.62,3,87.43,2,0.2769,52898.19,0,35469.6,1
69,165479.02,0.43,6659.41,6,46.56,0,0.584,13129.67,0,4193.18,0
44,59573.91,5.92,12099.4,10,93.61,1,0.3283,24311.26,2,38348.62,1
64,55559.21,11.19,40762.19,6,87.03,1,0.1964,11306.52,0,10487.9,1
59,30926.32,0.0,15213.84,9,66.81,0,0.2708,19356.16,0,9790.82,1
35,90657.3,5.2,10948.29,12,70.74,2,0.6673,7202.49,0,9690.35,1
33,43876.41,4.43,10889.88,5,94.27,3,0.1791,9903.86,0,91701.87,0
58,41106.31,14.91,30089.3,12,40.46,1,0.1396,9659.55,0,7813.6,1
31,97894.16,9.16,73030.69,5,79.13,1,0.0857,16260.09,0,77374.03,1
37,92622.62,1.11,3246.78,7,,0,0.6114,7936.48,1,26102.92,1
32,91538.19,4.64,150000.0,10,70.58,2,0.1032,3750.97,1,4438.24,1
50,46728.17,14.78,21186.6,1,82.37,0,0.3908,6898.64,0,5050.23,1
35,53752.71,10.57,28632.75,9,73.65,0,0.4825,15929.73,0,14263.83,1
53,53538.38,2.41,12696.96,7,59.46,1,0.2724,10335.64,2,13174.98,0
66,78215.38,5.66,17949.45,8,59.06,1,0.2218,12001.02,0,8384.68,1
61,110657.22,5.82,20997.05,12,83.39,2,0.1705,21660.85,0,7412.7,1
67,64909.83,4.31,7776.41,6,61.83,3,0.3585,10131.25,0,48368.02,0
22,133758.26,0.0,9448.22,12,47.61,1,0.3335,17018.73,0,13782.82,1
43,82357.59,3.61,46433.71,7,73.96,3,0.4098,80321.47,0,18322.76,0
31,49485.19,13.95,5199.15,3,63.79,1,0.3198,13786.22,0,13336.51,0
65,79858.26,5.09,25615.64,8,52.81,2,0.0193,15588.11,0,12477.39,1
55,118511.06,6.48,13382.64,3,73.15,3,0.3801,23492.78,0,83426.14,1
36,135174.05,7.7,8346.2,11,84.28,2,0.6307,10155.01,0,20099.74,1
48,93825.28,18.09,87174.97,2,72.32,0,0.0748,11895.42,1,128017.48,1
50,55639.13,7.04,8387.73,6,54.94,1,0.4285,16837.12,0,24177.65,1
45,49890.03,12.47,7288.44,10,79.71,1,0.1628,20619.43,0,6671.36,1
44,71276.34,4.01,15499.28,1,88.56,2,0.4517,9384.4,1,36756.43,0
23,116818.53,5.7,9733.03,6,100.0,4,0.1121,26604.33,1,11198.38,0
43,66855.21,7.06,18092.12,7,95.07,2,0.1121,53145.25,0,47330.91,1
38,67482.78,3.13,20382.8,5,55.91,2,0.5851,4717.36,1,6530.31,0
61,56286.92,5.98,21717.06,9,85.73,2,0.7024,23675.63,1,2881.93,0
63,47455.01,11.44,16301.53,4,76.1,1,0.2929,16885.1,1,13155.25,1
57,51130.06,3.0,10264.0,5,53.57,0,0.61,14620.4,0,44970.17,1
22,58456.03,7.0,30117.13,4,76.54,1,0.341,22618.38,0,6802.94,1
62,119161.32,10.54,16461.39,8,100.0,1,0.6287,47269.31,0,20222.07,0
40,49375.88,2.88,12108.14,11,91.13,2,0.4351,21549.48,0,6542.55,0
41,56317.69,12.48,58813.22,3,55.78,0,0.2722,35226.44,0,28069.06,0
67,37259.73,7.36,16335.2,5,72.22,0,0.0807,17515.41,0,8639.93,1
63,75930.4,6.17,43118.88,3,79.87,0,0.2679,23241.21,0,15277.1,1
23,101731.69,0.0,48030.8,3,44.32,2,0.197,12300.62,0,8891.4,1
38,114246.37,5.13,50426.16,12,44.87,3,0.678,18483.87,0,6107.9,0
57,60270.77,8.86,31289.98,9,74.47,2,0.5214,14879.76,0,2126.57,1
47,71221.35,15.73,17990.88,12,74.68,1,0.4455,19397.49,0,3724.84,1
33,51327.96,9.84,17101.03,8,42.58,0,0.4492,5650.32,0,9340.34,1
46,69751.69,12.63,14806.64,8,78.21,2,0.7078,8246.54,0,17971.75,1
63,63346.36,0.95,3179.92,9,89.39,3,0.1842,41349.25,0,63656.79,1
31,56461.11,6.37,31989.8,8,68.51,1,0.2604,47761.69,0,7516.33,1
57,58517.29,13.1,21888.12,10,72.96,0,0.2568,5356.7,1,6764.18,1
57,67403.59,2.56,34840.87,4,81.14,0,0.1168,12103.12,0,3641.55,1
64,48180.99,11.83,16391.62,2,79.02,1,0.2049,10664.07,0,25917.27,1
35,49314.08,10.67,30637.72,6,45.3,0,0.2934,21492.7,1,20070.09,1
31,118586.91,8.37,5979.67,1,57.52,0,0.254,16974.89,0,17950.58,1
47,186248.02,5.36,7063.63,1,65.67,2,0.0152,28978.09,0,16364.38,0
47,31988.23,2.07,2482.84,1,58.23,0,0.4396,6990.08,1,8576.2,1
41,31204.78,15.88,16165.71,1,95.47,2,0.2562,22996.38,0,40751.9,1
59,35752.29,10.16,9702.19,9,82.15,1,0.4278,14248.77,0,5964.87,0
60,52502.11,8.7,8737.87,8,54.24,3,0.3726,10743.48,0,7833.9,0
33,82305.21,4.94,23525.71,12,68.57,2,0.0314,24522.08,1,4807.71,0
59,71765.01,7.19,12806.67,4,90.09,2,0.5237,15140.42,0,10685.8,1
32,59426.91,7.82,5719.6,4,61.66,1,0.3761,16774.67,1,5971.87,1
40,69780.47,9.0,137852.62,6,85.63,1,0.2549,45870.06,0,6810.49,0
22,40281.58,10.67,17474.86,10,94.13,2,0.3596,18915.86,0,4075.65,0
37,49278.01,3.09,7567.34,12,91.46,1,0.292,70235.49,2,5064.74,0
67,54504.9,0.0,10532.9,9,74.89,0,0.4414,3523.8,1,2821.23,1
42,26962.2,7.42,15671.71,7,92.02,0,0.164,17879.87,0,16563.09,1
55,32614.06,0.0,15645.37,12,63.64,1,0.4407,8266.82,0,5522.86,0
26,33202.61,5.38,51014.16,3,100.0,1,0.4871,9400.0,0,51161.47,1
52,77570.09,4.45,16891.79,6,75.85,3,0.5339,11375.54,0,28139.73,1
39,61420.45,9.46,79403.17,3,90.35,1,0.4499,34335.43,0,12776.57,0
57,72407.56,16.91,12736.01,2,66.21,2,0.1302,13540.77,0,20045.45,1
66,24034.46,0.0,25318.13,5,79.99,1,0.7267,8095.21,0,25986.16,1
47,28211.46,18.37,40770.38,10,80.7,1,0.0381,28564.89,2,7686.42,0
26,74127.02,5.83,46828.58,4,57.14,1,0.2216,7867.22,1,9992.11,1
44,15751.44,8.74,51411.89,10,56.66,0,0.8202,58019.71,0,31665.04,1
27,95432.23,0.0,14479.91,8,68.73,3,0.4661,7291.03,1,33562.47,1
43,24211.81,11.98,17921.13,9,89.69,1,0.3976,14720.67,1,5994.07,0
23,80385.87,7.21,2476.47,3,42.7,4,0.1345,69231.57,0,94752.43,0
52,36872.65,6.69,15387.63,11,66.19,3,0.6203,14341.28,1,3552.09,1
36,88176.44,0.0,43093.63,3,92.96,2,0.2907,24213.65,0,1534.11,1
30,232992.34,7.37,36886.33,5,52.29,0,0.5636,16671.53,0,56553.86,1
21,19774.7,11.23,16796.69,10,92.06,3,0.5313,17983.35,0,23120.81,1
64,75207.65,5.82,70083.21,9,53.96,0,0.4284,10149.55,0,14179.0,0
62,24377.49,12.87,13239.01,4,57.34,0,0.7388,24719.85,0,24877.69,0
60,66644.95,12.66,10149.86,4,69.64,0,0.5008,45581.68,0,6513.0,0
23,50113.26,3.79,12377.03,6,100.0,4,0.377,4622.37,0,2511.12,1
38,58307.76,14.98,7333.11,6,61.76,2,0.3596,9424.68,0,8006.03,1
68,36491.32,7.23,29615.2,1,44.27,1,0.5891,12225.64,1,6407.1,1
49,78145.83,7.25,22672.6,3,49.57,0,0.453,9672.23,0,4929.79,1
27,28662.0,7.49,29322.51,2,86.91,1,0.3723,28226.04,1,6975.85,0
27,96165.43,7.35,12921.27,2,50.32,1,0.4248,11777.39,0,7064.65,1
33,45749.03,0.0,17182.88,5,91.01,1,0.242,19049.53,1,7847.19,0
68,,6.07,3150.74,1,73.12,3,0.4813,51118.37,0,16909.6,1
29,112736.67,0.18,24321.29,9,71.48,0,0.3182,5124.3,0,19825.37,0
65,53358.27,15.13,19481.1,9,76.76,1,0.3986,22472.04,2,15712.94,0
54,129770.74,14.93,7462.94,3,59.19,1,0.4269,16518.14,0,1219.06,1
66,95291.77,11.26,16554.3,11,74.21,2,0.4252,16552.32,0,4803.37,1
61,38404.23,5.81,14644.9,8,52.91,2,0.418,9552.74,0,4862.41,0
37,52936.22,1.96,73834.15,4,93.58,2,0.5901,13790.18,0,35231.24,1
61,58078.77,3.71,7701.92,3,55.56,3,0.3776,17900.37,0,5591.77,1
29,109308.0,16.71,23465.06,6,79.02,1,0.2654,15823.76,0,2175.73,0
35,66968.08,3.54,7521.44,12,55.44,1,0.3283,29322.44,0,22309.23,0
31,59540.98,0.0,11519.87,1,63.47,4,0.2567,8369.4,1,13027.07,0
27,50268.94,12.15,22462.04,1,66.02,0,0.3711,6770.55,0,115338.35,1
25,,14.5,15199.79,5,100.0,1,0.2495,4419.53,1,3462.14,1
30,98928.72,15.3,17913.94,12,71.77,0,0.6004,19871.85,0,9862.62,0
26,55091.78,12.19,23489.4,4,58.86,2,0.0419,30565.98,1,4718.62,1
39,46043.4,13.01,12126.83,9,64.89,0,0.1202,7917.1,0,4726.93,1
24,42661.84,7.26,36513.75,7,47.93,1,0.3612,7437.88,1,5722.8,0
24,42868.57,0.0,14097.37,3,69.4,2,0.24,67515.83,0,4465.38,0
69,29264.93,7.14,16648.62,11,100.0,1,0.3654,44015.34,0,14185.41,1
25,39238.73,10.11,24032.83,2,77.38,1,0.3049,45786.99,0,12700.02,1
24,107945.05,6.32,21584.42,7,86.45,2,0.1543,22984.42,0,11664.24,0
22,50117.16,6.1,30137.01,8,57.44,1,0.2768,29492.83,1,37575.5,1
27,75514.03,2.18,23195.15,9,68.75,1,0.2444,14723.43,0,19830.17,1
46,18027.4,1.99,26195.73,11,75.26,2,0.2054,6644.29,2,25452.61,0
61,71027.94,16.19,13874.79,9,60.4,2,0.2735,6883.62,0,13876.48,0
57,51148.06,16.37,7654.97,8,78.4,3,0.4781,18040.18,0,15850.13,0
49,44286.73,6.99,5744.6,2,81.85,1,0.1907,34393.81,0,27655.96,1
25,59666.17,8.41,4729.43,4,80.69,0,0.3443,16008.75,0,4288.95,1
58,44000.98,2.1,73740.57,5,69.58,1,0.2724,27568.62,1,6660.67,1
22,21148.93,10.21,3065.32,5,89.45,0,0.4608,16904.45,0,12816.81,0
51,83291.35,15.8,46775.08,2,67.88,0,0.4095,22274.34,0,12456.94,1
41,61355.88,0.0,9334.12,2,66.42,2,0.4335,30875.55,0,3339.46,0
64,47753.82,9.32,46503.36,6,95.06,0,0.4043,45694.05,0,23825.14,1
36,35607.27,9.7,3090.52,9,54.29,1,0.4735,21979.57,1,43834.4,0
52,28386.04,9.64,14913.94,11,,0,0.4897,69960.88,1,40943.62,0
42,60830.11,15.21,57603.96,12,58.11,1,0.4582,15290.08,1,6429.96,1
46,113679.33,17.18,31846.88,6,78.2,3,0.607,45465.94,0,25786.26,1
67,60265.4,5.83,13743.41,11,92.54,1,0.2859,27061.86,0,8348.25,0
55,29520.66,10.37,3803.76,6,61.43,1,0.5284,4997.58,1,12785.97,1
41,60863.63,7.42,6248.75,6,100.0,2,0.621,48420.14,0,32354.44,0
42,53695.48,3.84,54690.47,3,72.44,3,0.2023,9465.4,0,40104.15,1
55,81138.11,8.35,13623.26,8,70.15,1,0.4861,15122.38,0,8061.53,1
37,72266.68,10.36,16994.89,4,58.4,0,0.1149,33167.64,1,7519.81,1
29,15000.0,8.08,22583.05,6,100.0,4,0.2421,10688.82,0,46219.02,1
43,70294.4,2.59,6347.75,12,69.6,1,0.4897,17126.37,0,10958.02,0
24,35014.68,4.68,24933.29,7,50.69,2,0.3219,28514.68,0,805.96,0
29,29007.52,4.72,12867.17,4,100.0,1,0.5521,10123.12,1,17829.83,1
41,50527.62,2.79,22767.5,9,78.3,1,0.5251,15260.72,0,5833.9,1
60,66172.85,8.57,11335.41,9,84.78,3,0.2741,14054.86,0,9291.18,1
59,26285.11,9.09,5113.47,8,98.9,2,0.4945,35344.54,0,20465.75,0
33,75519.63,11.9,12787.57,1,81.83,1,0.6808,53957.39,0,2272.44,1
41,77543.24,2.71,30053.94,3,87.6,0,0.2767,8333.96,0,23872.55,0
28,56175.04,4.11,24670.79,2,72.87,1,0.3291,19006.41,0,3068.86,0
58,37222.1,14.77,18450.96,12,83.74,2,0.3242,12471.97,2,6149.72,0
33,35396.5,6.18,36924.57,4,71.45,5,0.5144,18395.19,0,15978.78,1
60,87269.64,7.15,15294.55,6,71.68,1,0.7609,61996.55,0,3965.06,0
62,27862.54,6.12,18828.9,11,73.92,1,0.4053,23482.36,0,3977.43,0
54,88796.29,12.67,12262.65,12,65.65,1,0.652,12136.79,0,16222.4,1
37,51059.6,12.86,38693.29,3,80.07,2,0.3893,6907.42,0,19323.07,0
67,52678.51,12.57,22727.93,11,80.03,1,0.2851,36224.54,1,10226.59,1
54,25500.39,7.13,11528.3,9,85.1,1,0.1511,13052.01,0,20957.57,1
52,51486.04,2.64,5469.29,8,82.23,1,0.5201,10456.02,0,200000.0,1
62,72489.86,16.63,43568.78,3,100.0,1,0.5176,22268.38,0,3139.47,1
64,30142.88,11.28,9925.62,9,88.84,2,0.6624,26995.56,0,1599.14,0
24,68835.48,4.72,19068.22,8,68.68,0,0.3913,13907.18,0,32981.67,1
64,57247.77,14.12,118208.68,6,79.25,0,0.5742,9283.31,1,4139.56,0
58,41167.26,4.32,34177.91,8,94.6,1,0.2402,46916.18,0,16734.93,1
31,80796.7,14.05,65319.55,3,56.8,3,0.2231,29045.06,0,20724.88,1
36,20415.97,14.39,11703.31,8,100.0,3,0.1801,35925.56,0,11631.36,0
57,64285.85,2.39,42400.19,2,59.61,5,0.1665,14020.17,0,15409.24,0
31,113986.38,9.91,18388.16,4,86.4,0,0.4408,10070.47,1,55884.19,1
43,105141.56,10.91,24123.47,6,72.11,1,0.0754,12396.89,0,6916.66,0
54,65545.61,20.07,90653.55,2,71.19,2,0.3555,6195.48,0,37864.27,0
52,48018.04,3.29,14403.27,11,51.15,2,0.5669,14242.15,1,3691.21,0
65,41314.85,14.16,18279.41,11,86.52,1,0.4589,11219.18,0,16457.09,0
26,47991.15,7.09,8739.04,6,51.39,0,0.4498,17047.13,0,18597.43,0
35,70249.03,0.79,36640.22,7,48.92,4,0.1808,18628.51,1,11203.48,0
69,38247.32,6.4,11494.52,4,90.56,0,0.5612,19179.97,0,28734.39,0
48,77337.11,7.01,40794.21,3,100.0,0,0.1832,11948.69,0,12476.71,1
33,143632.14,1.71,4808.77,12,61.32,3,0.2526,7834.99,0,16186.2,1
35,53489.52,8.56,27918.3,5,88.05,1,0.4408,6558.99,0,6356.91,0
37,30034.76,11.79,10755.5,12,84.74,1,0.0627,20637.88,0,4886.59,1
48,30030.04,8.19,32290.91,1,70.54,1,0.2466,19788.9,0,4777.93,0
34,78006.15,4.29,17805.8,2,93.37,0,0.0066,6793.19,0,6911.5,1
51,53540.98,6.26,11729.42,6,69.38,1,0.3624,48856.92,1,3787.96,1
42,81606.35,6.98,13211.98,10,80.28,1,0.5685,32288.07,1,64446.99,1
50,43258.67,8.09,9116.27,6,51.94,1,0.6629,8805.1,2,9094.57,0
28,79927.01,12.55,35184.37,11,52.62,0,0.1833,21676.09,0,11902.17,1
51,51218.39,8.36,7779.27,2,90.7,3,0.2862,16355.58,0,4271.39,1
66,39555.56,0.0,14537.17,11,80.82,2,0.2318,21647.31,2,75554.9,0
27,45919.22,4.19,23725.81,6,69.72,1,0.3197,20302.98,0,9541.09,1
37,32093.67,7.83,65442.2,4,100.0,0,0.406,28804.76,1,7061.54,0
54,134631.98,12.62,17866.6,8,100.0,0,0.2087,50693.72,2,7671.8,0
51,52665.54,13.49,14825.72,10,79.03,1,0.3911,22193.49,0,9924.56,1
54,73505.82,15.87,22404.9,12,48.71,0,0.0494,26139.27,1,9129.19,0
48,43195.75,7.65,3426.71,2,70.21,0,0.734,50186.7,0,3573.51,1
54,34259.56,10.82,6899.54,9,58.68,1,0.1886,12352.72,1,26025.8,0
50,49505.66,0.0,13330.82,4,73.43,1,0.2274,9367.29,0,4403.62,1
24,90275.84,9.15,10175.64,7,57.02,4,0.7386,28810.44,2,24863.52,1
57,43510.57,1.62,5001.34,6,52.86,4,0.2495,7647.24,0,3623.95,1
42,37173.41,6.69,35751.59,10,35.8,1,0.2138,10227.11,0,14024.7,0
23,58985.53,22.15,22157.52,5,74.68,3,0.5075,51617.51,0,4773.02,0
41,68847.46,8.52,20137.5,4,35.22,2,0.5271,5407.86,0,6233.23,0
42,115193.68,2.68,10331.31,6,66.88,0,0.4032,22250.59,1,18501.42,0
25,64490.69,9.04,19180.35,9,83.11,0,0.403,6558.93,0,34735.9,1
69,73488.57,4.41,27165.05,11,60.45,1,0.2482,23992.43,0,61879.62,0
31,76020.8,2.2,14562.58,1,54.64,0,0.3107,64913.6,0,16788.38,0
37,32736.03,17.52,25688.14,7,70.91,0,0.3224,8859.23,2,11941.25,0
42,35653.02,12.33,9521.22,1,58.74,0,0.5479,4129.05,1,5042.6,0
61,33770.24,8.73,19459.98,8,74.97,2,0.5164,23103.72,0,2397.61,1
57,30200.78,5.04,44896.97,8,55.47,2,0.0909,11600.72,1,20972.4,0
58,78672.22,5.45,48230.3,11,70.33,1,0.2212,15823.74,1,9552.96,0
32,62668.3,14.71,52062.39,3,66.46,0,0.2961,23235.25,0,12098.17,0
62,57003.14,8.53,22619.82,10,71.82,0,0.5848,26693.72,0,8385.78,0
61,17126.22,0.0,18461.05,9,98.16,2,0.5087,26878.02,0,6288.99,0
43,138697.84,19.1,12570.35,8,75.2,0,0.4361,17657.31,0,22062.86,1
47,36778.4,7.92,4239.24,8,80.07,1,0.2634,24419.47,0,55664.88,0
22,138469.34,8.72,6137.71,7,62.0,1,0.5073,15780.67,0,4075.72,1
58,28650.6,12.43,15735.63,1,75.57,0,0.3485,14297.57,0,2221.75,0
68,38158.66,9.33,16506.28,10,67.6,1,0.3396,17796.02,1,9712.76,1
44,20410.53,10.73,55709.47,5,72.47,1,0.4268,26962.59,0,6289.76,1
47,64734.19,4.88,51532.42,2,82.38,2,0.2436,11443.86,0,34820.85,1
45,33507.44,0.85,10393.52,8,64.0,0,0.2954,20920.86,0,18922.82,1
25,33936.23,8.4,34640.81,12,65.63,2,0.3106,13053.54,0,66086.15,1
51,29657.11,14.16,12289.15,9,64.22,0,0.2935,10753.2,1,31656.31,1
56,78033.87,3.76,31076.9,3,63.91,1,0.5174,37575.86,0,13186.91,1
66,75754.04,3.36,34301.39,10,74.77,0,0.1956,23339.76,0,13704.43,1
66,124306.27,13.11,48620.54,11,66.18,1,0.5247,23490.95,0,17065.62,1
45,40397.39,4.71,12136.98,4,95.97,1,0.8083,9287.04,0,5289.84,0
67,60691.39,4.95,40520.77,7,100.0,0,0.3122,15146.21,0,17753.76,1
46,30788.23,5.13,4023.37,11,62.91,2,0.1455,27409.62,0,41200.53,0
52,47302.62,6.68,50771.96,2,,2,0.2153,23357.52,0,6795.55,1
50,43547.52,0.0,17643.34,5,88.61,3,0.3987,100000.0,0,9652.82,0
69,67784.64,4.3,17946.4,6,67.75,0,0.2597,20995.3,0,21670.47,0
57,86920.42,8.15,3526.91,1,56.09,0,0.191,11301.0,0,46242.34,1
26,85911.11,8.12,13189.74,3,99.81,1,0.1566,13273.39,1,6152.59,0
24,37640.01,12.79,53237.09,8,82.98,3,0.7475,9882.96,0,14954.13,0
41,86197.72,16.2,12794.43,4,77.1,1,0.42,11449.16,0,11666.53,0
46,53919.64,14.56,31853.33,3,95.21,1,0.6215,19301.43,0,9376.87,0
53,47525.41,11.57,18504.54,4,84.32,0,0.6465,13010.24,0,2251.95,1
44,39984.95,6.26,42119.34,2,71.23,1,0.1616,45861.6,0,6141.92,0
46,42749.7,3.88,20980.06,8,56.37,0,0.1139,33350.67,0,3975.38,0
66,120466.83,7.09,8541.38,4,64.11,2,0.4594,32957.51,3,10632.25,0
37,63159.8,9.93,18831.52,8,91.28,2,0.298,15090.3,0,7981.85,1
45,59495.97,11.11,64802.57,10,82.91,2,0.247,34125.51,0,4114.87,1
48,48877.74,10.12,26802.3,6,69.01,2,0.1913,36839.13,1,9442.29,0
43,165343.24,6.39,16398.91,11,100.0,3,0.4082,55007.41,0,64327.42,1
68,98947.35,10.93,109395.18,3,69.48,3,0.1052,12324.34,0,6607.89,0
68,39759.76,13.3,45501.46,12,87.8,0,0.394,18146.89,0,8465.26,1
46,48628.34,11.4,34596.72,4,75.52,1,0.2411,10641.79,1,9790.28,1
43,49945.04,6.84,23202.17,4,100.0,1,0.4545,100000.0,0,6230.02,1
49,58731.46,2.83,32284.62,12,84.05,2,0.4563,15628.01,0,2900.93,1
29,40116.25,2.71,33133.92,6,72.74,0,0.2421,43966.89,0,61145.84,1
41,67007.24,3.59,3139.68,9,69.14,1,0.4238,20085.36,0,2309.62,0
31,105717.75,8.29,24688.08,10,71.75,2,0.3843,33313.76,0,2565.39,1
28,30453.49,9.6,15827.15,6,60.39,2,0.4147,17818.4,1,23544.81,0
25,33104.43,0.0,12067.92,4,50.13,2,0.5751,34349.47,0,1897.54,0
49,44252.5,4.48,15394.68,6,76.94,2,0.398,21841.09,1,24018.35,1
21,45185.45,8.22,5184.6,5,63.46,0,0.254,59381.84,1,26048.71,1
52,135184.81,2.5,4249.0,5,63.42,1,0.6412,22302.71,0,5832.86,1
42,86323.54,9.17,48792.36,3,70.58,3,0.4499,10855.22,1,12457.15,0
38,84122.85,5.46,26052.09,11,72.84,2,0.3474,25869.0,0,11466.9,0
58,48831.16,3.38,2611.6,7,72.12,2,0.3745,18116.98,1,5813.82,1
47,48351.25,7.27,11350.53,10,99.81,0,0.4752,9022.82,1,6897.81,0
56,28618.85,8.96,36408.9,8,82.6,2,0.4058,23472.67,1,10419.28,1
55,78188.01,2.76,14387.51,5,100.0,1,0.3995,11688.57,0,7882.17,0
22,68601.04,5.79,48733.94,4,64.98,1,0.2673,15261.5,0,20145.95,1
31,98104.38,9.34,41686.33,12,84.54,2,0.624,18525.21,0,10481.39,0
48,50021.85,3.19,6079.99,1,65.87,0,0.346,4354.62,0,18012.95,0
68,51600.56,0.0,16050.06,4,63.02,4,0.3005,13308.97,0,8464.63,0
28,59373.84,0.0,12577.38,9,100.0,2,0.4353,34365.05,1,21349.32,0
26,82161.52,4.91,5923.82,7,59.71,2,0.1064,15733.25,1,26586.43,1
67,28381.46,0.41,5623.49,8,36.29,1,0.3612,4754.68,0,2019.92,0
68,76597.04,5.26,9445.65,1,60.67,1,0.4218,16999.7,1,16864.91,1
29,54495.07,15.32,10779.34,3,39.87,0,0.1239,25240.4,0,6422.11,1
40,34156.28,0.11,22577.54,8,56.78,2,0.5116,14612.73,2,8084.88,0
51,21525.98,5.59,41502.04,4,58.26,2,0.3781,14947.39,0,15904.54,1
30,51723.9,17.66,27147.57,6,72.56,1,0.1479,13170.23,0,13398.09,1
36,105509.82,9.04,32807.91,12,39.21,2,0.1495,27793.5,0,9724.5,0
40,116855.87,5.16,14542.53,8,91.14,2,0.1673,10124.14,0,21759.26,1
52,64537.89,6.22,29159.24,8,41.99,2,0.5487,26384.01,0,14100.96,0
36,132984.92,9.15,15985.34,3,69.96,0,0.1492,14921.85,0,6064.17,1
41,53947.41,15.48,12644.14,8,66.81,1,0.4295,43274.74,1,32256.78,0
35,84463.52,4.35,82109.4,12,85.21,1,0.4025,12815.47,0,31279.43,0
58,44892.88,3.21,2789.86,8,77.62,1,0.1811,8271.75,1,12144.6,1
28,43630.82,0.11,4021.79,10,90.99,0,0.5057,27758.92,0,7259.72,0
32,40546.69,7.52,24447.59,12,66.22,1,0.3122,25414.09,0,5993.31,1
33,21760.47,0.0,14561.57,11,64.56,1,0.6563,24015.26,0,54082.81,1
65,98152.73,4.68,5701.81,5,78.6,1,0.3727,32554.28,1,10166.13,0
67,41206.61,2.46,7742.18,4,88.47,1,0.425,8927.08,1,13680.04,1
45,38347.36,12.37,8592.13,4,85.2,2,0.3159,10365.71,0,17547.62,0
28,32341.33,4.46,36753.78,10,77.15,0,0.5697,45338.29,0,998.75,0
58,50167.7,8.98,47479.6,5,75.72,1,0.0771,24415.75,1,5262.49,0
45,121620.4,0.0,66821.29,10,71.42,2,0.3376,13084.3,0,87036.48,1
62,141109.14,7.66,5048.86,10,78.56,0,0.5819,5237.5,1,968.25,0
38,26048.05,0.98,6029.55,8,100.0,1,0.199,7533.81,0,3120.97,1
69,46891.27,4.87,5708.01,2,68.12,2,0.4806,9208.8,0,8007.01,0
60,34531.51,18.06,50473.95,9,66.17,0,0.6006,12152.26,0,4913.36,1
31,85805.68,11.66,25132.24,3,64.94,1,0.6731,22291.79,0,6104.92,0
56,62570.9,6.36,19192.72,7,78.23,0,0.0352,6919.16,0,4243.1,1
35,41300.6,22.99,21629.86,3,38.05,2,0.225,12439.78,0,10279.66,0
38,56825.84,2.42,17200.68,1,69.84,1,0.1197,7433.09,1,16549.31,0
33,44366.95,12.83,7340.88,8,86.09,0,0.1603,13402.15,0,17209.34,1
54,113720.53,0.0,27137.32,6,63.58,1,0.2811,95548.26,0,5727.08,1
33,70348.75,5.78,15509.63,8,74.99,0,0.1678,41382.26,0,28795.34,0
52,74347.77,0.26,6890.3,6,100.0,2,0.4577,26892.7,0,13648.28,0
49,16563.81,8.29,28497.04,5,77.31,1,0.557,12488.35,0,31466.07,1
57,53371.57,7.28,12803.8,1,36.17,2,0.4688,8469.94,0,15554.16,0
69,140439.69,5.46,21592.77,4,49.44,1,0.3012,16940.32,0,9482.94,1
21,99892.17,12.46,16287.35,11,67.98,1,0.3459,6067.53,0,9696.07,0
69,23954.18,4.16,36725.63,10,59.14,1,0.5338,28333.9,0,16476.79,1
26,47764.92,8.63,21466.68,6,73.65,0,0.3699,15667.97,1,37378.34,0
46,32029.25,11.1,8876.54,1,67.29,0,0.2875,17656.37,0,13430.42,1
37,118786.63,0.0,23288.84,12,90.66,1,0.2308,5614.93,0,14483.39,1
52,61390.7,3.26,23905.84,9,54.54,3,0.4025,18638.7,0,19955.76,0
56,38932.34,7.27,27097.41,1,68.68,1,0.336,15226.5,1,2428.76,1
63,55851.94,10.15,41226.08,3,75.48,2,0.1993,9213.9,0,3312.06,1
40,17013.7,14.11,10996.59,3,77.46,1,0.2687,21062.45,1,14598.9,0
66,33754.06,5.92,30714.05,11,74.35,1,0.7279,13618.32,2,5074.89,1
36,55909.42,5.42,4529.08,12,33.42,1,0.3366,22123.81,0,9461.13,1
30,80470.21,2.64,16352.55,5,,0,0.4232,27748.77,0,11856.46,1
39,22959.73,8.65,14449.27,3,69.59,0,0.1685,8423.2,0,105248.85,1
46,46331.09,5.51,57319.9,8,85.83,2,0.1823,19400.15,0,10235.42,1
53,86633.95,5.63,15883.86,4,83.57,1,0.4245,19145.69,0,1789.72,0
61,,6.53,29275.85,2,75.85,3,0.2263,42988.83,1,14417.3,0
32,60975.09,9.76,4397.12,4,77.01,1,0.304,32429.46,0,29983.59,1
35,56657.35,4.18,13584.99,4,93.64,0,0.0119,14105.15,0,19376.29,1
66,118962.03,3.14,9145.7,1,90.4,1,0.5329,13361.33,0,18231.36,1
42,49589.14,9.16,130422.69,9,76.41,1,0.2329,19987.78,1,6182.91,1
32,50912.73,0.0,10558.53,5,100.0,0,0.4768,8197.49,0,8219.57,0
69,80807.12,3.98,19086.76,7,61.95,1,0.0888,9105.09,0,5588.61,1
42,30279.66,1.24,19918.17,7,53.03,2,0.2531,12972.71,1,6192.97,0
69,49796.05,13.02,5046.98,10,71.83,0,0.2009,3398.11,0,9947.8,0
66,44802.19,4.8,11817.05,10,66.02,1,0.2469,9003.46,0,27466.96,0
65,51667.19,4.2,24883.0,7,32.55,0,0.3389,14264.76,1,160400.23,1
49,80569.17,6.76,19277.71,11,61.56,1,0.2016,100000.0,0,13692.09,0
60,70577.11,4.02,2857.77,7,77.5,2,0.1121,11467.08,0,19518.16,0
68,39268.64,4.99,11436.14,1,71.07,0,0.6091,28574.9,0,1368.78,0
34,58489.53,7.49,40732.61,11,59.58,0,0.2132,15669.49,0,8078.38,0
22,107558.18,4.89,28816.56,10,72.68,0,0.4648,24491.95,0,47629.09,1
36,37834.4,4.85,47693.66,6,73.97,1,0.2928,8436.89,0,13054.71,0
52,58712.83,1.95,8181.32,5,83.44,0,0.3709,6100.87,0,10918.73,1
47,50421.16,1.23,50154.86,11,61.74,1,0.174,47205.82,1,163320.35,0
24,53462.52,7.3,17371.78,6,85.98,1,0.8138,7094.51,0,35012.11,0
48,26404.57,8.53,64337.96,5,54.55,2,0.2308,50851.51,1,24031.45,1
29,103769.95,0.0,18047.65,9,63.95,1,0.3181,13883.05,1,11331.93,0
45,38817.64,10.8,3498.7,4,99.18,1,0.4833,10088.81,1,15328.37,0
49,87275.13,10.82,35508.62,5,55.62,1,0.3687,12539.58,0,82189.68,1
52,41583.93,11.87,12623.51,10,61.46,2,0.4494,55251.43,0,89480.04,1
41,41506.75,8.5,13321.62,3,51.95,1,0.0392,11038.83,0,7398.3,0
41,94939.39,10.19,5628.79,1,58.76,0,0.4262,13775.68,1,2782.69,0
54,86020.12,17.93,65899.53,5,74.21,0,0.4768,35624.84,1,12545.62,0
57,60414.72,5.49,11863.79,3,83.3,3,0.3289,25078.15,0,23860.65,0
60,77466.91,1.77,63459.4,5,71.7,2,0.3699,77061.71,0,60978.59,0
37,48302.55,0.0,12748.04,1,66.8,1,0.2492,40694.21,0,10917.88,0
41,54793.29,15.78,8569.21,8,52.12,1,0.156,11056.1,1,8767.89,0
37,40837.56,15.84,51727.79,7,60.37,0,0.4305,44798.26,0,32645.95,0
46,82612.62,2.38,16974.36,4,47.26,4,0.5468,4687.17,1,5229.13,0
27,40257.53,3.36,17107.45,8,83.78,1,0.2442,30862.28,0,9690.97,0
42,107302.67,5.38,6456.39,2,84.9,2,0.403,11382.79,0,12059.48,0
30,47713.19,13.12,12481.82,1,71.35,3,0.2404,27311.38,0,11250.48,0
47,55509.94,0.56,25363.94,6,79.06,0,0.3349,71153.58,1,37947.39,0
62,77382.51,0.0,6366.36,2,86.02,2,0.5436,5590.62,0,19431.08,1
69,55593.83,17.84,11694.3,11,73.62,0,0.205,34343.49,0,7378.68,0
42,48099.63,8.56,12858.62,4,94.3,0,0.2569,32409.89,0,9709.95,0
23,54261.92,9.27,18982.63,6,,2,0.5807,28575.39,2,148845.3,0
32,82232.57,5.97,58792.8,4,66.42,0,0.242,9063.37,0,3272.72,0
26,40815.0,9.33,14159.83,6,64.52,3,0.228,16906.86,0,2212.79,0
58,51962.72,0.0,10360.2,2,82.36,4,0.2059,9172.72,0,3926.58,0
69,55255.19,2.8,150000.0,12,49.05,0,0.6406,24321.76,0,15777.44,0
48,81157.89,7.53,12728.24,3,95.17,2,0.3958,7223.59,0,33386.46,0
29,52583.52,0.0,15453.65,5,80.99,3,0.2534,13253.73,0,10819.46,0
22,124097.53,5.49,13518.98,11,100.0,1,0.1091,27978.6,0,7223.39,1
68,51258.98,5.18,14424.91,6,71.35,0,0.3087,10777.37,0,6195.5,1
36,49421.01,5.49,19155.23,9,63.19,1,0.5417,13639.69,0,2522.38,1
26,50925.75,4.24,37600.18,1,82.51,0,0.1447,9543.02,0,50620.23,1
29,30412.22,2.02,24867.51,4,88.49,1,0.4987,21543.22,0,10000.6,1
33,34494.71,0.0,42608.26,10,60.57,1,0.4475,16346.54,1,14661.06,0
53,43316.48,7.72,41495.9,4,40.04,1,0.0941,10778.17,0,25855.28,1
64,91693.97,5.5,21268.21,5,42.78,1,0.2014,11575.49,0,41806.38,0
34,54186.21,0.12,24322.97,1,76.18,1,0.5827,20106.38,0,9792.59,0
54,44222.92,7.31,43700.57,7,96.64,0,0.2914,8581.58,1,5280.23,0
24,95514.09,5.53,7399.44,5,51.19,2,0.1185,17450.5,0,11768.93,1
21,110538.39,4.69,132812.81,11,67.64,0,0.132,18423.06,0,10658.83,1
23,96762.09,0.0,11944.89,5,66.42,1,0.5594,20078.71,1,7263.71,0
66,37466.33,10.41,13593.61,10,100.0,1,0.8047,12418.34,0,3853.08,0
49,44012.4,0.83,6826.77,11,,2,0.2331,27493.0,0,17031.81,0
60,124401.52,7.32,6991.19,11,78.79,2,0.0794,35286.35,0,39554.25,1
22,61304.06,2.96,39236.17,9,86.37,1,0.3942,28318.02,1,58060.22,1
22,48759.55,5.06,110667.08,8,85.92,2,0.167,20847.8,0,6074.74,1
62,75989.09,12.76,11433.87,6,51.51,2,0.4314,6631.8,0,58423.63,0
26,86540.95,9.66,23765.26,1,83.18,0,0.329,58164.72,0,4456.51,0
28,42528.77,12.65,21466.75,2,55.69,2,0.1006,18753.83,1,13724.81,0
46,60708.34,8.65,40067.58,5,69.26,1,0.265,22390.86,0,30750.55,0
50,83453.13,8.98,106202.04,8,90.24,2,0.2675,10988.59,0,19730.74,0
32,32629.08,0.0,60773.3,1,73.29,2,0.3115,15487.31,0,42763.23,1
42,55306.4,5.41,14871.47,12,89.64,1,0.264,41097.23,0,4771.19,1
54,33310.01,5.88,27478.0,12,92.79,1,0.3657,31132.19,0,10181.44,0
42,35329.63,13.12,29749.67,1,43.89,1,0.4173,14475.76,0,9995.48,0
39,42688.87,4.47,17713.01,2,37.16,0,0.6008,52443.74,0,33454.29,1
24,68172.21,8.32,7490.4,11,90.59,0,0.4337,8880.74,0,9743.66,0
43,47580.5,8.13,9500.56,3,91.24,0,0.5616,5549.89,0,14809.45,1
60,41080.97,12.79,45100.52,3,76.11,1,0.2365,4664.4,0,9510.89,0
51,,6.33,48980.3,3,78.28,0,0.1029,31400.86,0,16620.87,1
64,32825.31,11.14,15246.01,9,86.29,4,0.6978,11057.7,0,6103.34,1
27,66705.98,0.0,22180.56,2,85.99,1,0.3031,16315.47,0,4381.35,0
21,91510.82,0.0,46907.75,3,67.13,2,0.1351,38722.97,0,7660.66,0
47,53074.22,0.0,4604.14,5,87.29,0,0.1613,22657.5,0,5251.54,1
29,50206.33,10.93,12594.87,8,66.46,4,0.153,7846.66,0,9998.0,1
50,65064.65,10.37,90438.39,12,75.9,1,0.3735,56109.61,0,24251.43,0
65,22076.68,11.48,22869.82,3,75.2,2,0.2912,14682.78,0,3600.63,0
37,70028.41,3.61,7293.61,4,58.25,2,0.5442,17224.13,1,8268.18,0
47,222112.01,4.18,19770.63,7,60.11,0,0.5437,10928.72,0,84623.92,0
54,52046.05,6.39,40752.62,6,100.0,3,0.4242,8243.46,0,2385.91,1
28,52129.29,14.22,2347.02,8,57.73,1,0.5641,21149.66,0,4391.47,1
64,76857.75,15.47,20726.24,3,77.92,2,0.4713,6562.68,0,15750.55,1
30,115322.54,10.97,13362.34,8,81.28,1,0.319,16983.04,1,2833.12,0
60,85290.98,8.66,4839.32,12,71.13,1,0.1881,54606.39,0,10664.99,0
53,20849.09,13.68,19219.27,9,82.74,2,0.3298,30455.11,0,54090.14,1
27,70871.09,5.72,16138.17,9,77.26,0,0.4085,20748.19,1,6832.11,0
56,174985.26,5.05,17656.42,1,58.08,0,0.458,8344.13,0,5359.78,0
30,72779.31,6.35,13623.05,11,80.59,4,0.1561,17251.14,0,2771.65,1
50,32712.67,2.11,7951.03,9,63.28,0,0.2643,10310.16,1,5430.41,1
68,62436.9,6.12,5621.11,8,99.85,0,0.2662,49398.8,0,9665.59,0
67,30908.27,1.41,10358.63,2,78.87,1,0.3851,12917.9,0,81951.12,1
63,95783.92,12.13,35793.76,7,60.8,1,0.3073,10383.21,1,10144.66,1
45,35772.74,9.72,21689.49,9,77.48,1,0.5986,15455.69,1,10586.61,1
48,56868.57,14.15,17030.96,8,57.2,0,0.3402,10414.17,0,11485.45,0
35,37387.34,0.0,7834.66,2,,0,0.448,21228.17,2,5470.82,0
66,43009.95,16.51,13346.31,1,68.39,1,0.5879,64409.59,0,1434.05,0
44,107350.69,0.0,32462.9,6,58.77,1,0.7018,18090.55,0,43976.25,1
58,57621.11,1.01,26955.81,9,58.57,1,0.5451,9435.01,0,20658.28,1
38,42763.81,3.9,12287.87,5,100.0,1,0.2126,16115.09,1,32598.42,1
57,32850.95,13.54,2228.32,9,73.46,3,0.4588,7394.58,0,14823.29,0
31,23690.34,8.13,10490.75,12,65.09,5,0.0179,100000.0,0,34049.74,0
56,31320.0,5.78,12233.97,11,62.32,1,0.2742,63497.07,2,2991.47,0
23,57841.98,3.04,8711.87,8,79.54,1,0.2158,43089.73,0,12560.25,1
26,85493.33,0.12,12933.63,9,61.78,1,0.4057,30458.39,0,19092.92,1
38,42741.7,12.66,34591.63,2,54.49,0,0.0888,16031.1,0,39312.86,1
44,111505.93,10.99,17470.86,2,71.48,1,0.184,16280.72,0,17452.43,1
55,39823.53,13.76,39730.88,9,71.36,1,0.2332,15426.75,0,17464.86,0
38,49413.71,8.98,5385.31,10,65.33,3,0.1645,95028.14,2,14707.81,0
21,33835.94,0.0,14102.05,3,57.74,1,0.3346,15734.68,0,3172.23,0
36,85899.32,0.78,3815.81,8,65.74,2,0.2617,12127.92,2,7033.42,1
42,141346.31,9.32,12795.71,4,64.49,2,0.3491,16729.79,2,7619.65,0
47,24891.23,5.15,7797.83,2,62.27,2,0.2718,25848.55,0,25399.69,0
52,47066.44,4.21,50167.83,5,76.42,1,0.4366,1572.57,1,19054.77,0
33,97172.15,1.48,24981.65,6,100.0,2,0.1606,23705.28,0,46544.14,0
50,28680.22,11.74,40537.82,10,93.31,2,0.4408,3036.22,0,18618.77,1
51,70975.94,9.28,12767.38,11,100.0,3,0.2474,50442.02,0,9904.64,1
59,95296.75,9.51,7961.34,12,62.92,0,0.614,5384.25,0,38060.71,1
46,56970.65,3.83,7761.08,2,98.8,2,0.1684,10258.9,0,3915.95,0
60,70453.4,7.88,22258.48,12,75.64,1,0.2504,4704.11,1,9236.06,0
31,121478.74,0.31,76592.64,7,87.78,0,0.3238,63493.94,2,5117.15,1
55,132174.78,6.35,25035.07,3,79.32,0,0.7445,17845.9,1,4376.16,1
23,53487.5,0.0,13337.21,8,66.51,0,0.3926,85539.65,0,4512.59,1
26,43283.14,0.0,15477.0,1,83.51,1,0.6895,72378.34,0,6616.64,0
63,36355.38,5.39,17554.87,6,79.76,0,0.4901,43157.91,0,14242.44,1
44,85367.64,18.88,91075.22,10,43.71,2,0.3755,6747.5,0,8752.45,1
51,29666.97,0.0,48291.65,12,70.01,0,0.2282,20210.6,0,15160.02,0
50,49090.96,0.78,22161.11,4,85.96,2,0.2891,46839.14,0,14643.15,1
55,57601.21,8.08,19651.57,3,76.44,0,0.4033,23630.83,0,1464.92,1
33,43859.09,15.85,22870.65,7,79.51,5,0.3435,13894.34,0,13792.1,0
29,62380.47,8.01,26730.15,2,59.98,2,0.3308,23021.93,1,6109.76,0
23,174402.21,10.51,12933.4,12,76.1,0,0.516,24625.0,1,2736.23,0
63,52071.29,5.31,9162.4,4,70.46,0,0.3484,6400.08,1,14712.88,0
31,45213.72,4.45,41105.75,3,68.74,4,0.1747,12104.44,0,12707.75,0
49,,7.41,18319.35,3,61.13,1,0.2297,28433.54,0,13699.77,1
43,61261.15,3.71,38449.82,5,86.64,0,0.3933,33196.5,1,22399.07,0
28,105112.82,10.62,67174.84,9,77.53,5,0.0903,21343.37,0,6498.5,1
41,59230.86,0.0,27299.37,11,75.91,0,0.508,13529.26,1,4912.0,1
25,49182.74,11.45,23979.77,9,100.0,2,0.0825,15736.69,3,11566.07,1
29,24647.04,7.2,150000.0,8,79.58,0,0.4809,10615.82,0,7916.37,0
27,26534.68,5.93,21242.16,4,91.21,2,0.1582,16735.43,0,136122.77,1
61,24077.28,0.0,7522.77,12,76.37,1,0.6071,32636.25,0,10395.7,1
48,65237.59,2.1,14373.58,12,66.35,2,0.4831,98504.69,0,11662.66,0
66,29794.41,12.99,62284.93,8,55.05,2,0.1902,7747.73,0,5265.55,1
42,96770.58,5.96,6391.94,10,75.86,3,0.5915,43689.38,0,4526.06,0
30,55753.72,8.39,9859.19,4,29.38,1,0.5644,23531.39,0,2557.16,1
50,49276.59,2.6,43619.89,6,76.36,0,0.819,5867.96,0,8449.01,0
66,37622.35,6.85,14484.44,10,77.05,2,0.2325,16810.19,0,9381.82,0
47,72773.34,0.14,16480.45,6,68.52,3,0.3165,15846.98,0,30230.91,1
21,38294.61,7.5,42481.56,10,70.52,1,0.4118,17979.62,0,8959.82,1
35,35301.06,8.85,10144.33,11,51.98,1,0.0906,37480.39,0,7767.3,1
66,93886.88,8.6,5559.4,12,94.17,1,0.448,71721.07,0,13794.86,1
46,64515.96,2.48,5925.49,4,66.6,0,0.2904,44563.91,0,10081.34,0
67,49482.3,5.29,28668.42,6,56.45,0,0.6294,20891.4,1,26166.32,1
45,73403.97,9.69,22146.45,5,80.71,0,0.3934,22580.95,1,40155.73,1
21,55221.51,5.94,10343.09,7,73.77,1,0.1351,77141.42,0,10632.52,1
63,65345.53,5.56,7123.07,9,66.27,0,0.4742,8578.63,1,4578.38,1
58,38082.38,16.52,14496.59,4,64.58,5,0.0772,42941.05,1,9620.35,0
56,139632.3,2.25,43973.43,3,71.91,0,0.3142,8062.93,1,13258.26,0
68,42372.7,12.4,9223.16,4,93.53,0,0.2043,6187.55,0,3252.64,0
30,110779.37,1.23,10593.33,10,79.51,3,0.3829,27999.6,0,8425.57,1
65,50518.63,10.27,6944.53,12,71.45,0,0.1977,5640.82,0,2842.71,0
32,79085.29,10.54,13415.91,2,85.64,0,0.6977,13672.68,0,15950.6,0
68,76533.9,4.45,23590.28,12,72.44,1,0.1022,47103.94,1,4042.01,1
30,92149.89,0.91,97759.18,1,78.42,3,0.325,9493.91,0,8178.03,0
47,37677.1,0.0,21425.82,7,74.42,0,0.361,63314.74,0,9537.71,0
59,89243.55,3.92,17243.4,2,81.44,1,0.431,3706.49,2,3440.11,0
24,126245.84,9.63,35899.42,12,64.89,2,0.2877,37388.35,0,11410.6,1
24,48955.97,1.61,31416.84,10,53.77,0,0.4957,6831.1,0,4153.75,0
62,55865.72,7.48,11338.94,5,86.51,1,0.2997,15710.76,1,41872.1,1
23,43457.45,0.0,113524.63,9,96.08,1,0.4979,20934.38,0,36542.73,0
51,47060.63,5.83,17652.28,11,54.53,0,0.7398,14772.41,0,31813.55,0
66,118803.81,1.26,21746.92,3,74.87,2,0.5642,15033.63,2,12618.97,0
51,35002.79,6.61,27978.9,8,64.82,2,0.2782,6519.59,0,15005.19,0
44,35994.99,4.49,23737.82,4,86.13,0,0.1466,48465.71,0,9435.34,1
41,113549.47,1.05,60988.78,9,75.95,0,0.8948,7610.32,0,17934.38,0
52,72848.36,3.71,11228.38,7,100.0,0,0.4766,7605.55,0,48309.21,1
49,142807.82,2.33,33685.84,9,67.18,2,0.2126,16815.61,0,4584.66,0
45,44908.89,0.43,20532.86,8,96.6,1,0.5232,11051.78,0,16452.98,1
28,58215.97,12.41,39509.86,8,98.15,1,0.7947,32374.77,1,2369.83,1
53,40854.97,5.2,15155.8,2,80.54,1,0.4404,12389.8,0,7636.99,1
57,58663.56,0.0,13599.59,11,72.59,0,0.2719,17985.18,0,10464.37,1
55,,3.88,32331.13,3,73.52,2,0.2428,19502.0,0,14735.76,0
24,74855.74,11.57,23969.12,5,72.16,2,0.6575,35588.82,0,20354.76,1
55,63618.0,3.19,9338.41,7,90.13,3,0.1596,12440.89,0,35986.04,0
56,53593.81,14.49,52818.5,11,58.04,1,0.2411,5585.2,0,3138.36,0
29,46139.49,2.72,32342.41,8,69.42,0,0.5741,10212.7,0,24219.52,0
62,36770.43,9.52,,3,67.49,2,0.4298,39904.39,1,56151.48,0
46,76310.0,12.18,12376.34,4,44.38,4,0.5612,22965.99,2,7910.77,0
44,32470.85,9.25,24087.1,3,85.74,1,0.3596,13888.81,1,7069.29,1
56,69247.45,0.13,30531.53,8,89.01,2,0.6156,18786.83,0,13366.14,1
45,139887.19,2.29,5028.45,9,61.85,3,0.281,14945.79,1,10474.68,0
47,107320.3,12.85,24310.7,9,88.48,0,0.3626,31241.76,0,9862.03,1
36,27939.06,2.98,30338.44,10,46.66,2,0.4085,22796.48,0,43656.22,0
66,43198.3,11.88,2741.25,9,,2,0.3385,14807.78,0,101910.32,1
68,66485.64,4.85,21058.9,11,69.98,4,0.4516,34217.38,0,8953.29,1
27,53287.74,7.71,31376.5,11,73.4,1,0.5209,41023.1,0,96148.07,1
56,29300.38,0.07,28647.74,4,73.32,1,0.2651,9457.71,0,8713.57,0
22,65413.28,3.96,34203.58,4,70.77,1,0.7548,9579.56,1,23710.15,0
39,54752.64,2.62,13850.46,1,65.8,2,0.5515,96647.29,1,4680.99,1
68,130161.97,8.13,7833.79,4,70.26,2,0.3526,27900.04,1,5418.43,0
29,49076.5,7.47,4265.57,7,93.81,1,0.6856,57910.9,0,8953.34,1
39,93031.18,9.31,43127.05,8,62.74,2,0.8005,33616.91,0,25358.94,1
31,31098.0,4.55,31589.48,11,100.0,0,0.1791,24827.98,0,14466.64,1
56,34630.3,2.35,45840.27,8,61.84,1,0.6625,4033.72,1,2730.94,1
43,76102.5,7.91,10077.03,12,75.84,0,0.0725,7656.52,1,3614.06,1
50,89569.25,1.85,34241.59,7,81.14,1,0.3125,28377.53,1,2532.96,0
67,35748.43,12.39,5409.88,11,67.33,1,0.3697,9553.62,1,15964.15,0
46,55599.16,6.43,8978.0,10,94.12,1,0.624,16225.6,0,13697.4,0
56,29536.38,5.37,19908.63,6,80.72,1,0.1007,34042.63,2,13462.96,1
25,50692.82,9.31,30598.1,11,68.72,1,0.3382,19792.84,0,13335.48,1
31,80153.89,6.62,68963.8,11,93.94,1,0.6536,23795.97,0,6060.75,0
67,45222.82,0.0,14854.76,4,55.75,2,0.371,47557.52,0,13963.36,0
63,49169.21,1.69,9004.93,3,62.95,1,0.0892,50970.96,0,43568.2,1
53,33079.88,12.29,8642.16,2,81.0,3,0.3104,17304.24,0,20009.49,1
39,41082.08,7.42,10382.22,12,84.82,1,0.6155,43909.83,0,4183.72,1
30,121326.24,0.0,106398.68,6,77.16,1,0.3485,9186.99,0,8872.01,0
62,56834.83,8.76,32978.99,7,69.96,0,0.3404,21096.86,0,6812.72,0
59,35033.15,4.2,43833.45,4,67.98,0,0.561,26751.31,0,26517.42,1
32,47736.0,2.63,14867.58,5,90.1,0,0.6103,16719.75,0,4630.62,0
49,26802.38,1.28,17976.27,5,75.85,1,0.2115,15408.76,0,14120.48,0
51,34846.8,12.0,31493.57,7,58.04,0,0.242,8221.74,0,8803.59,1
44,101441.88,0.0,12009.92,3,57.12,0,0.1672,17557.37,0,5953.7,0
66,51584.23,2.81,14258.1,10,96.22,0,0.4572,5838.3,0,14452.41,1
27,,7.6,10491.95,5,60.5,1,0.2427,16397.77,0,9824.35,0
33,52690.05,14.89,12583.39,3,76.36,0,0.0476,18776.13,0,23432.4,1
25,54116.7,9.77,18719.29,1,93.61,0,0.0518,30326.84,0,7729.72,0
54,73386.17,2.77,9327.84,2,80.67,3,0.6272,7900.8,0,4136.67,0
52,16521.6,14.65,22627.25,4,59.88,2,0.3505,22834.81,0,9957.12,1
69,60313.5,0.22,22601.97,9,55.75,1,0.2035,26820.38,0,15028.62,0
47,53800.85,8.33,15595.35,11,100.0,0,0.3261,17724.2,0,20785.65,0
28,107345.29,9.44,9285.03,12,55.34,2,0.4923,24620.23,0,10147.53,0
43,84897.01,2.59,19576.74,4,63.15,1,0.2742,21742.91,1,25626.82,1
25,33021.93,10.49,12018.51,8,77.96,3,0.5269,2915.06,0,3588.47,0
53,96187.13,4.43,18683.62,4,68.5,0,0.4714,9439.31,0,28981.74,0
54,48876.25,10.48,43331.23,2,81.18,1,0.4252,80664.64,0,20026.94,1
63,36610.29,0.0,6606.27,7,48.52,2,0.3114,28491.12,0,8050.7,1
37,60101.19,8.67,102428.07,8,68.63,1,0.2258,11813.56,0,30823.08,0
36,50203.61,4.94,16985.38,10,82.84,0,0.2568,23266.42,2,15879.14,0
24,109907.88,12.75,25024.2,2,82.9,4,0.42,29608.37,1,37881.62,1
41,64110.82,6.78,9856.9,9,62.84,3,0.7753,52939.92,0,5963.68,0
44,60333.03,13.25,,4,55.65,2,0.4917,13706.19,0,6491.75,1
57,82485.65,9.54,16278.91,4,75.42,2,0.3507,11859.83,0,19681.06,0
57,89938.44,6.36,13132.33,1,51.0,0,0.5154,12704.37,0,12749.29,1
27,78253.65,10.94,11358.42,3,92.55,1,0.4452,12066.08,1,3284.34,1
34,104177.04,10.97,14520.74,6,74.52,2,0.1617,11785.45,0,64585.69,1
46,72330.09,9.36,25154.82,3,60.85,1,0.2101,20522.96,1,58064.62,1
37,59309.91,0.0,20668.7,4,55.13,3,0.0577,13405.13,0,14256.38,0
22,96058.81,2.09,,7,61.87,1,0.5426,17234.51,0,6466.85,0
62,,13.92,10188.25,2,47.01,1,0.2574,66754.58,0,6600.02,1
56,55829.04,0.72,9728.24,11,79.92,1,0.3242,9205.92,0,16996.59,0
46,119347.9,11.41,12449.4,4,59.15,2,0.245,22786.18,0,43718.2,0
36,114114.12,10.53,26012.89,10,78.39,0,0.3029,8129.09,0,129750.87,1
62,54798.02,3.37,,8,80.6,3,0.3729,34442.13,1,9148.99,1
22,44846.03,0.0,34056.03,10,87.46,1,0.3795,39395.85,0,8710.26,1
42,106246.44,4.16,17978.89,4,76.03,1,0.3022,9806.07,1,10340.33,1
60,78847.96,17.39,24464.46,3,90.0,2,0.3736,11059.21,0,17333.36,1
67,63392.45,2.68,15730.65,2,94.18,1,0.1923,28705.02,0,5560.64,1
33,47583.71,3.03,4466.18,3,76.13,0,0.0762,14853.43,1,3519.93,0
52,63853.84,2.01,15144.39,7,77.1,3,0.3433,48539.65,0,9730.8,0
30,54465.33,13.07,13331.24,8,63.08,0,0.2597,7760.83,0,15860.3,1
26,40787.72,5.79,7839.19,10,56.2,1,0.1997,38256.21,0,56133.86,1
38,58288.35,3.87,11432.46,12,92.51,3,0.2454,86197.38,0,4542.4,0
64,61977.66,14.07,20054.33,10,81.69,2,0.1816,23684.75,0,33161.03,1
54,46451.34,9.9,7270.13,5,82.99,1,0.3658,11525.34,0,10945.47,1
44,82603.72,2.4,10193.43,6,62.55,1,0.4647,10447.89,1,9634.22,1
34,98229.62,0.88,62096.73,12,97.98,1,0.5615,16070.03,0,2969.04,0
27,85096.61,12.79,4993.85,9,68.34,4,0.5001,28893.46,0,17075.25,1
34,48570.75,7.08,15546.35,6,59.17,0,0.2927,6327.23,0,15368.8,0
28,77281.37,0.0,7080.36,10,62.82,3,0.2717,14490.95,1,92378.51,0
30,56963.79,0.0,9865.68,2,97.14,0,0.176,19737.14,0,9513.0,1
54,31539.71,1.42,15366.38,9,54.22,0,0.3153,53425.3,0,48574.65,0
27,74445.06,0.8,8168.71,12,59.98,1,0.3789,66258.48,0,9121.04,1
23,58738.33,0.0,28488.95,7,100.0,2,0.4901,16415.88,0,8822.86,0
47,176695.83,1.5,53053.04,8,87.06,1,0.2774,8285.58,0,2644.6,1
35,105964.6,2.4,35294.05,1,60.27,0,0.5477,19855.33,0,33774.52,0
43,75743.36,4.69,40856.35,8,54.7,0,0.1653,20359.41,0,13584.0,0
27,61526.0,15.46,5969.02,4,45.24,0,0.483,41291.64,0,11947.86,1
31,59205.13,5.67,14819.07,12,73.55,1,0.2817,13194.36,0,9241.68,1
42,35011.37,6.16,26162.02,4,83.65,2,0.4351,9007.6,0,14832.73,1
54,25148.27,9.55,36137.26,4,96.3,2,0.1266,17853.86,0,6327.27,0
41,37139.52,5.81,73189.66,5,41.7,2,0.5868,14186.56,1,17986.82,0
47,53831.59,9.0,42334.55,9,50.79,2,0.674,13925.57,1,5082.36,0
46,21324.16,8.4,36876.06,12,70.09,1,0.4756,9801.78,0,10637.36,0
34,43051.13,7.61,148005.32,5,100.0,2,0.4684,7474.89,0,18775.45,0
34,49200.67,20.83,19441.68,3,86.17,2,0.1303,27594.69,0,42595.94,1
41,49918.48,11.56,14283.79,10,77.96,2,0.5472,21653.75,0,14494.57,1
22,40835.74,1.59,20744.02,7,52.4,1,0.1159,10256.33,0,38547.38,1
54,47164.99,8.85,8656.67,6,38.08,0,0.2012,31954.95,1,11865.2,0
51,119472.4,3.04,19000.76,12,72.62,2,0.3996,4955.76,2,5172.27,0
36,74091.33,9.23,4521.71,6,70.41,0,0.4553,13528.19,0,78127.45,0
39,42742.67,0.12,11784.16,8,67.72,1,0.5868,20928.64,0,10814.69,0
37,53334.14,1.46,16413.51,12,65.91,1,0.2553,39089.95,0,28135.01,0
52,54303.69,8.72,38477.74,3,60.03,4,0.1296,12201.0,0,6863.55,0
58,38929.54,11.99,43782.94,11,56.36,4,0.2664,39535.45,0,19174.39,0
26,38908.96,9.51,8326.79,12,94.23,2,0.3647,11406.26,2,16362.3,1
41,86666.64,11.27,94745.89,6,57.82,4,0.1477,31989.07,0,11997.97,0
21,45532.68,8.87,20268.55,5,67.58,2,0.5275,58433.3,1,74518.06,1
43,33606.51,7.86,21810.85,2,71.37,0,0.2005,8938.9,0,17650.86,0
33,53942.57,4.48,4934.33,1,83.3,1,0.4682,20012.86,1,8593.18,1
37,57999.68,11.07,10960.81,12,58.37,3,0.749,26279.93,0,49478.68,0
43,22637.69,12.12,41688.73,6,87.65,1,0.4474,7533.75,0,2350.75,1
36,54000.72,6.68,20618.62,9,62.73,1,0.5072,24364.18,0,3230.52,0
40,81281.96,6.42,19621.45,3,69.41,2,0.2006,12108.17,0,26494.79,1
58,67382.57,14.96,21587.39,4,98.29,5,0.3399,9977.48,0,14716.66,1
60,150015.85,6.9,5673.51,10,56.49,1,0.3103,13383.88,0,7338.53,1
21,96576.21,7.38,16661.24,8,83.53,0,0.7363,12719.16,1,17080.09,1
39,105567.81,9.42,55536.25,3,88.07,1,0.4296,31527.3,1,31332.26,0
62,193905.68,6.51,42937.17,1,76.96,1,0.2672,17988.55,0,4636.13,0
46,77362.6,2.9,16284.48,10,,0,0.1092,90729.31,0,11090.64,1
31,59187.76,8.89,62884.94,1,100.0,1,0.5517,12367.97,0,12423.04,1
50,85243.88,6.81,6573.81,1,71.78,0,0.2814,25080.49,0,15808.37,1
28,42763.15,16.21,8273.14,4,75.27,1,0.4193,16198.29,0,21428.4,1
22,57730.87,10.94,79939.46,12,66.62,3,0.6733,7367.27,0,2041.53,0
51,41093.74,4.02,28581.23,8,74.42,1,0.2981,54799.41,1,19442.53,0
46,65787.26,10.65,14285.74,1,87.43,1,0.4227,19571.4,0,2153.65,1
58,41016.49,8.54,17220.78,12,67.6,0,0.4869,10419.72,1,11606.82,1
37,40375.18,13.55,9441.05,12,38.26,0,0.1154,23813.89,0,4642.16,1
62,66247.4,4.38,22457.98,9,80.22,0,0.1072,37105.29,0,14322.55,1
41,51695.1,7.94,21079.11,1,54.75,0,0.1792,9936.04,0,21844.79,0
57,23102.68,6.5,18288.63,1,83.87,0,0.3669,18645.72,0,12633.75,0
25,28569.3,7.29,7117.57,11,71.98,3,0.2614,37285.64,0,6666.2,1
25,32820.83,2.57,22246.32,10,87.09,0,0.092,20204.9,0,3671.46,0
59,36965.9,9.88,11784.23,10,56.83,1,0.4469,26530.43,1,11607.23,0
61,66275.72,9.09,8179.16,6,63.44,2,0.37,14962.27,0,8318.79,1
67,60694.66,13.43,49588.84,8,66.56,4,0.4493,5985.58,3,16244.49,0
36,88828.62,6.95,102120.03,3,48.28,1,0.4448,15091.33,0,8144.33,1
22,77176.42,4.94,85154.55,1,89.78,1,0.1387,12157.3,0,42386.45,1
69,89093.78,10.95,30279.47,3,45.99,0,0.2224,16677.58,0,12514.94,1
50,72320.78,3.03,14554.55,8,89.56,2,0.3336,12250.88,0,27450.84,0
33,60442.28,12.42,17014.86,5,78.79,0,0.3815,20278.78,0,7657.71,1
58,90201.09,12.41,24899.65,8,68.82,1,0.3719,14121.11,0,23253.63,0
65,83185.16,13.29,12860.67,6,77.52,0,0.13,31707.95,0,21040.29,1
34,65142.43,8.88,51698.04,7,77.08,1,0.4237,27697.41,1,6503.17,0
58,97447.67,4.57,3531.74,12,65.59,0,0.1721,9424.05,1,3117.97,0
59,19139.01,7.55,14207.8,8,76.77,1,0.4266,43378.54,0,37575.05,1
45,48261.05,8.9,34165.93,12,83.7,2,0.3259,10849.15,0,8223.21,0
51,47929.32,4.2,9154.49,12,56.89,0,0.1482,8193.56,0,6708.77,0
34,92392.01,13.67,14853.75,8,77.54,3,0.1656,37679.67,0,9157.89,1
66,111548.66,9.9,28941.79,12,29.98,1,0.4536,11890.72,0,5118.52,0
69,28638.51,2.54,60641.96,3,41.13,2,0.5321,19275.79,0,21155.85,0
69,103788.84,16.41,6393.11,7,81.03,3,0.2991,7307.47,0,11903.57,0
57,32465.66,7.49,6024.97,1,65.31,0,0.3591,13931.47,0,12578.86,1
23,32910.32,1.53,,2,58.34,2,0.2033,16603.49,1,33430.67,1
38,49496.63,2.85,5261.12,2,71.15,3,0.4054,13675.29,1,13127.2,1
42,47662.28,14.44,5569.3,2,65.66,1,0.8044,12562.38,0,49546.83,0
68,27277.04,16.12,8266.76,5,56.18,1,0.4348,18523.73,0,11788.01,1
47,73683.45,12.05,48287.2,9,45.78,2,0.5563,35995.52,1,3094.45,0
47,74668.95,13.6,14023.16,12,40.51,1,0.1445,9311.38,0,5403.17,1
28,88380.55,13.08,18457.52,12,83.82,1,0.3586,3068.36,0,6235.99,1
59,45253.42,9.78,8381.28,3,65.24,0,0.1651,42864.15,0,13282.0,1
37,54029.0,8.65,29880.36,6,87.51,1,0.1072,11353.78,0,47218.37,0
25,54252.06,9.7,80719.73,6,65.08,3,0.2001,12051.4,1,14220.46,0
69,117557.92,10.68,8848.68,2,77.68,0,0.6177,12287.86,1,9768.86,0
30,15362.4,3.29,71533.83,1,69.99,1,0.2542,7103.05,1,9134.12,0
21,35755.65,10.66,24092.76,5,72.71,2,0.2382,13652.7,1,19605.45,0
24,55137.31,14.29,18244.48,11,73.49,1,0.2996,14798.2,1,17441.32,1
43,33744.81,5.97,24790.76,5,64.87,1,0.343,24411.28,0,24602.24,0
26,48964.18,5.43,24601.14,5,52.33,0,0.2656,12268.04,0,6369.92,0
62,51966.5,9.38,79523.72,12,84.26,0,0.333,3258.96,0,90980.4,1
46,40910.0,3.75,27290.76,5,97.5,2,0.2709,7058.43,1,8800.85,0
36,56618.98,0.42,27750.6,9,98.55,1,0.4151,39299.52,1,6774.01,0
21,72966.49,12.74,12847.79,12,63.15,2,0.1394,9996.79,0,35166.24,0
44,49452.53,4.75,35220.68,2,60.27,1,0.0885,26375.7,1,27036.44,0
28,44853.23,7.09,8372.01,7,63.13,1,0.4556,10923.94,1,6722.34,0
68,51046.6,3.95,19640.13,5,69.19,1,0.1982,31796.42,1,22086.46,1
35,54816.26,13.38,150000.0,2,71.16,2,0.1363,19292.77,1,8178.34,0
44,25133.19,11.27,2427.88,1,56.03,1,0.1037,6517.16,0,17495.11,0
21,67696.36,5.8,21690.82,8,48.32,1,0.3991,7930.47,0,14821.87,1
27,44897.52,1.1,22368.87,8,72.8,4,0.3215,6344.11,0,118638.8,1
31,97030.36,5.27,14997.76,7,15.51,0,0.1975,34093.24,0,41938.74,1
23,71758.57,9.85,15283.23,9,70.39,0,0.3325,7457.59,1,31338.77,0
56,93117.59,7.94,19365.62,9,56.88,3,0.6748,13900.01,0,23900.79,0
67,34896.32,7.55,14713.55,1,84.48,0,0.2117,17016.59,3,3884.15,0
69,46535.21,8.06,21497.91,1,88.76,0,0.1216,21026.26,1,14174.23,1
34,31444.59,10.79,12185.94,5,89.14,1,0.3913,13035.14,0,8084.11,0
59,40044.73,6.79,90766.11,7,66.46,0,0.0612,5974.53,0,11458.55,1
45,96619.5,9.25,14713.43,11,53.84,0,0.2878,7733.89,0,12965.34,0
23,107415.44,2.07,28390.68,12,58.97,1,0.359,8619.23,0,2563.98,0
25,32808.03,19.77,10539.63,10,76.6,2,0.3168,2819.65,0,9294.53,0
47,44750.75,5.58,37973.41,4,45.67,3,0.4822,24348.78,1,13453.79,0
41,53146.12,8.02,32367.21,7,94.3,0,0.2742,25640.51,1,27598.06,0
21,71582.86,9.83,25173.2,2,66.71,0,0.4761,8500.38,0,5927.69,1
66,24913.72,4.95,7912.97,6,80.0,3,0.3148,44859.9,1,5892.02,0
56,26735.26,7.04,9859.64,2,43.5,2,0.7925,16708.07,0,5550.49,0
45,68556.96,6.98,69359.99,12,57.18,0,0.6399,32577.26,0,9012.18,0
69,22880.06,2.43,9772.7,6,41.51,1,0.5036,30984.93,0,4349.24,1
68,44982.54,9.19,30056.94,9,88.34,2,0.1732,16386.53,0,39610.74,1
68,59161.71,0.0,8453.96,2,69.44,0,0.6216,4348.59,0,24124.42,0
33,66312.8,15.76,40329.3,12,81.14,3,0.5462,20691.03,0,138166.43,1
64,51601.98,10.96,10394.26,7,73.01,2,0.2243,26019.81,1,7438.23,0
45,46653.25,10.2,8329.65,1,79.5,1,0.1346,11399.61,0,26032.37,1
56,80430.23,0.0,10180.74,5,66.6,1,0.5406,20144.79,0,4025.92,0
63,62531.84,3.04,11557.44,3,68.74,2,0.4955,17642.31,0,45037.55,1
29,41106.89,13.95,24881.15,1,70.53,1,0.3485,9235.67,0,9892.71,0
42,55941.61,27.76,19027.37,1,78.49,0,0.2822,16784.47,0,11123.72,0
27,65350.12,12.97,7495.08,9,78.91,0,0.079,12602.88,0,37818.53,1
34,119168.68,12.18,17602.03,11,100.0,1,0.3896,23404.33,0,35802.83,1
41,78349.44,9.62,7210.73,8,98.91,3,0.2263,11909.87,0,4967.61,1
62,95000.65,2.76,30120.85,9,43.54,1,0.373,10937.58,0,10907.99,1
63,41785.94,11.98,34879.32,1,69.71,0,0.1657,5719.92,0,43264.94,1
40,43443.05,1.49,17658.44,3,65.51,1,0.7065,84342.42,1,8617.38,0
37,49472.26,0.95,22369.41,1,92.48,3,0.2604,13112.59,1,15803.8,0
47,51558.93,0.63,73117.74,12,66.95,4,0.1273,8158.11,0,19475.47,0
65,34943.13,11.88,15867.76,9,79.43,1,0.4015,27462.76,0,42647.1,1
68,97222.61,6.71,8456.75,12,34.61,0,0.2428,20516.32,2,21887.41,1
32,81846.16,7.5,28609.19,11,47.78,3,0.7192,26419.73,0,9638.58,0
30,47931.75,6.92,7273.58,3,100.0,0,0.4015,28452.55,0,2050.0,1
55,73413.14,1.37,15209.44,7,72.8,0,0.6585,38796.0,0,22603.31,1
35,60802.92,3.65,11147.1,8,56.02,4,0.307,8542.38,0,14013.58,0
30,76039.72,3.9,10266.81,9,75.89,2,0.3362,19944.93,0,59334.28,0
22,30035.95,0.0,14736.12,9,55.15,1,0.2621,5959.83,0,20147.5,1
40,51510.5,4.48,36976.58,6,67.47,2,0.7337,14522.04,0,7206.11,1
40,53582.14,1.59,43593.44,1,48.76,2,0.3892,28784.27,0,3908.78,0
48,72818.65,9.89,37763.25,12,59.38,2,0.1816,9618.85,0,10274.47,1
30,41452.01,10.3,23557.75,9,65.34,0,0.4271,85796.75,1,16633.37,0
56,17856.44,0.53,14646.46,11,89.93,0,0.3757,18228.61,1,13185.85,1
54,33803.63,5.52,2729.48,3,79.42,0,0.1825,5069.0,0,3853.56,0
43,53509.63,16.28,24155.22,2,82.22,1,0.5744,29489.59,0,977.03,1
29,56604.08,2.1,2906.37,11,71.59,2,0.2528,85157.87,0,5071.44,1
45,117333.45,9.13,3863.9,10,85.17,1,0.4739,3761.72,0,1335.86,1
54,71490.82,7.53,15816.25,11,58.02,1,0.3838,29680.19,0,4960.4,1
39,57055.35,12.46,22243.14,6,60.28,0,0.197,9005.47,2,14913.2,1
33,54204.13,8.48,12547.28,11,78.52,4,0.4307,17331.9,0,44097.24,1
45,90397.42,4.84,61485.21,3,67.53,1,0.6745,7199.05,0,1325.84,1
38,42173.14,7.33,26050.92,10,71.78,3,0.568,32714.61,0,4769.14,0
40,51635.3,7.41,14744.14,6,69.37,2,0.5165,14403.56,0,17127.62,0
38,33688.85,6.54,54566.48,2,92.06,1,0.1973,40554.34,0,7999.75,1
35,104150.91,0.4,62957.66,9,92.89,2,0.4804,8755.14,0,13891.41,0
56,65625.06,13.22,27123.99,5,61.98,1,0.631,15576.48,1,16850.93,1
43,40002.73,12.33,9681.0,2,43.84,0,0.2539,3563.49,2,8283.58,0
43,52238.95,1.78,11590.15,9,60.62,3,0.2785,100000.0,1,35485.68,1
53,69177.53,5.5,5657.49,10,57.65,1,0.5564,69001.74,0,106803.13,1
38,49131.96,5.87,17399.44,4,85.31,1,0.3041,82752.9,0,4592.52,0
25,43242.4,1.22,7770.53,12,86.73,2,0.3022,52643.61,0,27636.59,0
62,40972.87,0.0,13833.76,9,55.5,2,0.4704,11902.39,0,79993.93,1
23,64062.94,3.65,22172.48,1,59.93,2,0.466,17452.29,0,44139.08,0
49,46815.24,5.22,3681.81,5,48.34,2,0.1908,22073.56,1,6454.37,1
34,44841.87,0.0,6549.43,12,74.15,0,0.3546,23394.24,0,8931.22,1
31,30147.6,7.88,11999.84,3,71.28,3,0.3068,8360.49,1,2523.36,1
23,56955.57,12.81,17259.28,12,84.63,1,0.2621,8071.23,1,7184.61,0
65,50692.74,11.21,12124.87,7,79.95,0,0.3619,7059.8,0,7383.21,1
42,47588.51,6.37,14497.23,9,81.76,1,0.4394,13353.8,0,18113.89,0
37,60146.3,0.0,10231.0,9,47.33,1,0.2205,14388.19,0,4315.88,1
57,77009.92,10.58,5645.46,7,,0,0.2157,13111.64,1,12805.53,0
22,75417.37,7.73,11734.94,7,87.18,1,0.0893,21460.78,0,14474.58,1
48,70531.61,9.12,15177.85,7,63.38,3,0.6741,6837.03,0,7890.26,0
45,49354.63,16.68,14042.1,8,45.96,0,0.6447,9897.76,0,25518.88,1
48,42614.05,2.88,19684.05,9,84.93,2,0.4017,10571.37,0,7989.11,1
27,34383.31,0.0,25165.84,6,62.76,0,0.8171,31932.94,0,16084.04,1
67,42115.37,1.73,31054.78,6,89.0,2,0.3945,20668.58,1,3727.65,0
32,55488.5,9.43,10843.12,10,71.71,0,0.062,22807.97,1,5955.23,0
54,38609.73,7.13,5102.52,10,67.56,2,0.4555,9361.55,0,28479.31,0
57,57429.55,0.92,49781.77,8,93.81,1,0.3392,18517.53,0,2667.11,1
37,35618.95,0.0,24501.36,6,51.16,2,0.2301,10467.56,0,23624.77,1
27,26046.59,5.23,8386.66,7,94.95,2,0.5545,10721.42,2,8936.92,0
35,79524.56,0.77,22477.97,7,61.77,2,0.1849,23314.49,0,1927.46,0
60,44426.97,9.6,42299.17,6,74.6,1,0.4149,11444.92,0,8041.24,1
65,37738.02,4.94,71787.69,3,74.75,2,0.1402,16718.44,0,23235.51,0
66,33619.36,3.86,21995.99,7,65.17,2,0.3258,14901.29,0,95688.39,1
32,66533.09,3.21,42018.43,6,59.81,2,0.6017,7912.25,0,64328.09,1
50,102109.08,8.32,6839.33,1,66.08,2,0.5444,12014.56,1,5193.8,1
28,45876.36,7.21,17490.35,12,55.77,2,0.3597,12149.91,0,24633.97,0
55,49915.4,8.01,13768.2,9,100.0,2,0.1367,13779.67,1,8019.58,1
41,89082.91,7.9,23675.19,2,64.3,1,0.7154,5095.37,1,6921.41,0
55,24352.45,6.64,65321.87,3,90.54,0,0.2118,10803.53,0,29674.16,0
54,133276.25,1.83,21983.3,7,88.43,1,0.3006,34078.6,0,14722.21,1
69,165203.55,3.35,,11,77.81,4,0.2736,24447.88,1,14772.57,1
44,16272.58,5.03,6551.02,6,69.83,1,0.2279,13609.29,1,2651.82,1
37,52638.97,17.33,67154.49,10,75.1,0,0.2931,7881.77,0,5029.12,1
46,39797.62,0.26,27150.8,2,81.15,0,0.3051,19310.55,0,5335.19,0
28,48822.24,4.91,25760.36,7,73.61,2,0.6095,35436.7,0,19035.74,1
26,45561.36,7.49,13672.5,10,46.93,3,0.3867,52055.02,0,23187.23,0
46,79251.38,5.48,22301.66,11,42.91,1,0.3756,12473.14,0,57214.12,0
61,52283.29,12.37,8172.74,3,96.14,2,0.427,8570.39,0,5144.5,1
47,36504.11,5.46,24535.73,9,29.84,1,0.4246,25219.16,0,58450.36,1
59,50899.34,5.83,7032.03,1,75.13,1,0.5924,23144.28,0,9493.9,1
29,69337.51,11.07,13503.39,2,68.24,3,0.1015,18131.97,1,12884.52,0
43,32286.8,16.05,10762.39,11,74.57,3,0.1569,11538.94,1,10801.73,0
51,26220.15,14.04,1329.07,9,53.76,0,0.0285,7200.75,0,15074.38,0
38,134837.11,6.32,13639.32,3,77.61,0,0.1022,28863.84,0,22475.25,1
21,41191.88,6.75,8769.49,12,75.3,0,0.5079,33715.17,0,30529.84,1
24,51703.44,7.23,15211.62,12,100.0,1,0.1853,13990.64,0,9630.68,1
66,45985.46,7.73,18024.83,1,74.08,2,0.1816,59605.66,0,12997.74,1
50,70384.47,2.76,74048.28,1,93.57,0,0.2674,21236.62,0,5285.24,1
33,122130.32,11.68,22968.85,3,48.02,1,0.5215,15925.2,0,22086.09,1
33,71400.4,8.03,23515.55,10,88.32,2,0.3396,7864.54,0,15246.37,0
22,27773.13,6.78,26758.78,8,75.62,0,0.3204,5474.18,0,5962.19,0
67,29502.58,0.64,36155.12,7,76.32,3,0.3829,12578.63,0,3919.03,0
26,45961.27,7.31,25888.41,5,76.54,0,0.5767,23301.05,0,13868.53,0
58,48746.25,0.0,22550.16,6,99.3,1,0.4573,92192.6,2,38891.55,0
32,25341.8,4.09,31796.92,8,76.08,2,0.173,18871.74,0,50021.4,0
37,79522.23,4.18,2583.29,1,59.45,2,0.5143,27247.24,0,3746.04,0
34,33733.42,8.43,95737.78,8,62.14,0,0.4318,10087.49,1,27825.09,1
61,107696.69,16.4,64209.79,3,85.07,0,0.6047,20830.72,1,24597.74,1
22,124788.19,9.86,21414.76,10,79.16,0,0.309,19009.85,0,41732.4,0
38,49186.5,14.24,5812.24,3,47.51,3,0.2368,9286.3,1,18410.09,1
34,67011.94,10.23,47401.42,1,80.23,2,0.4723,45929.14,0,8881.51,1
34,31593.67,12.63,10332.26,6,54.68,0,0.3355,16387.75,0,24342.68,1
30,72819.77,16.29,27589.76,6,79.01,1,0.3043,39021.96,2,1180.28,0
65,43954.13,3.34,6449.79,7,59.11,0,0.4015,18121.97,0,4916.06,0
39,33719.53,3.01,106857.62,11,67.5,1,0.6647,14273.33,0,5486.79,0
41,48285.55,10.34,5678.0,9,63.28,1,0.2184,10417.39,0,6550.15,1
39,44600.57,6.98,19021.32,5,96.3,2,0.2002,14085.12,0,3055.17,0
69,47513.38,8.1,3295.71,9,78.43,0,0.4414,50182.2,0,7220.94,0
37,84325.91,5.76,17416.08,7,92.18,2,0.2541,9595.57,0,7290.96,1
37,38626.74,4.02,12808.94,3,,1,0.3616,28697.14,0,9466.35,1
37,120072.24,15.1,44706.48,1,72.75,1,0.6091,14476.75,0,15492.48,1
37,30297.23,1.5,12807.98,1,96.03,0,0.1557,27194.58,1,3891.49,1
25,113781.14,10.43,44758.02,3,60.81,2,0.3517,20804.77,1,7983.74,0
50,34809.95,9.62,7933.35,10,92.08,0,0.0748,7078.54,1,11051.33,1
22,54974.93,0.0,14365.11,6,59.08,2,0.3129,20213.58,0,2262.3,0
32,44112.58,2.85,14597.38,6,71.71,0,0.2107,81972.72,1,11230.17,0
30,47118.01,3.69,26758.24,5,80.59,2,0.3901,22322.75,0,14876.15,1
35,78881.28,9.82,24169.01,4,83.11,1,0.4628,34443.34,1,23739.69,0
58,108013.39,5.16,32077.4,9,51.64,0,0.1905,22163.16,0,3658.34,1
50,93978.81,6.57,22283.27,1,58.13,1,0.3299,31253.48,0,10469.6,0
69,45839.58,0.0,30551.8,8,81.78,1,0.2948,10888.98,0,36623.93,1
38,59754.71,18.63,8776.53,12,66.12,0,0.5335,16533.19,2,2515.81,0
66,38682.92,7.36,24567.16,11,49.64,2,0.5722,33328.9,0,11927.17,0
23,35203.15,9.5,65165.91,5,70.86,0,0.2701,14087.06,0,3048.48,0
45,32835.09,4.3,4694.43,11,70.1,0,0.6019,38125.6,1,8152.55,0
60,45169.64,3.74,26617.75,3,74.83,1,0.3573,8916.4,0,5814.81,0
47,61538.05,16.56,30932.13,3,80.47,1,0.2512,18756.47,2,16806.26,1
66,23266.54,0.0,57934.95,5,79.45,4,0.163,15016.69,0,9199.89,1
36,53864.63,8.39,32175.63,1,59.71,1,0.3437,100000.0,0,3803.63,0
22,108803.61,0.94,19504.1,4,65.43,4,0.3492,13701.74,0,47266.76,0
58,91121.44,4.97,25391.9,11,86.84,1,0.7611,24155.84,0,14085.57,1
24,42266.73,3.81,9997.56,10,63.31,1,0.6117,4465.55,1,29167.8,1
58,29333.8,2.07,13197.1,4,65.68,0,0.5282,7947.79,1,4478.09,1
56,67643.88,7.18,6183.04,4,47.93,0,0.5083,22295.9,0,8423.81,0
62,19384.82,0.0,59145.2,5,71.54,2,0.5039,14964.01,1,29491.5,1
44,90640.63,5.42,25803.18,2,77.52,0,0.1485,15166.94,0,6110.04,0
64,49959.81,6.55,8649.33,2,40.39,1,0.4318,14337.63,1,11945.32,0
29,125388.68,0.2,22364.11,12,54.88,0,0.4678,15813.33,0,11313.44,1
42,,14.57,45506.26,9,49.25,3,0.5822,5432.09,0,1430.83,1
26,83137.76,4.03,39829.41,9,84.61,3,0.3071,16939.22,0,11279.9,1
58,52567.82,5.81,8569.94,4,41.4,0,0.1529,15438.39,1,8231.2,1
55,47387.59,4.04,1467.12,11,70.74,1,0.5701,37974.2,0,10335.73,0
60,29692.77,6.59,24696.97,3,83.49,0,0.3397,32297.01,1,6280.02,1
58,71910.32,13.54,8854.06,12,75.01,0,0.0284,2484.97,0,3761.78,1
36,74559.32,19.37,29613.6,7,64.96,1,0.2837,10763.1,0,5770.31,1
24,122810.28,10.73,38497.3,4,77.54,1,0.4885,63550.98,0,7469.32,0
66,86570.21,12.44,43872.09,10,88.59,4,0.7179,33937.28,0,20720.96,0
45,42101.37,15.58,72687.12,6,70.28,0,0.4594,25380.26,0,7250.46,1
25,,8.24,48397.94,4,36.18,0,0.4285,12660.17,1,13247.88,0
66,29710.84,14.85,72967.26,9,90.36,1,0.4311,30218.1,0,14381.23,0
69,106728.06,10.96,54250.92,9,78.4,2,0.3203,6231.76,0,7375.03,1
42,38750.93,7.72,58168.61,8,71.47,3,0.4111,12112.27,0,28765.37,0
58,107065.05,8.75,17421.02,6,40.31,1,0.3084,22914.24,0,8562.21,1
22,69659.26,0.0,6416.74,4,67.23,0,0.5186,27541.66,0,7242.21,1
25,63802.32,8.46,131129.84,5,57.99,2,0.1303,20943.92,0,32436.66,1
34,47906.08,0.0,18929.74,11,52.54,0,0.4225,23709.45,0,13574.44,1
53,74042.26,0.0,48102.7,5,69.82,0,0.4372,20192.29,0,1394.21,1
27,54618.43,7.96,11590.11,12,63.42,1,0.2827,14435.54,1,1096.35,0
22,46580.74,1.43,38920.06,2,64.48,0,0.259,46010.03,2,50350.18,0
53,75228.89,6.96,2545.69,2,83.83,1,0.7358,65780.08,0,12929.58,0
58,51549.67,7.69,12961.94,4,76.09,1,0.3665,17371.27,1,10261.7,0
57,38400.96,7.92,16637.23,1,64.07,1,0.2896,7906.52,0,1629.42,1
60,72042.43,2.48,26061.49,11,62.04,2,0.0531,15270.54,1,10519.92,1
60,53438.94,11.49,42435.76,5,64.72,1,0.5719,19128.2,2,4644.56,0
50,68534.87,6.55,7501.16,2,68.04,2,0.383,3831.99,0,9032.95,0
46,44839.8,9.21,30518.9,8,81.34,0,0.4414,45938.52,1,6229.9,0
62,31919.87,1.02,48024.21,12,55.32,2,0.1817,11514.07,0,9246.97,0
38,120074.99,6.11,117577.89,12,95.34,0,0.5937,10090.82,0,14283.63,1
25,110311.52,12.49,31679.64,2,81.36,0,0.4741,14192.05,1,16783.77,0
57,81862.12,11.85,12463.03,10,28.19,1,0.5728,12928.68,1,11314.83,0
34,46192.54,3.01,6507.53,5,73.37,4,0.0917,18728.53,0,13208.38,0
68,48047.5,4.27,77768.28,11,88.65,1,0.1619,31284.76,0,2408.28,0
41,102450.58,2.06,32467.69,8,78.22,1,0.0657,43958.93,0,11127.02,1
62,46904.31,3.72,17686.32,9,65.4,0,0.3797,31304.03,0,14456.36,1
23,41375.25,0.0,4925.95,11,71.02,3,0.3846,9303.84,0,11173.46,0
53,127719.8,6.31,8545.67,11,74.85,2,0.2731,16677.24,1,45703.84,1
42,53832.55,10.17,29827.42,2,84.31,1,0.6004,19368.37,0,9460.06,1
43,121890.68,3.07,23889.48,9,49.36,2,0.6069,22318.51,0,3643.71,0
33,29313.75,6.55,3793.57,2,62.32,1,0.4766,25352.18,1,11994.85,0
68,69443.7,5.9,29858.27,12,98.22,4,0.189,19007.4,0,7156.83,0
40,139675.29,12.28,5132.65,8,72.53,0,0.6621,16943.29,0,2540.87,0
62,55741.28,3.94,53174.5,3,96.45,2,0.1669,34051.93,2,9122.99,1
41,48839.1,4.12,21268.27,4,100.0,1,0.214,16402.24,2,45292.99,1
23,32519.66,2.77,12424.06,11,64.13,2,0.4199,35171.28,0,8609.7,1
64,89513.33,1.31,39745.44,8,52.84,1,0.162,31810.14,0,31812.47,1
30,38891.49,9.65,23883.1,3,67.75,1,0.3005,49763.86,1,22890.32,1
34,52702.84,6.32,51951.67,10,89.58,1,0.1896,20963.8,0,100997.93,0
63,31557.37,7.27,19196.97,9,91.82,1,0.4307,49449.66,0,18054.88,0
64,,13.37,20114.22,1,100.0,0,0.2122,14554.85,0,12854.64,1
65,92483.62,13.66,14327.37,4,71.41,1,0.231,22926.76,0,13005.33,1
41,54223.81,0.0,22214.51,11,79.81,1,0.4647,30749.71,0,15418.05,1
58,32719.33,10.24,70016.61,5,60.61,1,0.0997,8872.02,0,9497.15,0
37,109781.43,8.13,12039.11,1,31.89,2,0.641,13673.11,1,7593.66,1
57,46649.58,4.69,30227.01,8,71.37,3,0.2652,11278.1,0,18171.29,1
45,33447.97,8.64,,11,53.54,3,0.2858,17288.74,0,6790.57,1
23,24887.86,0.0,3445.21,7,82.29,0,0.533,12397.29,0,2236.0,0
41,41126.34,14.31,21249.61,12,41.9,2,0.2176,19393.8,0,3690.06,0
43,28581.11,9.57,24208.31,2,60.17,2,0.466,17044.28,1,52831.07,0
33,41556.91,2.67,16483.02,9,76.28,1,0.8685,14802.07,0,9005.06,1
39,76885.49,4.07,,8,77.96,2,0.2033,20004.02,0,23960.32,1
45,46451.24,0.0,22961.36,12,71.24,2,0.296,11164.09,0,6403.73,1
23,64547.1,5.43,22274.06,7,100.0,0,0.4904,9843.77,0,26715.26,1
28,39719.12,4.59,8840.53,10,97.11,0,0.5292,7807.61,0,17236.07,0
58,56636.82,0.37,6095.67,2,61.05,1,0.4481,5148.96,0,72012.66,1
38,130547.68,10.88,14709.03,1,97.75,0,0.2286,11185.08,0,39245.95,1
50,47017.25,13.38,30347.53,9,100.0,1,0.1247,26246.81,0,23266.76,1
48,65387.19,6.86,25120.78,1,70.02,0,0.1816,15673.57,0,7064.19,1
48,27189.91,5.47,8896.89,11,72.73,1,0.6757,18154.19,1,4165.03,1
41,109003.6,9.17,20083.77,1,71.19,1,0.0932,13559.46,0,10576.85,0
44,44371.18,6.9,36600.9,9,61.68,1,0.455,69611.16,1,12207.37,1
61,88241.14,1.59,7044.44,6,63.27,1,0.3,20211.57,1,8305.09,0
68,52034.24,3.74,18932.8,8,93.11,1,0.2594,12088.95,1,22635.78,0
33,72424.45,5.52,52566.79,8,79.0,0,0.2547,8589.84,0,12867.05,1
53,74387.56,8.24,6491.06,6,63.13,3,0.1988,59716.46,0,11973.91,0
68,44868.46,7.05,45367.35,6,57.18,1,0.5422,6746.61,0,47304.43,0
21,89899.38,8.05,65740.93,7,59.87,2,0.3993,10319.59,0,13185.14,1
59,39087.0,0.0,15068.51,9,69.38,2,0.2295,10323.82,0,3543.71,1
45,78054.21,10.33,13680.41,9,86.61,2,0.5591,17568.02,0,30157.6,1
68,46142.79,7.02,41134.5,6,58.24,0,0.0504,23078.65,0,14490.1,1
49,64369.14,19.76,15509.73,5,86.43,0,0.2742,18883.35,0,9390.05,1
62,44676.0,5.06,2739.76,1,75.15,2,0.5193,13944.97,0,5076.09,0
29,56250.92,8.62,16632.13,10,74.29,2,0.5884,6768.95,1,37337.06,1
27,33910.38,21.15,26224.52,3,88.41,2,0.1237,66023.26,1,54935.92,0
66,61481.35,7.97,32538.98,6,85.49,0,0.2853,21667.43,0,6551.83,1
46,56104.59,6.66,8898.37,12,49.53,2,0.3371,26781.2,1,15685.45,0
48,43131.95,2.07,14505.54,10,54.66,1,0.1777,11213.99,2,17814.41,1
29,53654.78,14.64,39326.46,5,68.33,0,0.5036,14620.12,0,2498.58,0
32,58418.65,1.2,17156.43,6,77.7,3,0.3796,40909.82,1,11537.23,0
61,41677.96,9.14,5298.28,4,93.83,0,0.2905,3844.83,0,2503.83,1
35,51903.79,4.63,48447.57,8,73.04,1,0.1029,30717.15,0,11804.37,0
49,34982.04,6.05,15166.41,2,99.26,0,0.423,15141.77,1,91984.38,1
36,158050.26,0.0,43092.41,12,60.69,2,0.2876,24084.32,0,3256.57,0
33,88582.7,13.72,5894.42,12,63.4,1,0.427,57731.53,0,64944.67,0
29,62191.95,5.61,16339.45,4,67.11,1,0.2403,12882.95,0,59361.72,1
66,93203.38,0.92,27062.81,3,58.92,4,0.6605,2715.47,0,11939.94,0
67,22571.08,13.26,16787.86,7,90.55,2,0.1755,8384.76,0,19078.21,1
26,17398.38,4.48,6986.41,8,27.68,2,0.16,18163.55,0,9298.33,0
38,45954.52,8.67,2666.93,8,63.94,3,0.133,57096.42,0,8024.07,0
48,29576.48,11.21,60884.82,1,90.37,2,0.1701,13717.23,0,14409.72,1
39,49444.99,9.37,21950.77,9,67.0,3,0.74,53196.95,0,5975.31,1
56,60332.97,0.0,45778.41,1,89.17,3,0.3648,3536.53,1,18369.7,0
33,83222.66,10.48,37837.74,5,100.0,1,0.2255,12652.65,0,12456.71,1
23,32954.06,6.5,29016.05,9,73.29,4,0.1913,37221.93,1,4591.92,0
37,65836.01,5.35,13919.66,11,90.7,2,0.2809,34850.91,0,22725.49,1
50,55357.3,6.45,26633.91,8,100.0,0,0.2413,4583.29,0,23267.13,0
29,64309.82,0.0,56622.21,2,78.43,0,0.461,9997.58,0,32970.47,1
60,43529.37,7.96,19235.94,9,71.23,5,0.4339,16338.02,1,7792.65,1
21,102487.82,0.18,82412.13,1,,1,0.1428,11307.88,0,30294.15,0
24,52496.91,5.57,5424.0,3,90.95,1,0.3351,40807.82,0,84346.1,1
45,122206.86,7.78,4977.09,2,71.38,0,0.4695,18162.97,1,12324.87,0
46,38538.52,12.37,39679.39,12,64.26,0,0.5162,6549.04,0,13352.73,0
35,76830.79,2.9,9350.01,5,99.48,0,0.4088,24849.92,0,22102.85,1
33,53542.86,14.26,92299.74,7,67.67,3,0.0606,25788.96,1,1708.81,1
24,47458.19,11.73,52470.17,10,91.1,1,0.3711,8051.83,0,3509.27,1
53,73103.42,4.85,64099.01,12,76.21,1,0.5411,9647.27,1,7310.04,0
39,48072.25,1.46,36522.22,12,100.0,4,0.5231,10937.48,0,8828.33,1
26,16600.77,0.0,8611.55,2,58.42,1,0.1435,46851.44,0,13274.93,1
40,15000.0,8.36,4772.63,5,58.38,1,0.187,16921.35,0,15263.14,0
66,97506.9,3.31,59537.57,5,85.67,4,0.8258,3833.69,0,3487.58,0
33,95674.28,13.0,5423.37,10,53.91,0,0.4452,7752.24,0,33849.86,1
64,128590.97,3.6,63961.43,5,73.87,1,0.325,29709.9,0,16195.27,0
33,54567.88,2.5,30755.34,3,96.77,2,0.2372,13526.13,0,12663.63,1
30,30742.54,8.17,16934.78,10,43.44,1,0.1173,7623.19,0,18660.28,1
33,45536.78,3.57,25636.32,6,78.43,1,0.2748,13810.94,0,6897.13,1
36,55283.48,7.04,26117.47,9,91.39,1,0.4224,35776.43,0,9681.7,1
26,34958.65,11.93,15309.04,5,71.59,2,0.393,82570.73,0,4528.94,0
49,115490.91,7.59,56312.78,6,57.17,1,0.3171,17284.26,0,1650.86,0
37,150672.63,7.6,54789.16,1,67.8,0,0.3356,25357.79,0,9700.34,1
56,68207.84,8.03,20387.04,1,58.58,1,0.2863,16780.83,0,56659.21,1
45,54731.78,0.0,11138.15,1,73.11,3,0.2656,20981.36,0,7192.92,1
42,30710.3,8.96,51169.06,3,67.57,2,0.3829,9420.32,2,2956.15,0
44,110302.7,7.8,3569.14,5,63.79,4,0.0524,49495.62,1,19948.63,0
28,56921.39,11.46,25674.18,1,79.46,3,0.2615,13059.22,0,7799.58,1
55,48289.26,10.03,32525.74,2,97.27,1,0.2507,8337.42,0,17788.31,1
26,68296.71,5.99,9278.41,11,77.25,0,0.2763,10506.31,0,21750.65,1
56,42256.7,12.16,39228.37,11,93.5,3,0.5563,28669.99,0,7606.67,0
69,58757.98,5.54,17624.03,4,97.26,2,0.4329,11035.82,0,17430.42,1
58,28738.08,8.24,11632.6,12,62.61,3,0.546,52041.95,0,11623.14,0
43,89704.63,5.44,38898.3,2,76.4,0,0.5514,28164.47,0,2041.79,0
36,52475.6,9.31,7552.09,1,65.2,1,0.1404,32898.67,1,7484.12,0
63,92646.72,5.12,36079.56,5,48.29,2,0.3335,13427.07,0,5686.68,0
33,50240.52,15.24,3685.83,4,77.69,0,0.2821,11650.62,0,3088.13,1
44,51730.28,17.09,22622.28,1,55.17,2,0.6661,18419.69,0,5597.62,0
58,31873.99,11.37,18642.56,11,79.75,3,0.2751,7840.98,0,21954.95,1
66,77418.35,14.71,11688.61,12,47.11,2,0.4748,25054.65,0,12152.41,0
66,37084.73,0.0,24583.41,4,74.74,1,0.5137,34207.81,1,2258.59,0
25,44187.55,0.0,16889.9,4,46.87,1,0.3092,11089.02,0,4415.42,1
65,55025.92,5.39,41851.53,9,82.78,1,0.664,29171.94,0,12165.07,0
26,58083.64,7.21,28176.62,12,65.71,2,0.3296,21512.36,1,11967.96,0
49,25523.24,6.01,25855.6,4,64.16,2,0.2182,39320.47,0,8993.64,1
66,49574.2,0.0,22733.98,9,90.02,0,0.3488,56877.35,0,23640.33,1
53,78664.09,12.76,12337.44,1,66.85,0,0.3888,31112.02,2,16726.72,1
67,46389.87,17.77,14138.89,7,73.77,0,0.3024,17304.64,0,7175.51,0
37,49709.89,13.4,21953.89,12,68.82,0,0.4019,41863.3,1,6534.8,0
36,59170.07,12.43,15669.0,6,80.12,2,0.4456,18606.08,1,10009.27,0
36,51969.19,8.13,43795.63,8,88.69,1,0.2643,14946.65,0,1839.98,1
38,34591.27,2.79,19397.26,9,85.37,3,0.1854,11746.22,0,15608.37,0
54,54107.75,7.36,24316.25,8,64.53,1,0.6761,19274.9,1,3873.18,0
43,86027.42,17.53,5860.44,9,91.34,1,0.2444,36378.55,0,35640.49,1
57,34271.15,5.24,38281.09,11,57.34,2,0.3295,8743.7,1,2570.57,1
41,46470.44,4.73,11307.12,1,60.12,2,0.2153,7555.41,0,16735.79,1
36,29535.68,12.54,7816.59,11,69.96,0,0.4451,7661.18,0,1999.31,1
30,84011.61,12.87,67176.3,11,88.75,1,0.1959,36807.02,0,6711.57,1
48,52760.98,2.76,31452.2,11,53.28,1,0.5735,23786.92,1,17130.71,0
65,37515.09,5.69,39332.39,5,86.26,0,0.2386,50526.78,0,27400.07,1
63,57331.64,4.49,25892.9,7,71.12,2,0.2167,12516.84,0,26185.8,1
33,31999.27,7.35,16707.39,5,65.06,0,0.5923,7648.25,0,22274.92,1
44,34544.91,12.52,14392.23,11,89.56,1,0.2729,53531.0,0,24613.98,0
55,28510.52,2.98,33570.91,5,59.16,0,0.642,10757.01,0,26559.51,1
51,34031.36,12.45,44539.97,4,100.0,2,0.458,28889.45,0,7210.14,1
24,101304.93,7.51,17044.45,9,69.17,0,0.5954,7073.95,2,8460.96,1
49,39544.63,18.63,94481.69,1,74.4,0,0.4824,20428.19,0,21923.48,1
22,67838.81,8.59,15371.53,5,96.69,1,0.6116,16057.52,1,31921.09,1
26,37750.46,6.52,5901.25,3,74.81,1,0.512,6643.29,1,10305.65,0
53,77410.57,9.87,4541.03,5,91.02,2,0.7863,67675.96,1,7269.77,1
26,34660.35,5.31,4665.3,6,40.75,2,0.1268,9665.24,0,7053.96,0
37,55979.51,0.0,12927.05,1,64.92,2,0.6243,9353.33,0,5569.9,0
49,56323.75,5.8,14950.69,11,78.35,2,0.4179,11385.29,0,17897.74,1
53,156780.32,5.72,31076.49,5,89.3,2,0.2368,3915.7,0,32514.62,0
42,73041.27,0.0,17592.72,5,84.32,1,0.3439,14315.79,1,18141.31,0
25,42120.16,6.63,35341.88,2,82.82,2,0.2179,11387.43,0,11533.92,1
60,74858.92,0.0,18658.21,12,88.98,1,0.5706,36053.03,0,65870.27,1
67,143956.58,5.26,18195.77,11,79.6,3,0.331,22455.32,0,11799.79,0
64,26416.71,8.22,11340.27,6,37.71,3,0.3714,7410.58,0,41156.97,1
57,37645.61,7.48,56173.35,5,95.08,2,0.1838,11393.21,0,4466.49,0
40,49438.49,4.94,5286.65,6,58.6,2,0.213,81400.16,0,14479.78,0
63,45587.95,6.57,22906.48,12,77.02,2,0.2686,9507.27,0,4926.01,0
44,47351.22,3.08,15565.41,3,74.9,1,0.132,32035.62,1,5209.01,1
27,30582.52,7.05,33642.01,9,72.76,1,0.1602,11181.93,0,5767.86,1
62,103452.59,7.29,17702.54,11,54.3,0,0.2412,8919.51,0,12678.04,1
36,28996.04,2.5,18124.9,10,40.98,1,0.2802,12318.02,2,7902.96,1
66,50261.4,8.34,14542.28,11,55.96,1,0.2342,50382.78,1,1860.89,0
39,88054.59,8.31,54870.56,12,85.22,1,0.1359,6444.49,0,8105.18,1
63,54257.98,6.17,18034.68,1,48.85,3,0.3596,28502.05,0,6831.73,0
47,35396.25,19.11,87016.06,3,57.92,1,0.2362,42265.8,0,2486.33,0
43,29976.96,6.3,22380.04,2,78.69,2,0.4918,12231.12,0,18035.61,0
35,49592.2,5.6,18316.08,7,55.56,4,0.4769,36172.07,0,21835.83,0
61,39121.41,4.89,16024.36,5,63.31,0,0.2812,32438.54,0,20903.96,1
23,60321.41,2.15,28269.1,1,73.31,2,0.4252,10234.55,1,55578.67,0
43,29273.43,10.43,11242.0,7,76.52,0,0.4159,9258.18,0,4371.3,1
39,79296.92,3.57,20225.93,2,55.24,1,0.1412,16160.97,0,4469.3,0
47,57935.51,4.16,18117.56,5,74.26,2,0.1928,19415.88,0,11634.03,0
33,59904.98,4.31,23349.37,5,78.38,1,0.5518,13895.31,0,10780.63,1
53,105195.21,2.08,23816.91,11,51.63,2,0.306,26733.16,0,13532.95,0
39,45165.12,0.0,24827.89,9,75.44,0,0.414,10472.2,2,25464.1,1
30,39674.78,4.69,19419.85,8,60.53,1,0.3174,9508.97,0,9532.03,0
30,42984.5,11.37,63150.87,10,73.98,1,0.0736,18049.82,0,30401.0,0
55,50435.55,7.98,25239.92,3,83.57,0,0.3195,21121.92,0,5993.77,1
33,52794.08,14.8,144772.1,4,69.18,0,0.1327,45092.69,1,7603.57,1
36,37845.77,10.75,18732.37,10,86.61,2,0.3515,24739.5,0,4414.61,0
51,22130.24,9.62,38764.4,9,84.65,1,0.3248,29576.0,1,556.87,1
37,42730.59,16.41,10069.71,1,86.53,3,0.2961,14137.92,0,2483.75,1
40,64667.24,6.51,55202.22,3,78.45,2,0.4098,14205.08,0,26852.32,1
32,58477.93,7.32,10246.59,3,89.61,1,0.5738,11536.16,0,32368.96,0
37,94361.46,6.94,25921.54,1,78.16,0,0.0148,20457.2,0,3795.09,1
54,132595.37,14.72,14568.04,8,45.32,2,0.0954,19931.12,0,27749.33,0
47,77403.61,7.01,25841.4,1,59.33,2,0.5362,19262.49,1,1348.96,0
69,102459.49,3.76,14917.5,11,68.62,3,0.2903,15619.94,1,4742.5,0
58,77663.21,9.94,9573.22,8,70.6,1,0.279,17470.7,0,7878.08,0
21,118722.38,2.92,14484.77,10,77.72,1,0.3921,57407.33,0,30977.36,0
39,126496.84,9.67,61783.47,6,59.09,2,0.2379,21810.73,0,60988.8,1
35,84382.29,9.07,26158.99,12,100.0,0,0.4991,27079.08,0,7909.72,0
49,75580.95,6.05,6419.19,4,70.36,0,0.459,24992.64,0,11283.27,1
34,50148.0,9.83,43236.19,7,71.88,2,0.4261,15933.35,0,30616.74,1
68,53986.36,0.0,8821.22,1,61.27,0,0.3373,26211.16,0,90734.35,1
35,47243.09,7.81,32624.36,10,55.95,5,0.043,18264.14,0,34954.79,0
46,72740.36,4.69,28019.59,7,69.98,0,0.4544,7501.99,0,4038.09,1
27,39772.53,21.31,29471.39,3,72.44,2,0.1307,11988.22,0,26395.99,1
65,50467.79,7.78,79275.02,10,70.61,2,0.2577,72662.01,0,6709.21,0
65,19058.38,4.02,9276.27,12,98.48,2,0.2904,40737.51,0,42342.38,1
59,119429.19,0.11,29341.64,1,69.98,1,0.2482,14602.11,0,21212.64,1
38,49805.21,13.53,49305.85,11,70.63,2,0.6318,28870.53,0,4779.56,0
23,67514.63,5.25,10758.52,9,85.04,2,0.2639,20977.6,0,32445.0,1
55,105989.2,3.04,9912.23,5,69.26,0,0.3027,60965.89,0,19316.64,0
42,62957.84,8.68,14305.18,8,80.63,2,0.4212,16439.05,1,17175.5,0
69,,10.25,23339.76,10,51.54,3,0.493,21062.7,0,12328.25,1
55,31454.79,10.17,5824.02,6,51.66,0,0.3354,10302.89,3,7490.33,1
47,161766.29,7.1,27980.09,8,73.95,2,0.3528,16383.81,0,20915.05,1
69,89705.56,7.8,5833.76,1,68.29,1,0.0275,2642.06,0,87036.8,0
60,60429.31,8.16,50654.92,12,59.06,0,0.0733,21588.64,0,66839.47,0
43,104440.64,8.68,27150.22,12,73.95,1,0.3369,36337.13,0,10165.03,0
21,32506.74,9.12,83169.75,3,75.35,3,0.051,58846.65,0,1806.5,0
25,48301.2,12.47,30734.9,6,60.64,1,0.7107,25205.25,0,7330.76,1
42,105345.55,7.28,14105.48,3,63.7,0,0.3338,13937.69,0,13686.1,1
48,23739.87,2.92,9501.31,5,,2,0.1526,10128.59,1,15512.01,0
22,70777.36,6.28,21790.73,4,55.66,0,0.3778,12905.52,0,26937.36,1
27,69882.3,10.77,17569.62,11,62.34,1,0.0525,5879.26,0,23067.98,0
55,133417.7,0.0,46492.13,9,80.54,2,0.1549,15090.87,0,23376.8,1
57,26977.5,0.0,8563.22,11,71.62,3,0.4933,7632.55,0,6785.72,0
22,113484.6,11.59,90657.93,10,64.36,2,0.0828,11849.83,0,7494.56,0
45,42758.64,14.6,49908.6,9,57.55,0,0.1797,15600.97,0,4533.95,0
24,44978.24,0.67,,2,55.79,0,0.544,22667.46,1,15163.01,1
56,31735.35,7.5,75840.2,10,69.89,1,0.7077,5666.56,0,26142.44,1
61,33710.18,5.0,9620.24,10,100.0,1,0.3325,14156.78,0,31407.04,1
63,65951.41,5.7,21217.87,2,81.05,2,0.2706,29095.61,0,1255.42,1
50,33340.87,8.53,6483.07,2,50.67,2,0.3836,47951.77,0,18326.79,1
51,76742.92,0.54,,10,83.32,1,0.3573,17087.33,0,4697.69,0
66,40812.91,1.46,4818.5,5,59.86,2,0.4295,83797.9,1,20411.35,0
51,31863.72,5.49,5686.06,4,71.92,3,0.4028,29387.68,1,4669.75,1
42,43372.22,6.27,10833.05,5,62.58,3,0.5393,18794.08,0,23242.19,0
57,63997.97,1.37,51843.56,11,100.0,0,0.4653,42981.47,0,6700.87,0
49,48546.6,10.95,38638.44,5,53.85,4,0.2444,12621.57,1,6829.96,0
62,55853.25,4.91,19846.19,5,77.02,1,0.1789,8643.99,0,24731.29,0
46,75235.75,4.89,40670.9,5,61.03,0,0.3036,34487.0,2,7304.31,0
63,89516.49,8.41,16412.46,1,83.82,1,0.4956,26097.52,0,28440.81,0
23,47836.56,6.36,25237.09,1,76.7,1,0.1867,37387.5,0,23397.65,0
22,34378.57,11.19,67474.69,5,92.07,3,0.334,36787.95,0,10856.49,1
25,56915.95,2.33,14777.07,1,83.49,3,0.1809,73522.29,0,7978.55,0
48,67974.01,0.01,9750.06,10,60.9,1,0.3002,6516.69,0,37845.41,0
55,28502.93,5.45,26223.85,6,100.0,0,0.2176,14044.41,0,25327.53,0
31,36839.09,7.3,32543.94,7,80.89,0,0.1878,14714.84,1,52622.65,0
28,39793.32,0.8,19662.83,5,63.19,1,0.4194,40734.21,0,2500.3,0
63,50089.59,0.06,40168.25,10,75.29,2,0.1383,23366.28,1,9250.91,0
57,39050.98,7.91,15323.15,6,82.09,3,0.5986,40845.02,0,7965.19,1
52,75603.42,3.21,19933.64,1,81.48,1,0.1446,21945.65,0,19027.22,0
44,26709.61,0.0,24289.2,6,79.94,0,0.5868,17768.69,1,5107.6,0
41,27016.82,11.83,22652.28,3,87.46,2,0.387,28987.76,0,5798.38,0
22,47327.11,3.84,65430.54,8,85.89,0,0.3908,21612.49,0,12450.74,1
30,50819.97,12.75,24191.87,7,58.44,2,0.0665,23646.19,0,2218.45,0
64,28581.04,7.14,14115.17,6,100.0,3,0.5049,28408.71,0,1962.98,1
37,41858.56,8.47,27460.73,5,100.0,1,0.422,24385.64,0,10818.56,0
55,45918.29,5.94,40344.39,8,84.82,1,0.3355,35812.33,1,130792.35,1
55,46078.62,0.0,33440.24,9,72.62,0,0.4349,18664.71,0,13290.88,0
36,58890.5,1.32,31989.82,11,72.89,0,0.3103,20269.08,0,8550.79,0
31,40838.39,6.37,5429.96,12,66.82,1,0.2987,8932.85,0,17692.74,0
54,106949.8,8.82,2450.67,1,68.89,0,0.2268,35820.61,0,20195.22,1
25,68513.12,0.0,49928.07,8,37.01,1,0.1583,59637.58,0,10692.33,0
45,38249.56,6.73,25570.97,2,96.48,0,0.1031,5098.22,0,6529.67,1
64,57389.61,1.39,17691.95,6,90.84,3,0.3929,28192.28,1,2925.16,1
55,58156.64,8.17,31369.06,9,45.17,1,0.2425,16251.6,1,26989.6,0
58,95007.69,6.9,84117.93,7,86.24,3,0.7143,15820.8,0,7855.93,0
25,41978.65,10.72,55767.8,10,71.88,1,0.5535,27930.9,0,18388.35,0
30,77682.93,12.33,38867.1,11,68.82,2,0.1341,17629.47,0,31059.07,0
34,56045.72,9.29,8855.08,12,79.89,1,0.2844,23692.27,0,9103.88,0
35,107612.64,11.3,9825.09,9,44.12,1,0.2312,13993.52,0,3209.23,0
30,98320.68,5.25,2667.78,9,71.82,2,0.4828,51610.06,1,9787.13,0
68,60097.84,21.12,29879.8,10,73.27,1,0.6378,15291.2,1,10432.77,0
29,48876.95,0.91,43696.74,3,73.29,1,0.3651,10564.63,2,18737.18,1
55,69082.8,4.36,46642.6,4,50.12,1,0.7445,22948.43,0,7172.04,0
49,50710.38,11.51,30898.76,5,79.15,1,0.5099,10033.35,0,6850.02,1
50,117151.9,10.76,15912.71,9,88.96,1,0.2683,21215.9,0,8481.67,1
31,56976.83,9.44,11461.0,5,78.52,1,0.3669,57016.11,1,16770.42,0
36,45823.36,10.38,9300.61,2,68.33,0,0.1968,17444.07,0,26973.91,0
50,44723.83,0.0,15794.03,10,100.0,3,0.2162,6975.02,0,97994.03,1
35,31863.69,14.95,8232.67,9,57.21,2,0.4764,13460.95,0,68095.89,0
55,70653.3,5.98,73342.12,8,84.38,1,0.3422,31787.97,0,10640.26,1
22,38028.21,13.23,6350.13,11,75.89,1,0.5292,19398.45,0,6283.77,0
24,90152.25,0.0,15374.79,10,100.0,4,0.5771,29408.17,0,6847.04,1
56,30738.39,8.28,3824.38,11,78.19,1,0.27,11559.41,0,3682.25,0
51,58241.13,4.18,22819.5,4,81.62,1,0.2086,13490.69,0,13420.26,0
23,92289.82,9.86,17965.71,2,80.09,2,0.1912,28048.18,1,4921.16,0
65,20880.63,8.59,13530.41,5,55.07,1,0.4406,55589.82,1,4431.13,0
21,136394.67,8.83,8534.74,10,58.1,1,0.1269,13725.83,0,4702.14,1
67,45420.1,1.71,18035.49,12,67.59,3,0.1369,18477.44,0,26696.24,1
56,58605.36,6.72,11644.14,2,87.32,0,0.2472,38873.21,0,11140.48,0
69,71128.3,6.1,16133.17,11,75.73,2,0.3302,19729.33,0,3520.0,1
67,76255.63,9.48,86169.45,6,68.69,2,0.3079,28129.34,2,26521.94,0
36,62214.06,11.95,20658.22,10,93.96,3,0.0861,10721.68,0,35057.93,1
58,86155.71,7.75,27568.27,9,40.28,3,0.2227,18044.81,0,7933.82,0
31,69471.39,0.62,12413.69,1,51.27,2,0.4304,11651.14,0,5928.13,1
44,121477.58,7.54,9610.18,6,32.05,2,0.4471,5531.58,2,5472.77,0
32,69573.28,20.06,17672.43,2,91.33,0,0.3803,9691.45,0,15235.52,1
44,133142.39,15.23,133421.4,5,70.45,1,0.1397,24633.78,1,27257.11,0
63,82501.68,0.0,14302.43,10,87.46,0,0.352,26486.85,0,13965.61,1
42,24403.97,7.32,24035.26,9,70.25,1,0.4238,30826.86,0,3574.41,0
25,178097.19,11.66,9278.06,9,88.37,0,0.1191,25704.02,1,31269.85,1
36,42473.41,6.09,1986.06,8,69.97,2,0.5607,15409.29,0,11427.63,0
59,107805.43,4.7,9568.79,1,78.56,1,0.0512,4988.82,2,10014.46,0
46,55667.15,5.67,120897.05,7,76.22,1,0.5803,8080.83,1,17687.01,1
48,88661.33,9.76,28982.26,6,77.4,2,0.1695,39005.15,1,30690.94,0
42,40347.03,1.26,66894.12,7,98.96,1,0.2539,9982.89,0,4306.49,1
35,72887.58,12.94,13628.92,3,46.01,0,0.1442,17085.38,0,3587.71,1
50,,6.72,2731.65,9,70.91,1,0.2319,18808.28,0,11493.12,1
52,111931.22,2.32,7414.26,8,75.17,2,0.172,6825.95,0,11615.68,1
65,67002.76,12.62,24729.37,5,72.77,0,0.6197,22712.58,0,27031.62,0
51,83806.23,0.0,21768.48,1,65.63,3,0.1602,52447.8,0,37561.06,1
69,20769.77,4.22,17850.52,1,63.44,2,0.1158,17765.25,1,7630.65,0
61,52922.34,4.14,11777.28,5,96.48,2,0.2395,14907.57,0,16125.64,0
24,66160.36,17.72,38173.6,7,70.87,2,0.2604,8000.45,0,18145.05,1
40,60822.51,3.57,12052.77,12,100.0,2,0.1576,14859.71,0,19806.73,1
39,84762.56,0.0,23026.03,9,80.45,2,0.3456,26291.8,0,2789.46,0
21,46650.16,4.09,21044.4,6,67.37,0,0.316,17919.9,0,19190.72,0
29,,9.28,13404.22,4,80.84,3,0.072,13231.16,0,5678.04,0
58,93586.41,10.92,8893.63,3,73.74,1,0.716,36397.53,1,20078.18,0
38,19725.72,18.38,12788.01,2,93.47,0,0.6691,14988.3,1,4236.93,0
28,71703.6,14.03,80581.51,1,53.32,1,0.5729,13341.53,1,12649.82,1
35,47327.19,7.94,43830.51,11,43.18,2,0.2003,19870.14,1,9081.45,0
34,36480.94,2.54,40718.51,1,77.78,1,0.112,44937.27,0,81581.01,1
29,63993.28,15.12,9594.6,11,85.37,3,0.4869,16154.42,0,5353.41,0
25,95553.5,5.16,5698.6,8,76.57,0,0.3375,9684.19,0,5003.41,1
58,87790.03,3.71,43274.66,8,82.76,0,0.3653,26375.71,1,44812.76,1
61,51755.58,4.91,37121.1,12,80.41,2,0.5155,14269.75,0,25728.8,0
45,81566.34,0.74,20088.97,10,48.31,1,0.2344,26542.81,1,14860.23,1
51,81285.18,4.67,13382.39,2,76.5,0,0.5993,4289.95,1,7516.74,1
66,52879.52,5.83,5580.15,12,93.07,2,0.3305,18469.97,1,4101.73,0
62,40263.56,10.65,36027.85,3,74.75,5,0.6124,15124.84,0,7832.97,0
22,41325.42,5.06,46491.98,7,51.04,2,0.3217,9195.0,0,7122.44,1
67,80187.46,0.66,10455.18,8,66.66,0,0.4032,7700.66,0,6135.64,0
24,53966.7,0.0,9779.54,3,80.91,0,0.5877,14795.65,0,7270.34,1
22,34348.25,8.05,48580.46,8,100.0,2,0.5613,8514.5,0,6971.79,1
40,25768.3,7.36,10771.25,8,40.7,2,0.2656,2257.57,0,27473.19,1
57,79970.46,4.23,74710.45,12,77.78,1,0.6638,7906.37,0,3295.46,0
24,43003.56,4.66,16496.2,11,57.08,0,0.1545,7670.29,0,16459.81,1
35,63816.24,8.94,13211.96,5,80.12,2,0.2947,18372.49,1,14712.75,1
33,96081.93,13.95,18661.42,9,81.41,1,0.2094,7831.86,0,10896.43,0
40,30518.02,3.1,13211.22,10,68.27,3,0.3795,17991.61,0,21080.35,0
69,53894.12,7.44,44315.82,1,82.11,1,0.545,9236.56,0,17021.37,1
37,50933.5,11.79,36562.38,9,90.24,1,0.6829,31128.47,1,12668.2,0
31,,3.12,42985.24,12,69.37,1,0.4308,23397.44,0,31236.39,0
26,96058.29,6.92,20863.21,2,50.61,0,0.4479,14589.31,0,1269.21,1
30,30237.41,6.81,12494.5,10,94.81,5,0.1524,19908.04,0,83168.78,1
27,71075.47,0.44,17869.95,1,85.26,1,0.6058,26915.41,0,33293.07,1
49,87489.51,7.84,12804.73,5,81.02,1,0.176,18787.18,0,54770.76,0
41,50575.31,7.16,58186.24,10,60.94,1,0.3639,19869.67,0,5285.31,1
45,51701.25,9.78,40132.67,12,87.77,2,0.0507,4117.5,1,12420.81,0
61,66395.91,1.07,16729.16,9,100.0,1,0.5919,12522.44,0,15440.26,0
49,64231.96,7.05,8577.92,9,70.06,2,0.0426,10437.12,0,8361.86,1
28,71478.15,13.91,61746.88,4,73.51,2,0.3443,37560.66,0,13741.34,1
39,70803.57,17.39,20079.9,10,54.96,2,0.5031,13695.69,0,14822.39,1
36,35355.21,13.4,16219.88,8,60.49,0,0.3995,11224.03,1,3978.08,0
61,85880.18,1.11,62183.76,12,54.81,2,0.8102,27031.68,0,22840.99,0
36,92980.11,9.26,11970.11,8,74.09,0,0.4606,6215.7,0,21206.62,1
27,59803.88,4.58,13946.52,1,66.55,2,0.0841,16946.24,0,6375.42,0
57,28077.35,8.42,14965.76,7,77.96,4,0.7022,4512.73,0,3644.2,0
41,52232.12,3.14,6278.41,10,57.73,0,0.4326,10871.9,0,13181.22,1
25,60028.28,0.0,23172.36,10,69.32,1,0.0885,13017.84,0,5612.88,0
54,32860.23,5.28,9781.53,5,56.74,0,0.4331,49914.85,0,15285.1,0
31,46771.36,10.61,11402.06,3,75.0,1,0.5235,16218.21,0,5875.93,1
63,29169.31,8.44,10245.34,11,45.88,1,0.1393,9650.69,0,46187.48,0
61,72284.86,9.01,11253.91,10,74.43,2,0.844,16394.33,0,6463.67,1
39,59264.65,8.08,9200.34,11,67.54,1,0.2193,49343.94,0,5367.68,1
48,26225.46,9.02,21936.31,9,74.9,4,0.3343,4272.44,0,12261.81,1
48,64424.4,9.65,15893.29,10,45.56,0,0.2966,30913.01,0,2846.64,0
53,53619.04,5.63,18704.76,5,82.48,1,0.2411,23474.0,0,5505.08,1
24,69388.39,7.41,118321.11,10,67.22,2,0.1262,16588.46,0,2703.14,1
36,46115.25,15.72,15893.7,6,75.47,0,0.0323,14482.7,0,14526.19,1
29,38346.66,7.71,29204.71,10,42.08,1,0.2051,49222.4,0,27655.34,0
55,38878.96,7.21,31988.34,2,52.12,1,0.5112,29762.49,0,8151.4,1
24,43170.47,7.51,17117.25,4,65.76,1,0.6068,8706.1,0,37106.76,1
46,,5.91,22407.84,3,94.01,2,0.0956,18283.7,0,5583.01,1
56,58786.63,4.82,18300.54,5,80.44,4,0.0529,43035.77,1,7886.54,1
67,50476.57,8.04,21166.47,10,74.08,3,0.0509,26229.66,0,26849.95,0
35,45460.3,4.47,11258.89,2,57.21,1,0.2501,21628.73,0,22860.26,0
21,46955.56,6.27,12121.77,9,54.3,0,0.4306,7229.73,0,18094.99,1
56,170001.85,3.05,18245.34,10,76.43,1,0.1697,90896.38,0,32585.15,1
21,38881.05,7.54,3716.75,9,83.21,0,0.4791,29825.87,1,11456.85,0
24,42787.49,9.92,59574.64,8,75.34,1,0.3936,62727.29,1,15761.58,0
69,242152.46,5.94,101398.49,2,99.35,2,0.2482,22226.13,1,6500.32,1
63,66472.56,0.0,20628.05,8,61.08,1,0.5893,17771.69,0,67920.79,1
55,29557.63,9.95,30653.51,3,74.87,2,0.5454,11465.11,1,8002.92,1
61,80362.08,7.6,42743.53,3,44.91,0,0.2408,35624.35,0,9906.89,0
24,36518.38,2.03,6237.85,11,75.38,2,0.551,51350.99,1,14491.21,0
25,82798.58,10.87,37825.9,8,95.51,0,0.3087,37311.44,0,21875.08,0
35,50018.86,0.01,12797.12,12,55.34,1,0.3177,87299.03,0,21673.62,1
22,45124.49,12.23,112499.77,6,85.47,3,0.4718,19729.43,0,1047.76,0
64,113460.8,6.71,15483.33,5,95.06,0,0.395,11655.21,0,58863.69,1
23,70966.92,0.0,37222.65,12,60.96,2,0.2109,21552.12,0,51098.74,1
47,85215.08,7.89,15605.78,8,79.47,1,0.4319,31602.21,0,37041.8,1
62,66889.84,4.97,104347.43,11,97.27,3,0.2826,14975.79,2,13691.65,0
57,45030.19,4.22,11947.14,1,75.69,2,0.4044,17461.0,0,36886.14,1
32,72417.12,3.31,45715.75,7,84.59,1,0.4672,20906.37,1,15192.05,1
44,94772.58,6.36,29716.85,10,43.62,1,0.0889,25428.58,0,15022.47,0
47,58437.94,4.57,24873.92,10,81.55,0,0.5188,19781.17,0,22494.52,0
58,123726.36,0.0,21619.11,9,80.28,1,0.3716,20863.77,0,19569.7,1
41,80644.65,13.36,10556.71,2,50.78,1,0.2492,28092.62,1,30160.05,1
34,60504.96,5.78,2273.97,7,56.57,0,0.0329,30828.11,0,1730.41,0
59,61590.16,3.34,42516.21,2,81.66,1,0.0443,12728.82,1,11078.67,1
64,58503.69,1.36,12173.97,10,67.16,3,0.687,4977.69,0,3999.08,0
44,31320.59,10.85,45881.04,8,89.79,1,0.1754,8702.52,0,27736.85,0
22,52815.29,0.51,23848.71,3,76.97,0,0.4156,24856.05,0,5279.77,0
45,60756.08,7.67,47020.19,9,72.9,1,0.5541,10791.91,0,9302.32,1
64,45608.54,4.08,34188.38,9,69.27,1,0.6748,21677.12,0,27869.63,0
69,64025.91,4.37,2505.82,1,76.68,2,0.6692,17292.97,0,38953.6,0
40,55529.9,1.48,29438.06,2,84.85,1,0.5808,18863.59,0,26562.97,1
28,77905.34,3.9,13673.11,3,80.54,0,0.1999,25389.09,0,23632.81,0
49,74123.58,7.04,45712.91,1,65.23,4,0.1327,41403.61,1,4122.05,0
61,59296.61,8.18,28885.44,7,91.83,2,0.2039,17791.47,0,4804.17,1
67,29727.94,3.07,29158.52,11,82.52,1,0.1005,8678.88,0,3591.45,0
23,123119.87,6.55,14477.24,1,78.16,2,0.0659,22377.51,0,4639.07,1
35,51597.97,11.44,8673.62,8,73.47,5,0.5889,29649.32,0,13836.02,0
44,53034.06,0.0,12731.28,6,80.0,4,0.1506,3716.6,0,29662.47,0
25,47143.63,6.97,4265.07,11,42.69,2,0.134,10856.26,0,29566.82,1
64,44148.01,2.25,11224.48,6,75.86,2,0.5755,18372.2,0,2267.11,1
26,110184.84,1.74,5579.19,9,98.24,3,0.2827,12860.51,1,11613.86,0
53,102622.08,8.31,5698.36,12,75.52,0,0.5718,19776.49,0,9377.24,1
66,67175.61,4.27,19757.93,2,73.34,1,0.478,11629.17,0,1490.92,1
54,52402.7,0.92,27594.35,4,62.47,2,0.4513,34685.65,0,25325.09,0
58,72670.55,13.62,17547.95,4,79.88,2,0.2369,18659.29,0,24697.37,0
33,56857.14,11.6,12077.44,3,68.88,0,0.3134,5106.59,0,6944.74,1
61,50487.86,0.0,8435.47,8,92.95,2,0.4601,30034.39,0,9082.34,1
41,64038.27,0.0,13965.88,1,58.18,0,0.414,31399.86,0,13678.82,1
24,45096.84,9.97,,5,64.76,1,0.1327,17535.67,1,17414.78,1
38,61611.72,5.58,17117.6,2,62.39,0,0.4762,4966.97,1,6693.07,0
38,60294.0,14.5,5328.91,8,100.0,1,0.3599,33843.33,0,5538.67,1
46,72143.3,10.08,31545.34,10,68.96,2,0.8778,8801.83,0,4516.02,1
33,41625.86,8.5,11435.78,6,63.23,1,0.3087,13977.7,0,45830.04,0
43,75708.81,1.89,24321.9,6,38.55,0,0.2053,12042.72,0,35964.06,0
41,36579.68,9.46,36603.7,6,57.42,1,0.1593,6571.25,1,4489.57,0
37,42507.4,0.62,23398.42,3,80.45,2,0.5647,18077.43,0,5358.52,1
55,43350.44,13.53,34112.82,5,80.38,2,0.524,20744.78,0,4619.86,1
35,33950.71,9.11,3445.47,12,61.58,1,0.6511,19487.03,0,3153.17,0
58,86867.26,2.88,12134.91,1,62.47,4,0.2276,15546.57,1,69467.28,1
33,35561.36,11.02,43503.14,10,100.0,1,0.6094,10685.52,0,6196.56,1
63,40157.97,18.21,27051.85,2,100.0,1,0.2209,50337.02,1,23772.03,0
38,96763.19,5.91,78975.87,2,90.4,0,0.3993,20493.53,0,8847.71,1
22,42545.37,9.75,70377.68,4,96.95,1,0.1648,9351.43,0,9848.78,0
28,50535.14,4.84,22875.02,4,100.0,1,0.4055,24500.4,1,9252.1,1
60,34880.23,7.43,14713.84,4,100.0,2,0.3643,23230.59,1,16704.11,0
63,80010.77,0.0,8361.36,11,67.17,2,0.9119,27690.98,0,10160.86,0
31,80508.64,7.0,12301.55,11,57.95,1,0.3466,17598.6,0,23471.4,1
50,76696.71,7.22,12984.73,9,100.0,0,0.1849,11640.99,0,33948.52,0
49,70050.86,15.99,11198.42,2,56.57,0,0.4176,6901.68,0,6866.23,1
27,56851.82,0.0,8633.95,12,55.54,1,0.3851,12418.21,0,14421.01,0
43,43439.26,5.6,24819.58,11,55.91,2,0.471,5645.95,0,2758.3,0
54,38114.58,13.44,69943.2,1,69.9,1,0.5711,22218.65,0,7501.12,1
68,98277.06,5.79,37976.87,5,40.25,2,0.1846,5847.78,0,12198.55,0
62,77594.39,6.14,13907.6,10,49.07,2,0.0578,14034.98,1,10032.08,1
25,40259.51,2.83,40511.86,2,62.04,1,0.3383,29983.47,0,10879.84,0
32,55994.72,2.34,23752.61,1,52.87,2,0.6249,15194.2,1,19103.61,0
42,48051.89,0.0,17423.3,8,89.0,0,0.294,17270.6,0,23051.88,1
28,33103.48,3.85,16574.64,5,72.11,2,0.2189,24552.3,0,1770.97,1
48,59577.4,2.05,15339.32,6,81.23,0,0.2107,25782.25,0,14148.41,1
21,45620.7,7.59,30302.33,10,79.48,1,0.6085,37222.25,0,9039.46,1
26,35826.64,3.06,20127.92,7,68.69,0,0.3686,26701.17,0,7778.06,0
23,28267.81,4.6,10050.61,9,87.81,2,0.4514,23123.38,0,42151.57,0
35,27211.01,4.74,9668.66,2,79.23,1,0.3809,4560.15,0,2469.03,0
58,46534.38,6.76,22990.82,1,66.91,0,0.2376,21317.61,1,11439.2,0
29,52933.71,4.36,25363.03,4,45.06,0,0.1628,57476.18,1,43816.69,0
69,37093.73,1.69,14011.32,3,80.33,2,0.302,28319.65,0,12803.13,1
34,73712.02,7.43,7277.35,4,51.82,1,0.1896,35485.45,0,5103.94,0
23,53401.41,12.34,48966.87,10,78.08,0,0.3487,11227.61,1,9876.53,0
37,71302.51,7.64,41316.23,2,73.26,0,0.4616,17152.94,0,59081.44,1
57,50654.26,3.95,3671.02,2,50.23,2,0.4232,26724.25,0,34454.62,1
26,38595.29,6.38,52564.35,3,76.13,0,0.3314,24544.55,0,7528.5,0
24,57898.19,0.0,15228.84,4,75.06,2,0.2756,31294.58,1,47765.23,0
62,31159.83,6.3,20954.67,3,75.12,3,0.2313,8136.38,0,21294.23,1
50,70111.06,5.0,44743.68,3,74.35,0,0.29,10331.54,0,1217.51,1
37,36075.57,2.33,67518.58,7,61.56,1,0.5327,7276.98,0,10906.64,1
58,83140.99,3.24,40151.67,2,81.47,1,0.4545,21572.68,2,62028.16,1
62,47229.94,4.95,21828.06,2,61.0,3,0.586,15788.32,1,10421.49,1
38,88718.93,11.96,5988.61,11,54.81,1,0.2349,15708.0,0,47157.43,0
48,33186.82,12.46,3558.67,1,82.79,0,0.6392,11177.6,0,3299.78,0
21,40541.93,2.36,,1,86.98,1,0.3865,9973.73,1,3694.74,0
36,65284.45,4.41,52667.37,1,81.7,1,0.5892,18023.31,0,33255.51,1
50,93135.64,4.54,9380.71,7,68.68,1,0.3185,39076.58,0,25836.93,1
30,116431.97,11.05,14505.79,9,40.97,2,0.4322,53922.77,0,11721.19,0
69,56033.4,7.73,11525.47,9,95.71,1,0.669,54055.75,2,26229.58,1
68,125752.88,7.46,11282.49,9,40.72,2,0.3608,12967.87,1,7039.32,0
33,48278.39,9.68,42535.57,1,81.38,1,0.6388,7863.69,1,4354.45,0
40,90177.38,4.02,21435.97,5,100.0,3,0.5274,33413.58,1,16995.18,1
30,35993.98,13.82,14984.69,8,74.39,2,0.1938,43930.27,0,9269.09,1
45,66448.25,6.99,150000.0,9,76.66,1,0.055,24111.71,0,17460.17,0
27,19174.31,2.72,5713.52,5,78.07,0,0.5305,17713.0,0,14449.98,1
40,33202.24,5.85,27902.06,11,75.17,0,0.2992,11606.46,0,8875.29,0
48,67852.6,13.16,7777.14,11,100.0,2,0.3619,27501.95,0,65411.72,1
50,30469.79,4.87,15869.87,10,58.51,0,0.266,26933.5,0,4716.06,1
50,66650.36,11.75,20272.85,10,56.5,1,0.1432,21943.29,0,13772.19,1
31,82701.63,3.87,35376.52,12,66.76,1,0.5766,8296.67,0,11034.11,0
59,43892.31,3.17,14605.91,10,99.85,1,0.1631,8978.8,1,15823.83,0
54,35562.95,10.3,13420.9,8,62.77,1,0.2679,16854.77,1,12514.62,0
57,44431.52,2.63,14398.21,5,78.88,2,0.3231,37325.9,2,31710.83,0
43,35613.25,11.11,7586.8,5,89.14,1,0.4848,34026.73,0,15899.67,0
64,52551.16,8.76,29851.04,10,84.46,2,0.4283,13612.72,0,6681.27,0
40,57585.68,2.63,22543.33,4,88.29,2,0.2945,5010.61,0,4762.51,0
60,47924.59,6.64,25495.62,8,94.69,2,0.5417,45835.08,0,6004.21,1
30,116838.76,4.26,17025.93,7,76.93,0,0.1283,42905.76,2,5771.72,0
33,39789.44,8.74,15426.23,5,64.69,1,0.5867,19631.18,0,22101.52,0
46,102871.24,16.44,46101.8,6,74.36,1,0.2666,13321.54,1,11140.36,0
48,34424.74,5.15,40764.07,1,66.58,1,0.3373,14517.21,0,17130.15,1
57,56831.06,9.67,55824.47,9,100.0,0,0.1724,34541.63,0,3473.15,0
35,93665.57,7.12,24250.74,1,63.48,0,0.1036,26211.49,0,9030.46,0
63,91509.6,7.12,53117.32,1,79.73,1,0.0862,13339.98,0,18536.29,0
37,45522.97,6.17,12903.59,4,47.99,1,0.389,84057.68,1,30597.2,1
47,70605.96,2.71,15328.14,7,74.13,2,0.2203,6168.05,0,3152.18,1
66,66477.52,8.68,46826.64,4,67.41,1,0.3803,11813.72,1,49207.43,1
47,43136.11,5.56,35343.31,11,82.81,1,0.1942,12000.01,0,43894.64,1
54,72567.03,2.48,14267.89,12,83.23,1,0.3812,19387.21,0,29989.89,1
65,127161.08,12.07,7794.09,5,94.67,0,0.4028,39766.86,0,37479.13,1
68,68006.17,7.5,15290.02,12,93.4,1,0.5798,32150.88,1,8537.08,0
45,70965.48,5.86,10406.98,2,70.94,1,0.6663,19669.3,4,5853.4,0
41,74425.82,13.7,71519.81,2,56.89,0,0.4504,7109.2,1,12952.98,1
30,28499.7,0.0,33062.65,5,58.77,1,0.4676,35127.38,0,15734.48,1
47,67655.88,13.36,9753.57,12,76.84,0,0.1699,8131.21,1,6836.24,1
65,34806.06,2.6,7801.99,7,74.52,0,0.2567,13586.8,0,20394.15,0
44,42177.38,8.06,9657.37,9,76.13,2,0.3402,17072.84,2,42670.53,0
38,145504.5,4.06,11511.1,8,63.44,0,0.4204,10228.13,0,26863.44,0
26,49075.77,2.38,15752.69,6,95.0,1,0.1365,10089.57,0,12521.05,1
40,39419.27,13.57,43904.15,12,48.44,2,0.3577,33486.05,1,1334.44,0
32,92387.84,16.28,8307.5,12,62.55,3,0.1571,49814.97,1,3011.9,0
68,35905.07,5.89,112392.99,6,54.77,1,0.438,17091.61,0,11026.35,0
46,44969.95,8.68,8463.24,9,68.66,0,0.3054,5181.29,0,21387.33,1
27,96486.84,7.28,5830.68,8,91.95,1,0.2893,21905.72,0,3336.76,1
24,56068.75,15.65,69478.38,8,67.4,0,0.553,11057.15,1,13081.63,0
62,27238.04,0.0,51799.28,2,73.62,2,0.3771,23168.19,0,22762.82,1
66,70254.79,8.89,15556.72,3,82.63,1,0.178,22136.18,0,11319.42,1
58,46012.98,3.36,24420.86,12,66.63,0,0.2324,4822.3,0,6860.75,1
27,109976.46,0.0,24918.91,3,78.12,3,0.4418,13696.04,0,3160.05,1
25,41869.14,5.2,20080.35,8,76.01,1,0.1896,27710.8,1,24051.56,1
30,88268.64,16.24,6380.13,11,53.91,3,0.4027,16863.32,0,6658.54,0
57,122290.25,3.72,2471.43,8,64.57,2,0.3126,8355.45,1,52804.08,1
58,37502.54,10.95,9157.66,3,77.67,0,0.5013,28496.48,1,14073.08,1
62,50419.97,12.99,76960.73,11,92.52,4,0.7097,5609.95,1,16730.44,1
25,65510.77,6.94,79416.21,1,92.5,1,0.6189,21204.16,0,25388.49,0
28,37394.65,7.6,14598.26,9,100.0,0,0.3702,12342.34,0,8644.65,0
65,62113.66,0.0,8364.53,4,79.77,0,0.4636,24390.9,0,18316.75,1
66,49705.67,3.42,22485.46,8,65.39,5,0.3261,15343.34,1,6712.04,0
56,49257.06,11.54,25573.5,6,70.98,1,0.3458,25297.22,0,5837.86,1
26,56224.66,7.3,29106.09,7,70.18,2,0.3138,46672.47,0,5283.63,0
24,56792.39,8.84,2383.93,5,65.47,0,0.6834,29262.97,0,7726.16,1
23,59209.35,7.67,150000.0,7,78.13,2,0.2974,28893.94,0,76519.14,0
54,42008.05,17.96,44538.39,12,78.87,2,0.3575,27069.68,2,5320.25,1
62,42841.44,4.85,15364.82,10,53.22,2,0.3041,5412.11,0,20849.11,1
51,52141.9,15.03,10130.89,6,89.41,2,0.1748,19043.77,1,9782.76,0
33,53903.33,7.67,39654.97,12,42.61,0,0.3339,21740.44,0,4316.7,0
58,45143.71,15.47,26754.09,11,68.44,3,0.6201,26506.32,0,24463.97,1
23,63631.33,0.88,19377.06,8,90.39,0,0.3112,16965.89,0,7627.92,1
61,24305.2,7.92,25972.53,8,81.72,1,0.3336,29703.52,0,8030.46,0
64,39591.85,5.03,16447.87,1,66.29,2,0.2272,9200.14,0,31806.12,1
56,48490.39,7.7,24825.26,7,100.0,1,0.5345,72626.89,0,9478.28,1
64,37415.36,13.11,32183.76,3,64.96,2,0.3334,26605.99,3,14678.9,0
49,114488.26,8.89,23689.34,2,39.97,0,0.0439,9451.19,0,11703.78,1
43,55468.82,13.1,22716.9,11,79.24,0,0.3154,46488.28,0,11027.15,0
36,59553.77,3.65,54853.16,4,43.54,1,0.4075,8241.54,1,3659.14,1
66,44251.06,2.89,5016.27,8,58.7,3,0.341,18119.45,1,25972.78,0
55,54610.85,7.08,9507.36,11,81.96,2,0.6125,19513.62,0,14653.74,1
30,31831.91,6.81,18386.57,8,64.63,2,0.0358,13510.06,0,24960.97,0
67,50953.61,6.07,10039.0,10,81.29,2,0.4036,16525.57,2,13312.43,0
23,36077.86,2.21,13112.23,10,53.47,2,0.6002,18814.9,0,31044.66,0
49,48545.5,12.99,50428.94,6,85.74,1,0.25,8491.38,1,13754.41,0
30,,5.19,15977.72,12,44.94,3,0.2953,21796.05,0,41259.92,0
53,33106.57,14.13,4166.19,11,93.1,2,0.2992,18037.77,0,5311.78,0
41,106282.44,7.06,12828.87,5,64.39,1,0.1749,70184.08,1,5890.68,0
42,79918.88,10.24,18856.59,10,96.5,0,0.1493,50861.32,1,59936.34,1
53,99573.98,9.79,18580.7,3,58.55,2,0.3869,10774.14,0,25260.81,1
58,102699.55,2.88,28084.05,2,100.0,0,0.335,16307.95,0,64323.5,0
39,74453.71,8.84,26308.25,7,56.68,1,0.3683,11076.45,0,20833.04,1
69,44859.81,16.64,16107.92,8,43.3,2,0.5225,15057.27,0,9343.14,1
45,34486.58,8.26,6930.56,8,72.69,1,0.1895,32852.11,0,64424.08,1
28,92145.45,11.51,12647.51,10,91.74,0,0.1533,16752.57,0,2335.55,1
21,56621.5,10.47,10936.99,5,84.65,5,0.3149,12693.33,0,24650.7,0
30,168956.87,8.54,14329.05,10,90.61,2,0.2829,27499.33,0,1220.18,1
54,46667.08,7.93,31290.25,11,84.97,1,0.3034,4639.97,1,46549.98,0
47,133638.22,9.74,24869.79,2,58.88,1,0.1161,13734.47,0,4758.96,1
37,51253.14,10.82,34798.57,6,84.26,1,0.4566,46963.04,0,9109.6,0
44,100339.06,0.24,13238.18,3,73.49,1,0.3645,48554.26,0,5025.93,1
62,118018.86,8.24,60163.17,8,60.64,0,0.3004,44885.32,1,20447.15,0
49,34709.23,6.08,30834.76,5,74.87,3,0.6431,7602.56,0,10161.44,0
23,44215.88,5.04,19690.96,4,71.1,2,0.3139,7562.79,0,41629.44,0
23,34552.94,13.48,29167.32,4,,0,0.4287,12740.3,1,6631.2,0
44,31622.16,3.33,10483.09,5,63.76,0,0.4931,18158.66,0,4146.08,1
40,74255.61,0.03,3331.32,2,63.01,0,0.3652,10775.11,1,7854.95,1
62,50342.54,10.98,11078.59,2,60.82,1,0.3625,5550.82,1,52407.07,1
49,56311.46,0.0,32731.48,8,100.0,1,0.0942,34461.98,1,30680.68,0
58,70643.13,0.0,19192.98,12,61.72,2,0.3542,30667.15,0,33986.48,0
49,23843.44,11.54,16133.6,7,92.75,0,0.6127,11903.79,0,7307.61,0
37,98138.32,7.79,9134.88,12,55.5,0,0.425,29629.1,0,3658.95,0
53,,9.36,3764.86,2,80.11,1,0.1348,34841.25,0,43135.41,0
51,69889.38,4.79,56274.88,12,76.2,1,0.5571,3402.29,0,3473.38,1
56,72722.73,0.08,15242.02,8,91.73,0,0.3076,28241.48,1,12066.01,1
30,101920.35,1.07,12765.44,9,89.41,0,0.3807,17249.1,0,6594.78,1
52,52465.06,5.64,10517.65,1,73.31,2,0.2187,3099.13,0,12842.57,1
34,21151.19,0.64,49106.42,8,63.41,0,0.7199,36711.65,1,2576.98,0
59,56432.24,8.54,36432.18,5,98.0,2,0.2162,19029.21,1,25804.12,1
60,60198.73,4.69,8302.7,11,61.81,1,0.4554,5888.74,0,41196.8,0
51,34533.01,7.93,45695.79,10,35.72,1,0.443,23774.69,0,30727.11,1
67,58774.26,7.78,16027.65,11,42.26,0,0.2405,20431.45,0,4408.05,0
47,46752.83,8.93,11044.56,11,46.16,0,0.1078,26284.01,0,17738.37,0
22,30056.95,9.5,14231.84,9,81.53,4,0.2569,4648.17,0,10285.62,1
50,74403.38,5.28,9618.94,3,100.0,1,0.7822,14585.58,0,11992.92,0
59,42676.86,7.92,6256.81,4,39.36,1,0.5179,9059.71,1,53428.39,0
25,45808.17,8.18,33490.99,11,59.48,0,0.102,16059.46,0,8111.31,0
26,44664.22,0.0,15086.61,8,73.42,4,0.4895,5482.84,0,22115.87,0
34,95899.29,10.23,29492.6,11,96.73,5,0.4934,8234.81,0,2495.13,1
62,53996.59,7.75,22649.61,10,59.39,1,0.1671,52879.95,1,12802.96,0
46,56992.98,9.82,27916.13,8,81.45,2,0.1839,40586.45,0,27736.81,0
68,45107.43,0.57,3502.87,2,68.0,2,0.5492,35534.62,0,10482.43,0
63,67736.37,5.42,8997.65,12,100.0,0,0.4025,50394.21,0,20868.4,1
48,100940.0,1.54,28385.08,3,74.31,1,0.1972,4863.1,0,5785.74,1
54,73616.6,10.72,6491.59,3,77.69,2,0.0748,17300.49,1,7887.64,1
37,74920.18,0.0,24259.88,2,73.35,2,0.4269,21351.6,1,10630.24,0
25,72250.32,2.36,5916.87,1,65.37,1,0.4638,13724.51,1,7364.47,1
40,29554.14,9.67,18238.36,5,87.2,3,0.3523,4892.89,0,26935.68,0
50,37080.07,3.85,65259.01,11,53.46,1,0.4439,33412.0,0,32095.8,1
29,50153.53,2.36,33450.0,11,39.97,1,0.5025,27739.34,0,21494.73,1
31,39673.93,11.53,,6,69.6,0,0.4625,11657.0,0,1229.34,1
21,34065.72,11.74,35483.54,4,85.05,2,0.3441,32533.97,0,9012.6,1
56,23685.29,10.61,77336.21,5,62.71,3,0.4298,19636.79,0,25605.18,1
65,30005.93,11.24,150000.0,12,74.98,1,0.1258,28051.59,1,10357.14,1
61,49003.74,5.84,26322.72,1,52.47,2,0.5078,9490.48,0,9820.65,1
39,53308.26,5.98,6042.61,1,89.0,0,0.2693,21272.94,0,27842.78,0
50,38492.33,3.76,25485.61,1,82.43,1,0.4772,21431.03,0,29159.21,1
68,56988.5,7.84,64534.41,11,72.32,0,0.2246,15306.98,0,20564.84,1
49,45245.72,4.36,15497.85,2,74.7,1,0.5821,2769.4,0,3143.44,1
35,89845.48,4.83,41465.38,12,49.7,2,0.6776,20299.68,0,4383.4,0
37,51141.77,10.0,9195.27,3,50.42,1,0.1284,21290.3,0,17096.24,1
56,75239.93,12.92,24246.07,7,70.05,1,0.1966,9285.29,0,1845.44,1
42,60266.68,8.99,2456.43,12,80.22,3,0.6638,26868.56,1,52495.0,0
62,29265.26,15.97,8415.74,2,81.03,0,0.3434,21362.48,1,13564.2,0
63,52801.36,3.47,17912.08,4,66.19,3,0.3283,23975.33,0,6367.83,1
22,31541.44,0.0,13459.52,9,83.93,1,0.1135,13820.45,0,7437.33,0
56,52388.07,10.57,6359.04,10,94.73,2,0.2104,5442.54,1,35560.33,1
39,39331.44,3.14,12069.08,11,70.58,2,0.1698,5527.59,0,3862.17,1
46,65314.66,5.63,23431.84,1,76.95,0,0.3534,29125.64,0,2125.93,0
33,30062.36,0.0,,10,68.67,2,0.5262,8370.01,0,4908.55,0
39,55365.08,2.5,18899.24,4,69.98,0,0.5546,10296.07,0,15653.91,1
37,71159.24,0.0,32328.42,7,74.71,1,0.2761,32398.41,1,50741.16,1
23,82743.97,4.83,13678.72,11,99.25,1,0.2383,4034.47,1,35889.26,1
59,38995.95,5.03,53394.84,11,86.64,1,0.6106,5846.23,0,8102.44,1
28,55441.1,7.45,8157.64,3,85.2,1,0.4542,31273.13,1,15482.3,0
39,59751.8,13.2,84164.55,6,64.74,0,0.4748,19094.04,0,16412.91,1
30,110337.08,10.38,43851.23,4,57.63,1,0.3795,4459.0,0,14649.06,0
28,28239.87,0.0,13538.99,8,78.23,0,0.5137,13232.19,1,2039.02,0
39,36500.9,10.04,14280.81,10,91.9,3,0.4311,20359.83,0,9047.57,0
66,194287.94,7.56,21237.32,4,99.57,3,0.1077,8323.0,1,24436.03,1
67,48639.67,6.51,29058.43,2,32.76,1,0.3204,6541.64,0,64329.9,1
39,23485.56,6.89,43207.34,1,100.0,1,0.5005,5519.79,0,17164.82,1
45,42316.86,8.02,6158.9,1,78.67,3,0.0853,32551.56,1,32089.42,1
69,15821.03,3.54,25542.04,5,86.54,1,0.5872,37362.94,2,26560.65,0
32,61298.02,6.09,3310.7,12,44.16,1,0.3398,30528.45,1,8524.78,0
67,79181.0,12.92,15619.68,4,68.21,0,0.308,42648.18,0,3606.93,1
26,36491.71,3.48,57598.8,5,85.17,2,0.4985,44109.16,0,33228.95,0
32,44500.81,1.85,5790.88,9,53.2,1,0.6391,6228.58,0,63568.23,1
37,83344.08,6.69,5007.72,8,25.79,2,0.1312,36280.43,0,8205.97,0
22,25021.52,1.35,21477.54,4,77.37,2,0.443,19470.82,0,35068.6,0
60,30344.83,0.0,,2,71.2,1,0.5366,68037.45,0,13739.39,1
62,49634.26,5.28,23352.13,2,95.06,2,0.1643,100000.0,0,3466.31,1
39,39204.15,14.24,3922.3,3,69.44,3,0.2924,15696.44,0,12516.76,0
61,48187.18,6.81,4682.67,2,70.61,1,0.3816,14539.69,0,7195.17,0
58,31144.75,7.89,19464.04,6,83.16,1,0.5426,13760.16,0,17875.27,1
60,60568.46,0.0,7007.48,8,,5,0.1328,18929.38,0,17190.44,0
60,51427.77,9.19,20079.93,9,60.66,1,0.0965,21173.46,1,6715.09,1
49,70419.41,7.47,21055.63,11,87.11,2,0.6541,100000.0,1,3697.65,1
26,60190.41,3.68,12165.03,4,63.65,1,0.2345,19897.41,1,7945.37,1
66,60361.03,7.9,,8,72.26,0,0.4155,13324.85,0,48410.51,0
50,28688.46,7.85,28868.34,11,82.73,1,0.3031,18165.75,0,4172.35,1
65,68648.51,1.7,47448.48,1,85.52,2,0.3766,10103.71,0,23036.0,0
67,47391.52,8.66,37593.73,10,77.09,0,0.2393,5560.58,0,20564.91,0
30,51027.46,12.99,15963.63,2,54.71,1,0.2749,16228.59,0,7303.48,0
40,88151.08,5.86,15406.88,7,42.08,2,0.0782,92181.65,1,5619.37,0
30,39788.87,2.66,14186.29,10,68.99,2,0.1556,33522.97,0,20480.16,1
23,101024.81,6.11,31039.28,6,87.54,1,0.312,12866.02,0,11701.26,0
68,105356.21,11.27,10698.24,7,79.2,1,0.2401,23011.83,0,7628.19,0
66,77175.82,0.87,71550.11,8,75.87,3,0.3493,100000.0,0,18345.14,1
66,35376.71,9.89,9911.31,7,71.89,0,0.1816,20689.2,1,51848.53,0
64,20563.16,3.61,21369.23,9,76.95,2,0.3856,9653.03,0,36620.29,1
52,89372.13,8.21,14985.86,11,56.09,1,0.4184,18884.28,2,13471.26,0
46,57827.04,4.18,,2,84.48,3,0.1289,28210.59,0,572.75,1
69,39330.26,4.16,102334.74,5,85.54,1,0.4533,24095.42,0,9679.26,0
48,93264.19,14.62,12668.62,11,66.32,0,0.3161,49764.34,1,4862.52,0
52,37323.82,0.0,14105.92,5,78.99,0,0.2324,19302.51,1,9991.63,0
31,45443.21,9.43,10581.05,6,44.54,1,0.3007,3491.26,1,8763.48,1
57,69653.56,15.66,18600.79,9,74.88,1,0.5704,25043.52,0,9030.98,1
61,33321.8,10.43,16598.74,12,69.87,0,0.3486,23879.91,0,31617.37,0
54,52356.01,0.34,7351.98,4,92.15,2,0.1989,22816.16,0,9776.25,0
45,89787.42,0.59,12818.33,12,68.82,5,0.1496,9938.14,0,9400.86,1
